2026-03-08T00:03:09.216+07:00  INFO 20316 --- [ielts] [Thread-1] com.zaxxer.hikari.HikariDataSource       : HikariPool-1 - Shutdown initiated...
2026-03-08T00:03:09.226+07:00  INFO 20316 --- [ielts] [Thread-1] com.zaxxer.hikari.HikariDataSource       : HikariPool-1 - Shutdown completed.
2026-03-08T00:03:09.301+07:00  INFO 20316 --- [ielts] [restartedMain] com.ddhva.ielts.IeltsApplication         : Starting IeltsApplication using Java 22.0.2 with PID 20316 (D:\DDHVA\Backend\ielts\target\classes started by Admin in D:\DDHVA\Backend\ielts)
2026-03-08T00:03:09.301+07:00 DEBUG 20316 --- [ielts] [restartedMain] com.ddhva.ielts.IeltsApplication         : Running with Spring Boot v4.0.2, Spring v7.0.3
2026-03-08T00:03:09.301+07:00  INFO 20316 --- [ielts] [restartedMain] com.ddhva.ielts.IeltsApplication         : No active profile set, falling back to 1 default profile: "default"
2026-03-08T00:03:09.777+07:00  INFO 20316 --- [ielts] [restartedMain] o.apache.catalina.core.StandardService   : Starting service [Tomcat]
2026-03-08T00:03:09.777+07:00  INFO 20316 --- [ielts] [restartedMain] o.apache.catalina.core.StandardEngine    : Starting Servlet engine: [Apache Tomcat/11.0.15]
2026-03-08T00:03:09.857+07:00 DEBUG 20316 --- [ielts] [restartedMain] com.ddhva.ielts.util.JWTFilter           : Filter 'JWTFilter' configured for use
2026-03-08T00:03:09.901+07:00  INFO 20316 --- [ielts] [restartedMain] org.hibernate.orm.jpa                    : HHH008540: Processing PersistenceUnitInfo [name: default]
2026-03-08T00:03:09.930+07:00  INFO 20316 --- [ielts] [restartedMain] com.zaxxer.hikari.HikariDataSource       : HikariPool-2 - Starting...
2026-03-08T00:03:09.946+07:00  INFO 20316 --- [ielts] [restartedMain] com.zaxxer.hikari.pool.HikariPool        : HikariPool-2 - Added connection com.mysql.cj.jdbc.ConnectionImpl@7d8ca562
2026-03-08T00:03:09.948+07:00  INFO 20316 --- [ielts] [restartedMain] com.zaxxer.hikari.HikariDataSource       : HikariPool-2 - Start completed.
2026-03-08T00:03:09.949+07:00  WARN 20316 --- [ielts] [restartedMain] org.hibernate.orm.deprecation            : HHH90000025: MySQLDialect does not need to be specified explicitly using 'hibernate.dialect' (remove the property setting and it will be selected by default)
2026-03-08T00:03:09.950+07:00  INFO 20316 --- [ielts] [restartedMain] org.hibernate.orm.connections.pooling    : HHH10001005: Database info:
	Database JDBC URL [jdbc:mysql://localhost:3306/db_ielts]
	Database driver: MySQL Connector/J
	Database dialect: MySQLDialect
	Database version: 8.0.37
	Default catalog/schema: db_ielts/undefined
	Autocommit mode: undefined/unknown
	Isolation level: REPEATABLE_READ [default REPEATABLE_READ]
	JDBC fetch size: none
	Pool: DataSourceConnectionProvider
	Minimum pool size: undefined/unknown
	Maximum pool size: undefined/unknown
2026-03-08T00:03:10.167+07:00  INFO 20316 --- [ielts] [restartedMain] org.hibernate.orm.core                   : HHH000489: No JTA platform available (set 'hibernate.transaction.jta.platform' to enable JTA platform integration)
2026-03-08T00:03:10.349+07:00  WARN 20316 --- [ielts] [restartedMain] JpaBaseConfiguration$JpaWebConfiguration : spring.jpa.open-in-view is enabled by default. Therefore, database queries may be performed during view rendering. Explicitly configure spring.jpa.open-in-view to disable this warning
2026-03-08T00:03:10.719+07:00  INFO 20316 --- [ielts] [restartedMain] com.ddhva.ielts.IeltsApplication         : Started IeltsApplication in 1.44 seconds (process running for 853.147)
2026-03-08T00:03:12.107+07:00  INFO 20316 --- [ielts] [Thread-5] com.zaxxer.hikari.HikariDataSource       : HikariPool-2 - Shutdown initiated...
2026-03-08T00:03:12.109+07:00  INFO 20316 --- [ielts] [Thread-5] com.zaxxer.hikari.HikariDataSource       : HikariPool-2 - Shutdown completed.
2026-03-08T00:03:12.216+07:00  INFO 20316 --- [ielts] [restartedMain] com.ddhva.ielts.IeltsApplication         : Starting IeltsApplication using Java 22.0.2 with PID 20316 (D:\DDHVA\Backend\ielts\target\classes started by Admin in D:\DDHVA\Backend\ielts)
2026-03-08T00:03:12.218+07:00 DEBUG 20316 --- [ielts] [restartedMain] com.ddhva.ielts.IeltsApplication         : Running with Spring Boot v4.0.2, Spring v7.0.3
2026-03-08T00:03:12.219+07:00  INFO 20316 --- [ielts] [restartedMain] com.ddhva.ielts.IeltsApplication         : No active profile set, falling back to 1 default profile: "default"
2026-03-08T00:03:12.670+07:00  INFO 20316 --- [ielts] [restartedMain] o.apache.catalina.core.StandardService   : Starting service [Tomcat]
2026-03-08T00:03:12.672+07:00  INFO 20316 --- [ielts] [restartedMain] o.apache.catalina.core.StandardEngine    : Starting Servlet engine: [Apache Tomcat/11.0.15]
2026-03-08T00:03:12.743+07:00 DEBUG 20316 --- [ielts] [restartedMain] com.ddhva.ielts.util.JWTFilter           : Filter 'JWTFilter' configured for use
2026-03-08T00:03:12.784+07:00  INFO 20316 --- [ielts] [restartedMain] org.hibernate.orm.jpa                    : HHH008540: Processing PersistenceUnitInfo [name: default]
2026-03-08T00:03:12.818+07:00  INFO 20316 --- [ielts] [restartedMain] com.zaxxer.hikari.HikariDataSource       : HikariPool-3 - Starting...
2026-03-08T00:03:12.834+07:00  INFO 20316 --- [ielts] [restartedMain] com.zaxxer.hikari.pool.HikariPool        : HikariPool-3 - Added connection com.mysql.cj.jdbc.ConnectionImpl@1159d79e
2026-03-08T00:03:12.834+07:00  INFO 20316 --- [ielts] [restartedMain] com.zaxxer.hikari.HikariDataSource       : HikariPool-3 - Start completed.
2026-03-08T00:03:12.835+07:00  WARN 20316 --- [ielts] [restartedMain] org.hibernate.orm.deprecation            : HHH90000025: MySQLDialect does not need to be specified explicitly using 'hibernate.dialect' (remove the property setting and it will be selected by default)
2026-03-08T00:03:12.836+07:00  INFO 20316 --- [ielts] [restartedMain] org.hibernate.orm.connections.pooling    : HHH10001005: Database info:
	Database JDBC URL [jdbc:mysql://localhost:3306/db_ielts]
	Database driver: MySQL Connector/J
	Database dialect: MySQLDialect
	Database version: 8.0.37
	Default catalog/schema: db_ielts/undefined
	Autocommit mode: undefined/unknown
	Isolation level: REPEATABLE_READ [default REPEATABLE_READ]
	JDBC fetch size: none
	Pool: DataSourceConnectionProvider
	Minimum pool size: undefined/unknown
	Maximum pool size: undefined/unknown
2026-03-08T00:03:13.030+07:00  INFO 20316 --- [ielts] [restartedMain] org.hibernate.orm.core                   : HHH000489: No JTA platform available (set 'hibernate.transaction.jta.platform' to enable JTA platform integration)
2026-03-08T00:03:13.172+07:00  WARN 20316 --- [ielts] [restartedMain] JpaBaseConfiguration$JpaWebConfiguration : spring.jpa.open-in-view is enabled by default. Therefore, database queries may be performed during view rendering. Explicitly configure spring.jpa.open-in-view to disable this warning
2026-03-08T00:03:13.507+07:00  INFO 20316 --- [ielts] [restartedMain] com.ddhva.ielts.IeltsApplication         : Started IeltsApplication in 1.35 seconds (process running for 855.937)
2026-03-08T00:04:22.141+07:00  INFO 20316 --- [ielts] [Thread-9] com.zaxxer.hikari.HikariDataSource       : HikariPool-3 - Shutdown initiated...
2026-03-08T00:04:22.144+07:00  INFO 20316 --- [ielts] [Thread-9] com.zaxxer.hikari.HikariDataSource       : HikariPool-3 - Shutdown completed.
2026-03-08T00:04:22.195+07:00  INFO 20316 --- [ielts] [restartedMain] com.ddhva.ielts.IeltsApplication         : Starting IeltsApplication using Java 22.0.2 with PID 20316 (D:\DDHVA\Backend\ielts\target\classes started by Admin in D:\DDHVA\Backend\ielts)
2026-03-08T00:04:22.195+07:00 DEBUG 20316 --- [ielts] [restartedMain] com.ddhva.ielts.IeltsApplication         : Running with Spring Boot v4.0.2, Spring v7.0.3
2026-03-08T00:04:22.196+07:00  INFO 20316 --- [ielts] [restartedMain] com.ddhva.ielts.IeltsApplication         : No active profile set, falling back to 1 default profile: "default"
2026-03-08T00:04:22.420+07:00  INFO 20316 --- [ielts] [restartedMain] o.apache.catalina.core.StandardService   : Starting service [Tomcat]
2026-03-08T00:04:22.421+07:00  INFO 20316 --- [ielts] [restartedMain] o.apache.catalina.core.StandardEngine    : Starting Servlet engine: [Apache Tomcat/11.0.15]
2026-03-08T00:04:22.452+07:00 DEBUG 20316 --- [ielts] [restartedMain] com.ddhva.ielts.util.JWTFilter           : Filter 'JWTFilter' configured for use
2026-03-08T00:04:22.468+07:00  INFO 20316 --- [ielts] [restartedMain] org.hibernate.orm.jpa                    : HHH008540: Processing PersistenceUnitInfo [name: default]
2026-03-08T00:04:22.482+07:00  INFO 20316 --- [ielts] [restartedMain] com.zaxxer.hikari.HikariDataSource       : HikariPool-4 - Starting...
2026-03-08T00:04:22.495+07:00  INFO 20316 --- [ielts] [restartedMain] com.zaxxer.hikari.pool.HikariPool        : HikariPool-4 - Added connection com.mysql.cj.jdbc.ConnectionImpl@94b5f1d
2026-03-08T00:04:22.495+07:00  INFO 20316 --- [ielts] [restartedMain] com.zaxxer.hikari.HikariDataSource       : HikariPool-4 - Start completed.
2026-03-08T00:04:22.496+07:00  WARN 20316 --- [ielts] [restartedMain] org.hibernate.orm.deprecation            : HHH90000025: MySQLDialect does not need to be specified explicitly using 'hibernate.dialect' (remove the property setting and it will be selected by default)
2026-03-08T00:04:22.496+07:00  INFO 20316 --- [ielts] [restartedMain] org.hibernate.orm.connections.pooling    : HHH10001005: Database info:
	Database JDBC URL [jdbc:mysql://localhost:3306/db_ielts]
	Database driver: MySQL Connector/J
	Database dialect: MySQLDialect
	Database version: 8.0.37
	Default catalog/schema: db_ielts/undefined
	Autocommit mode: undefined/unknown
	Isolation level: REPEATABLE_READ [default REPEATABLE_READ]
	JDBC fetch size: none
	Pool: DataSourceConnectionProvider
	Minimum pool size: undefined/unknown
	Maximum pool size: undefined/unknown
2026-03-08T00:04:22.590+07:00  INFO 20316 --- [ielts] [restartedMain] org.hibernate.orm.core                   : HHH000489: No JTA platform available (set 'hibernate.transaction.jta.platform' to enable JTA platform integration)
2026-03-08T00:04:22.648+07:00  WARN 20316 --- [ielts] [restartedMain] ConfigServletWebServerApplicationContext : Exception encountered during context initialization - cancelling refresh attempt: org.springframework.beans.factory.UnsatisfiedDependencyException: Error creating bean with name 'vocabularyController' defined in file [D:\DDHVA\Backend\ielts\target\classes\com\ddhva\ielts\controller\VocabularyController.class]: Unsatisfied dependency expressed through constructor parameter 0: Error creating bean with name 'vocabularyServiceImpl': Resolution of declared constructors on bean Class [com.ddhva.ielts.service.impl.VocabularyServiceImpl] from ClassLoader [org.springframework.boot.devtools.restart.classloader.RestartClassLoader@1b5a9ab2] failed
2026-03-08T00:04:22.649+07:00  INFO 20316 --- [ielts] [restartedMain] com.zaxxer.hikari.HikariDataSource       : HikariPool-4 - Shutdown initiated...
2026-03-08T00:04:22.655+07:00  INFO 20316 --- [ielts] [restartedMain] com.zaxxer.hikari.HikariDataSource       : HikariPool-4 - Shutdown completed.
2026-03-08T00:04:22.656+07:00  INFO 20316 --- [ielts] [restartedMain] o.apache.catalina.core.StandardService   : Stopping service [Tomcat]
2026-03-08T00:04:22.666+07:00 ERROR 20316 --- [ielts] [restartedMain] o.s.boot.SpringApplication               : Application run failed

org.springframework.beans.factory.UnsatisfiedDependencyException: Error creating bean with name 'vocabularyController' defined in file [D:\DDHVA\Backend\ielts\target\classes\com\ddhva\ielts\controller\VocabularyController.class]: Unsatisfied dependency expressed through constructor parameter 0: Error creating bean with name 'vocabularyServiceImpl': Resolution of declared constructors on bean Class [com.ddhva.ielts.service.impl.VocabularyServiceImpl] from ClassLoader [org.springframework.boot.devtools.restart.classloader.RestartClassLoader@1b5a9ab2] failed
	at org.springframework.beans.factory.support.ConstructorResolver.createArgumentArray(ConstructorResolver.java:804) ~[spring-beans-7.0.3.jar:7.0.3]
	at org.springframework.beans.factory.support.ConstructorResolver.autowireConstructor(ConstructorResolver.java:240) ~[spring-beans-7.0.3.jar:7.0.3]
	at org.springframework.beans.factory.support.AbstractAutowireCapableBeanFactory.autowireConstructor(AbstractAutowireCapableBeanFactory.java:1382) ~[spring-beans-7.0.3.jar:7.0.3]
	at org.springframework.beans.factory.support.AbstractAutowireCapableBeanFactory.createBeanInstance(AbstractAutowireCapableBeanFactory.java:1221) ~[spring-beans-7.0.3.jar:7.0.3]
	at org.springframework.beans.factory.support.AbstractAutowireCapableBeanFactory.doCreateBean(AbstractAutowireCapableBeanFactory.java:565) ~[spring-beans-7.0.3.jar:7.0.3]
	at org.springframework.beans.factory.support.AbstractAutowireCapableBeanFactory.createBean(AbstractAutowireCapableBeanFactory.java:525) ~[spring-beans-7.0.3.jar:7.0.3]
	at org.springframework.beans.factory.support.AbstractBeanFactory.lambda$doGetBean$0(AbstractBeanFactory.java:333) ~[spring-beans-7.0.3.jar:7.0.3]
	at org.springframework.beans.factory.support.DefaultSingletonBeanRegistry.getSingleton(DefaultSingletonBeanRegistry.java:371) ~[spring-beans-7.0.3.jar:7.0.3]
	at org.springframework.beans.factory.support.AbstractBeanFactory.doGetBean(AbstractBeanFactory.java:331) ~[spring-beans-7.0.3.jar:7.0.3]
	at org.springframework.beans.factory.support.AbstractBeanFactory.getBean(AbstractBeanFactory.java:196) ~[spring-beans-7.0.3.jar:7.0.3]
	at org.springframework.beans.factory.support.DefaultListableBeanFactory.instantiateSingleton(DefaultListableBeanFactory.java:1218) ~[spring-beans-7.0.3.jar:7.0.3]
	at org.springframework.beans.factory.support.DefaultListableBeanFactory.preInstantiateSingleton(DefaultListableBeanFactory.java:1184) ~[spring-beans-7.0.3.jar:7.0.3]
	at org.springframework.beans.factory.support.DefaultListableBeanFactory.preInstantiateSingletons(DefaultListableBeanFactory.java:1121) ~[spring-beans-7.0.3.jar:7.0.3]
	at org.springframework.context.support.AbstractApplicationContext.finishBeanFactoryInitialization(AbstractApplicationContext.java:993) ~[spring-context-7.0.3.jar:7.0.3]
	at org.springframework.context.support.AbstractApplicationContext.refresh(AbstractApplicationContext.java:620) ~[spring-context-7.0.3.jar:7.0.3]
	at org.springframework.boot.web.server.servlet.context.ServletWebServerApplicationContext.refresh(ServletWebServerApplicationContext.java:143) ~[spring-boot-web-server-4.0.2.jar:4.0.2]
	at org.springframework.boot.SpringApplication.refresh(SpringApplication.java:756) ~[spring-boot-4.0.2.jar:4.0.2]
	at org.springframework.boot.SpringApplication.refreshContext(SpringApplication.java:445) ~[spring-boot-4.0.2.jar:4.0.2]
	at org.springframework.boot.SpringApplication.run(SpringApplication.java:321) ~[spring-boot-4.0.2.jar:4.0.2]
	at org.springframework.boot.SpringApplication.run(SpringApplication.java:1365) ~[spring-boot-4.0.2.jar:4.0.2]
	at org.springframework.boot.SpringApplication.run(SpringApplication.java:1354) ~[spring-boot-4.0.2.jar:4.0.2]
	at com.ddhva.ielts.IeltsApplication.main(IeltsApplication.java:16) ~[classes/:na]
	at java.base/jdk.internal.reflect.DirectMethodHandleAccessor.invoke(DirectMethodHandleAccessor.java:103) ~[na:na]
	at java.base/java.lang.reflect.Method.invoke(Method.java:580) ~[na:na]
	at org.springframework.boot.devtools.restart.RestartLauncher.run(RestartLauncher.java:52) ~[spring-boot-devtools-4.0.2.jar:4.0.2]
Caused by: org.springframework.beans.factory.BeanCreationException: Error creating bean with name 'vocabularyServiceImpl': Resolution of declared constructors on bean Class [com.ddhva.ielts.service.impl.VocabularyServiceImpl] from ClassLoader [org.springframework.boot.devtools.restart.classloader.RestartClassLoader@1b5a9ab2] failed
	at org.springframework.beans.factory.annotation.AutowiredAnnotationBeanPostProcessor.determineCandidateConstructors(AutowiredAnnotationBeanPostProcessor.java:367) ~[spring-beans-7.0.3.jar:7.0.3]
	at org.springframework.beans.factory.support.AbstractAutowireCapableBeanFactory.determineConstructorsFromBeanPostProcessors(AbstractAutowireCapableBeanFactory.java:1321) ~[spring-beans-7.0.3.jar:7.0.3]
	at org.springframework.beans.factory.support.AbstractAutowireCapableBeanFactory.createBeanInstance(AbstractAutowireCapableBeanFactory.java:1218) ~[spring-beans-7.0.3.jar:7.0.3]
	at org.springframework.beans.factory.support.AbstractAutowireCapableBeanFactory.doCreateBean(AbstractAutowireCapableBeanFactory.java:565) ~[spring-beans-7.0.3.jar:7.0.3]
	at org.springframework.beans.factory.support.AbstractAutowireCapableBeanFactory.createBean(AbstractAutowireCapableBeanFactory.java:525) ~[spring-beans-7.0.3.jar:7.0.3]
	at org.springframework.beans.factory.support.AbstractBeanFactory.lambda$doGetBean$0(AbstractBeanFactory.java:333) ~[spring-beans-7.0.3.jar:7.0.3]
	at org.springframework.beans.factory.support.DefaultSingletonBeanRegistry.getSingleton(DefaultSingletonBeanRegistry.java:371) ~[spring-beans-7.0.3.jar:7.0.3]
	at org.springframework.beans.factory.support.AbstractBeanFactory.doGetBean(AbstractBeanFactory.java:331) ~[spring-beans-7.0.3.jar:7.0.3]
	at org.springframework.beans.factory.support.AbstractBeanFactory.getBean(AbstractBeanFactory.java:201) ~[spring-beans-7.0.3.jar:7.0.3]
	at org.springframework.beans.factory.config.DependencyDescriptor.resolveCandidate(DependencyDescriptor.java:229) ~[spring-beans-7.0.3.jar:7.0.3]
	at org.springframework.beans.factory.support.DefaultListableBeanFactory.doResolveDependency(DefaultListableBeanFactory.java:1762) ~[spring-beans-7.0.3.jar:7.0.3]
	at org.springframework.beans.factory.support.DefaultListableBeanFactory.resolveDependency(DefaultListableBeanFactory.java:1651) ~[spring-beans-7.0.3.jar:7.0.3]
	at org.springframework.beans.factory.support.ConstructorResolver.resolveAutowiredArgument(ConstructorResolver.java:912) ~[spring-beans-7.0.3.jar:7.0.3]
	at org.springframework.beans.factory.support.ConstructorResolver.createArgumentArray(ConstructorResolver.java:791) ~[spring-beans-7.0.3.jar:7.0.3]
	... 24 common frames omitted
Caused by: java.lang.NoClassDefFoundError: com/ddhva/ielts/repositories/VocabularyRepository
	at java.base/java.lang.Class.getDeclaredConstructors0(Native Method) ~[na:na]
	at java.base/java.lang.Class.privateGetDeclaredConstructors(Class.java:3572) ~[na:na]
	at java.base/java.lang.Class.getDeclaredConstructors(Class.java:2737) ~[na:na]
	at org.springframework.beans.factory.annotation.AutowiredAnnotationBeanPostProcessor.determineCandidateConstructors(AutowiredAnnotationBeanPostProcessor.java:362) ~[spring-beans-7.0.3.jar:7.0.3]
	... 37 common frames omitted
Caused by: java.lang.ClassNotFoundException: com.ddhva.ielts.repositories.VocabularyRepository
	at java.base/jdk.internal.loader.BuiltinClassLoader.loadClass(BuiltinClassLoader.java:641) ~[na:na]
	at java.base/jdk.internal.loader.ClassLoaders$AppClassLoader.loadClass(ClassLoaders.java:188) ~[na:na]
	at java.base/java.lang.ClassLoader.loadClass(ClassLoader.java:525) ~[na:na]
	at java.base/java.lang.Class.forName0(Native Method) ~[na:na]
	at java.base/java.lang.Class.forName(Class.java:529) ~[na:na]
	at java.base/java.lang.Class.forName(Class.java:508) ~[na:na]
	at org.springframework.boot.devtools.restart.classloader.RestartClassLoader.loadClass(RestartClassLoader.java:123) ~[spring-boot-devtools-4.0.2.jar:4.0.2]
	at java.base/java.lang.ClassLoader.loadClass(ClassLoader.java:525) ~[na:na]
	... 41 common frames omitted

2026-03-08T00:04:48.566+07:00  INFO 20316 --- [ielts] [restartedMain] com.ddhva.ielts.IeltsApplication         : Starting IeltsApplication using Java 22.0.2 with PID 20316 (D:\DDHVA\Backend\ielts\target\classes started by Admin in D:\DDHVA\Backend\ielts)
2026-03-08T00:04:48.566+07:00 DEBUG 20316 --- [ielts] [restartedMain] com.ddhva.ielts.IeltsApplication         : Running with Spring Boot v4.0.2, Spring v7.0.3
2026-03-08T00:04:48.566+07:00  INFO 20316 --- [ielts] [restartedMain] com.ddhva.ielts.IeltsApplication         : No active profile set, falling back to 1 default profile: "default"
2026-03-08T00:04:48.776+07:00  INFO 20316 --- [ielts] [restartedMain] o.apache.catalina.core.StandardService   : Starting service [Tomcat]
2026-03-08T00:04:48.776+07:00  INFO 20316 --- [ielts] [restartedMain] o.apache.catalina.core.StandardEngine    : Starting Servlet engine: [Apache Tomcat/11.0.15]
2026-03-08T00:04:48.832+07:00 DEBUG 20316 --- [ielts] [restartedMain] com.ddhva.ielts.util.JWTFilter           : Filter 'JWTFilter' configured for use
2026-03-08T00:04:48.861+07:00  INFO 20316 --- [ielts] [restartedMain] org.hibernate.orm.jpa                    : HHH008540: Processing PersistenceUnitInfo [name: default]
2026-03-08T00:04:48.875+07:00  INFO 20316 --- [ielts] [restartedMain] com.zaxxer.hikari.HikariDataSource       : HikariPool-5 - Starting...
2026-03-08T00:04:48.885+07:00  INFO 20316 --- [ielts] [restartedMain] com.zaxxer.hikari.pool.HikariPool        : HikariPool-5 - Added connection com.mysql.cj.jdbc.ConnectionImpl@7ac538b1
2026-03-08T00:04:48.885+07:00  INFO 20316 --- [ielts] [restartedMain] com.zaxxer.hikari.HikariDataSource       : HikariPool-5 - Start completed.
2026-03-08T00:04:48.886+07:00  WARN 20316 --- [ielts] [restartedMain] org.hibernate.orm.deprecation            : HHH90000025: MySQLDialect does not need to be specified explicitly using 'hibernate.dialect' (remove the property setting and it will be selected by default)
2026-03-08T00:04:48.886+07:00  INFO 20316 --- [ielts] [restartedMain] org.hibernate.orm.connections.pooling    : HHH10001005: Database info:
	Database JDBC URL [jdbc:mysql://localhost:3306/db_ielts]
	Database driver: MySQL Connector/J
	Database dialect: MySQLDialect
	Database version: 8.0.37
	Default catalog/schema: db_ielts/undefined
	Autocommit mode: undefined/unknown
	Isolation level: REPEATABLE_READ [default REPEATABLE_READ]
	JDBC fetch size: none
	Pool: DataSourceConnectionProvider
	Minimum pool size: undefined/unknown
	Maximum pool size: undefined/unknown
2026-03-08T00:04:49.037+07:00  INFO 20316 --- [ielts] [restartedMain] org.hibernate.orm.core                   : HHH000489: No JTA platform available (set 'hibernate.transaction.jta.platform' to enable JTA platform integration)
2026-03-08T00:04:49.290+07:00  WARN 20316 --- [ielts] [restartedMain] ConfigServletWebServerApplicationContext : Exception encountered during context initialization - cancelling refresh attempt: org.springframework.beans.factory.UnsatisfiedDependencyException: Error creating bean with name 'vocabularyController' defined in file [D:\DDHVA\Backend\ielts\target\classes\com\ddhva\ielts\controller\VocabularyController.class]: Unsatisfied dependency expressed through constructor parameter 0: Error creating bean with name 'vocabularyServiceImpl' defined in file [D:\DDHVA\Backend\ielts\target\classes\com\ddhva\ielts\service\impl\VocabularyServiceImpl.class]: Unsatisfied dependency expressed through constructor parameter 0: Error creating bean with name 'vocabularyRepository' defined in com.ddhva.ielts.repositories.VocabularyRepository defined in @EnableJpaRepositories declared on DataJpaRepositoriesRegistrar.EnableJpaRepositoriesConfiguration: At 2:0 and token '<EOF>', mismatched input '<EOF>', expecting one of the following tokens: '(', '[', ':', '{', '?', ID, VERSION, VERSIONED, NATURALID, FK, ABSENT, ALL, AND, ANY, ARRAY, AS, ASC, AVG, BETWEEN, BOTH, BREADTH, BY, CASE, CAST, COLLATE, COLUMN, COLUMNS, CONDITIONAL, CONFLICT, CONSTRAINT, CONTAINS, COUNT, CROSS, CUBE, CURRENT, CURRENT_DATE, CURRENT_INSTANT, CURRENT_TIME, CURRENT_TIMESTAMP, CYCLE, DATE, DATETIME, DAY, DEFAULT, DELETE, DEPTH, DESC, DISTINCT, DO, ELEMENT, ELEMENTS, ELSE, EMPTY, END, ENTRY, EPOCH, ERROR, ESCAPE, EVERY, EXCEPT, EXCLUDE, EXISTS, EXTRACT, FETCH, FILTER, FIRST, FOLLOWING, FOR, FORMAT, FROM, FULL, FUNCTION, GROUP, GROUPS, HAVING, HOUR, IGNORE, ILIKE, IN, INCLUDES, INDEX, INDICES, INNER, INSERT, INSTANT, INTERSECT, INTERSECTS, INTO, IS, JOIN, JSON, JSON_ARRAY, JSON_ARRAYAGG, JSON_EXISTS, JSON_OBJECT, JSON_OBJECTAGG, JSON_QUERY, JSON_TABLE, JSON_VALUE, KEY, KEYS, LAST, LATERAL, LEADING, LEFT, LIKE, LIMIT, LIST, LISTAGG, LOCAL, LOCAL_DATE, LOCAL_DATETIME, LOCAL_TIME, MAP, MATERIALIZED, MAX, MAXELEMENT, MAXINDEX, MEMBER, MICROSECOND, MILLISECOND, MIN, MINELEMENT, MININDEX, MINUTE, MONTH, NAME, NANOSECOND, NEW, NESTED, NEXT, NO, NOT, NOTHING, NULLS, OBJECT, OF, OFFSET, OFFSET_DATETIME, ON, ONLY, OR, ORDER, ORDINALITY, OTHERS, OUTER, OVER, OVERFLOW, OVERLAY, PAD, PATH, PARTITION, PASSING, PERCENT, PLACING, POSITION, PRECEDING, QUARTER, RANGE, RESPECT, RETURNING, RIGHT, ROLLUP, ROW, ROWS, SEARCH, SECOND, SELECT, SET, SIZE, SOME, SUBSTRING, SUM, THEN, TIES, TIME, TIMESTAMP, TIMEZONE_HOUR, TIMEZONE_MINUTE, TO, TRAILING, TREAT, TRIM, TRUNC, TRUNCATE, TYPE, UNBOUNDED, UNCONDITIONAL, UNION, UNIQUE, UPDATE, USING, VALUE, VALUES, WEEK, WHEN, WHERE, WITH, WITHIN, WITHOUT, WRAPPER, XML, XMLAGG, XMLATTRIBUTES, XMLELEMENT, XMLEXISTS, XMLFOREST, XMLPI, XMLQUERY, XMLTABLE, YEAR, ZONED, NULL, TRUE, FALSE, STRING_LITERAL, JAVA_STRING_LITERAL, INTEGER_LITERAL, LONG_LITERAL, FLOAT_LITERAL, DOUBLE_LITERAL, BIG_INTEGER_LITERAL, BIG_DECIMAL_LITERAL, HEX_LITERAL, BINARY_LITERAL, '{ts', '{d', '{t', '+', '-', IDENTIFIER, QUOTED_IDENTIFIER; Bad HQL grammar [    SELECT
]
2026-03-08T00:04:49.290+07:00  INFO 20316 --- [ielts] [restartedMain] com.zaxxer.hikari.HikariDataSource       : HikariPool-5 - Shutdown initiated...
2026-03-08T00:04:49.314+07:00  INFO 20316 --- [ielts] [restartedMain] com.zaxxer.hikari.HikariDataSource       : HikariPool-5 - Shutdown completed.
2026-03-08T00:04:49.314+07:00  INFO 20316 --- [ielts] [restartedMain] o.apache.catalina.core.StandardService   : Stopping service [Tomcat]
2026-03-08T00:04:49.318+07:00 ERROR 20316 --- [ielts] [restartedMain] o.s.boot.SpringApplication               : Application run failed

org.springframework.beans.factory.UnsatisfiedDependencyException: Error creating bean with name 'vocabularyController' defined in file [D:\DDHVA\Backend\ielts\target\classes\com\ddhva\ielts\controller\VocabularyController.class]: Unsatisfied dependency expressed through constructor parameter 0: Error creating bean with name 'vocabularyServiceImpl' defined in file [D:\DDHVA\Backend\ielts\target\classes\com\ddhva\ielts\service\impl\VocabularyServiceImpl.class]: Unsatisfied dependency expressed through constructor parameter 0: Error creating bean with name 'vocabularyRepository' defined in com.ddhva.ielts.repositories.VocabularyRepository defined in @EnableJpaRepositories declared on DataJpaRepositoriesRegistrar.EnableJpaRepositoriesConfiguration: At 2:0 and token '<EOF>', mismatched input '<EOF>', expecting one of the following tokens: '(', '[', ':', '{', '?', ID, VERSION, VERSIONED, NATURALID, FK, ABSENT, ALL, AND, ANY, ARRAY, AS, ASC, AVG, BETWEEN, BOTH, BREADTH, BY, CASE, CAST, COLLATE, COLUMN, COLUMNS, CONDITIONAL, CONFLICT, CONSTRAINT, CONTAINS, COUNT, CROSS, CUBE, CURRENT, CURRENT_DATE, CURRENT_INSTANT, CURRENT_TIME, CURRENT_TIMESTAMP, CYCLE, DATE, DATETIME, DAY, DEFAULT, DELETE, DEPTH, DESC, DISTINCT, DO, ELEMENT, ELEMENTS, ELSE, EMPTY, END, ENTRY, EPOCH, ERROR, ESCAPE, EVERY, EXCEPT, EXCLUDE, EXISTS, EXTRACT, FETCH, FILTER, FIRST, FOLLOWING, FOR, FORMAT, FROM, FULL, FUNCTION, GROUP, GROUPS, HAVING, HOUR, IGNORE, ILIKE, IN, INCLUDES, INDEX, INDICES, INNER, INSERT, INSTANT, INTERSECT, INTERSECTS, INTO, IS, JOIN, JSON, JSON_ARRAY, JSON_ARRAYAGG, JSON_EXISTS, JSON_OBJECT, JSON_OBJECTAGG, JSON_QUERY, JSON_TABLE, JSON_VALUE, KEY, KEYS, LAST, LATERAL, LEADING, LEFT, LIKE, LIMIT, LIST, LISTAGG, LOCAL, LOCAL_DATE, LOCAL_DATETIME, LOCAL_TIME, MAP, MATERIALIZED, MAX, MAXELEMENT, MAXINDEX, MEMBER, MICROSECOND, MILLISECOND, MIN, MINELEMENT, MININDEX, MINUTE, MONTH, NAME, NANOSECOND, NEW, NESTED, NEXT, NO, NOT, NOTHING, NULLS, OBJECT, OF, OFFSET, OFFSET_DATETIME, ON, ONLY, OR, ORDER, ORDINALITY, OTHERS, OUTER, OVER, OVERFLOW, OVERLAY, PAD, PATH, PARTITION, PASSING, PERCENT, PLACING, POSITION, PRECEDING, QUARTER, RANGE, RESPECT, RETURNING, RIGHT, ROLLUP, ROW, ROWS, SEARCH, SECOND, SELECT, SET, SIZE, SOME, SUBSTRING, SUM, THEN, TIES, TIME, TIMESTAMP, TIMEZONE_HOUR, TIMEZONE_MINUTE, TO, TRAILING, TREAT, TRIM, TRUNC, TRUNCATE, TYPE, UNBOUNDED, UNCONDITIONAL, UNION, UNIQUE, UPDATE, USING, VALUE, VALUES, WEEK, WHEN, WHERE, WITH, WITHIN, WITHOUT, WRAPPER, XML, XMLAGG, XMLATTRIBUTES, XMLELEMENT, XMLEXISTS, XMLFOREST, XMLPI, XMLQUERY, XMLTABLE, YEAR, ZONED, NULL, TRUE, FALSE, STRING_LITERAL, JAVA_STRING_LITERAL, INTEGER_LITERAL, LONG_LITERAL, FLOAT_LITERAL, DOUBLE_LITERAL, BIG_INTEGER_LITERAL, BIG_DECIMAL_LITERAL, HEX_LITERAL, BINARY_LITERAL, '{ts', '{d', '{t', '+', '-', IDENTIFIER, QUOTED_IDENTIFIER; Bad HQL grammar [    SELECT
]
	at org.springframework.beans.factory.support.ConstructorResolver.createArgumentArray(ConstructorResolver.java:804) ~[spring-beans-7.0.3.jar:7.0.3]
	at org.springframework.beans.factory.support.ConstructorResolver.autowireConstructor(ConstructorResolver.java:240) ~[spring-beans-7.0.3.jar:7.0.3]
	at org.springframework.beans.factory.support.AbstractAutowireCapableBeanFactory.autowireConstructor(AbstractAutowireCapableBeanFactory.java:1382) ~[spring-beans-7.0.3.jar:7.0.3]
	at org.springframework.beans.factory.support.AbstractAutowireCapableBeanFactory.createBeanInstance(AbstractAutowireCapableBeanFactory.java:1221) ~[spring-beans-7.0.3.jar:7.0.3]
	at org.springframework.beans.factory.support.AbstractAutowireCapableBeanFactory.doCreateBean(AbstractAutowireCapableBeanFactory.java:565) ~[spring-beans-7.0.3.jar:7.0.3]
	at org.springframework.beans.factory.support.AbstractAutowireCapableBeanFactory.createBean(AbstractAutowireCapableBeanFactory.java:525) ~[spring-beans-7.0.3.jar:7.0.3]
	at org.springframework.beans.factory.support.AbstractBeanFactory.lambda$doGetBean$0(AbstractBeanFactory.java:333) ~[spring-beans-7.0.3.jar:7.0.3]
	at org.springframework.beans.factory.support.DefaultSingletonBeanRegistry.getSingleton(DefaultSingletonBeanRegistry.java:371) ~[spring-beans-7.0.3.jar:7.0.3]
	at org.springframework.beans.factory.support.AbstractBeanFactory.doGetBean(AbstractBeanFactory.java:331) ~[spring-beans-7.0.3.jar:7.0.3]
	at org.springframework.beans.factory.support.AbstractBeanFactory.getBean(AbstractBeanFactory.java:196) ~[spring-beans-7.0.3.jar:7.0.3]
	at org.springframework.beans.factory.support.DefaultListableBeanFactory.instantiateSingleton(DefaultListableBeanFactory.java:1218) ~[spring-beans-7.0.3.jar:7.0.3]
	at org.springframework.beans.factory.support.DefaultListableBeanFactory.preInstantiateSingleton(DefaultListableBeanFactory.java:1184) ~[spring-beans-7.0.3.jar:7.0.3]
	at org.springframework.beans.factory.support.DefaultListableBeanFactory.preInstantiateSingletons(DefaultListableBeanFactory.java:1121) ~[spring-beans-7.0.3.jar:7.0.3]
	at org.springframework.context.support.AbstractApplicationContext.finishBeanFactoryInitialization(AbstractApplicationContext.java:993) ~[spring-context-7.0.3.jar:7.0.3]
	at org.springframework.context.support.AbstractApplicationContext.refresh(AbstractApplicationContext.java:620) ~[spring-context-7.0.3.jar:7.0.3]
	at org.springframework.boot.web.server.servlet.context.ServletWebServerApplicationContext.refresh(ServletWebServerApplicationContext.java:143) ~[spring-boot-web-server-4.0.2.jar:4.0.2]
	at org.springframework.boot.SpringApplication.refresh(SpringApplication.java:756) ~[spring-boot-4.0.2.jar:4.0.2]
	at org.springframework.boot.SpringApplication.refreshContext(SpringApplication.java:445) ~[spring-boot-4.0.2.jar:4.0.2]
	at org.springframework.boot.SpringApplication.run(SpringApplication.java:321) ~[spring-boot-4.0.2.jar:4.0.2]
	at org.springframework.boot.SpringApplication.run(SpringApplication.java:1365) ~[spring-boot-4.0.2.jar:4.0.2]
	at org.springframework.boot.SpringApplication.run(SpringApplication.java:1354) ~[spring-boot-4.0.2.jar:4.0.2]
	at com.ddhva.ielts.IeltsApplication.main(IeltsApplication.java:16) ~[classes/:na]
	at java.base/jdk.internal.reflect.DirectMethodHandleAccessor.invoke(DirectMethodHandleAccessor.java:103) ~[na:na]
	at java.base/java.lang.reflect.Method.invoke(Method.java:580) ~[na:na]
	at org.springframework.boot.devtools.restart.RestartLauncher.run(RestartLauncher.java:52) ~[spring-boot-devtools-4.0.2.jar:4.0.2]
Caused by: org.springframework.beans.factory.UnsatisfiedDependencyException: Error creating bean with name 'vocabularyServiceImpl' defined in file [D:\DDHVA\Backend\ielts\target\classes\com\ddhva\ielts\service\impl\VocabularyServiceImpl.class]: Unsatisfied dependency expressed through constructor parameter 0: Error creating bean with name 'vocabularyRepository' defined in com.ddhva.ielts.repositories.VocabularyRepository defined in @EnableJpaRepositories declared on DataJpaRepositoriesRegistrar.EnableJpaRepositoriesConfiguration: At 2:0 and token '<EOF>', mismatched input '<EOF>', expecting one of the following tokens: '(', '[', ':', '{', '?', ID, VERSION, VERSIONED, NATURALID, FK, ABSENT, ALL, AND, ANY, ARRAY, AS, ASC, AVG, BETWEEN, BOTH, BREADTH, BY, CASE, CAST, COLLATE, COLUMN, COLUMNS, CONDITIONAL, CONFLICT, CONSTRAINT, CONTAINS, COUNT, CROSS, CUBE, CURRENT, CURRENT_DATE, CURRENT_INSTANT, CURRENT_TIME, CURRENT_TIMESTAMP, CYCLE, DATE, DATETIME, DAY, DEFAULT, DELETE, DEPTH, DESC, DISTINCT, DO, ELEMENT, ELEMENTS, ELSE, EMPTY, END, ENTRY, EPOCH, ERROR, ESCAPE, EVERY, EXCEPT, EXCLUDE, EXISTS, EXTRACT, FETCH, FILTER, FIRST, FOLLOWING, FOR, FORMAT, FROM, FULL, FUNCTION, GROUP, GROUPS, HAVING, HOUR, IGNORE, ILIKE, IN, INCLUDES, INDEX, INDICES, INNER, INSERT, INSTANT, INTERSECT, INTERSECTS, INTO, IS, JOIN, JSON, JSON_ARRAY, JSON_ARRAYAGG, JSON_EXISTS, JSON_OBJECT, JSON_OBJECTAGG, JSON_QUERY, JSON_TABLE, JSON_VALUE, KEY, KEYS, LAST, LATERAL, LEADING, LEFT, LIKE, LIMIT, LIST, LISTAGG, LOCAL, LOCAL_DATE, LOCAL_DATETIME, LOCAL_TIME, MAP, MATERIALIZED, MAX, MAXELEMENT, MAXINDEX, MEMBER, MICROSECOND, MILLISECOND, MIN, MINELEMENT, MININDEX, MINUTE, MONTH, NAME, NANOSECOND, NEW, NESTED, NEXT, NO, NOT, NOTHING, NULLS, OBJECT, OF, OFFSET, OFFSET_DATETIME, ON, ONLY, OR, ORDER, ORDINALITY, OTHERS, OUTER, OVER, OVERFLOW, OVERLAY, PAD, PATH, PARTITION, PASSING, PERCENT, PLACING, POSITION, PRECEDING, QUARTER, RANGE, RESPECT, RETURNING, RIGHT, ROLLUP, ROW, ROWS, SEARCH, SECOND, SELECT, SET, SIZE, SOME, SUBSTRING, SUM, THEN, TIES, TIME, TIMESTAMP, TIMEZONE_HOUR, TIMEZONE_MINUTE, TO, TRAILING, TREAT, TRIM, TRUNC, TRUNCATE, TYPE, UNBOUNDED, UNCONDITIONAL, UNION, UNIQUE, UPDATE, USING, VALUE, VALUES, WEEK, WHEN, WHERE, WITH, WITHIN, WITHOUT, WRAPPER, XML, XMLAGG, XMLATTRIBUTES, XMLELEMENT, XMLEXISTS, XMLFOREST, XMLPI, XMLQUERY, XMLTABLE, YEAR, ZONED, NULL, TRUE, FALSE, STRING_LITERAL, JAVA_STRING_LITERAL, INTEGER_LITERAL, LONG_LITERAL, FLOAT_LITERAL, DOUBLE_LITERAL, BIG_INTEGER_LITERAL, BIG_DECIMAL_LITERAL, HEX_LITERAL, BINARY_LITERAL, '{ts', '{d', '{t', '+', '-', IDENTIFIER, QUOTED_IDENTIFIER; Bad HQL grammar [    SELECT
]
	at org.springframework.beans.factory.support.ConstructorResolver.createArgumentArray(ConstructorResolver.java:804) ~[spring-beans-7.0.3.jar:7.0.3]
	at org.springframework.beans.factory.support.ConstructorResolver.autowireConstructor(ConstructorResolver.java:240) ~[spring-beans-7.0.3.jar:7.0.3]
	at org.springframework.beans.factory.support.AbstractAutowireCapableBeanFactory.autowireConstructor(AbstractAutowireCapableBeanFactory.java:1382) ~[spring-beans-7.0.3.jar:7.0.3]
	at org.springframework.beans.factory.support.AbstractAutowireCapableBeanFactory.createBeanInstance(AbstractAutowireCapableBeanFactory.java:1221) ~[spring-beans-7.0.3.jar:7.0.3]
	at org.springframework.beans.factory.support.AbstractAutowireCapableBeanFactory.doCreateBean(AbstractAutowireCapableBeanFactory.java:565) ~[spring-beans-7.0.3.jar:7.0.3]
	at org.springframework.beans.factory.support.AbstractAutowireCapableBeanFactory.createBean(AbstractAutowireCapableBeanFactory.java:525) ~[spring-beans-7.0.3.jar:7.0.3]
	at org.springframework.beans.factory.support.AbstractBeanFactory.lambda$doGetBean$0(AbstractBeanFactory.java:333) ~[spring-beans-7.0.3.jar:7.0.3]
	at org.springframework.beans.factory.support.DefaultSingletonBeanRegistry.getSingleton(DefaultSingletonBeanRegistry.java:371) ~[spring-beans-7.0.3.jar:7.0.3]
	at org.springframework.beans.factory.support.AbstractBeanFactory.doGetBean(AbstractBeanFactory.java:331) ~[spring-beans-7.0.3.jar:7.0.3]
	at org.springframework.beans.factory.support.AbstractBeanFactory.getBean(AbstractBeanFactory.java:201) ~[spring-beans-7.0.3.jar:7.0.3]
	at org.springframework.beans.factory.config.DependencyDescriptor.resolveCandidate(DependencyDescriptor.java:229) ~[spring-beans-7.0.3.jar:7.0.3]
	at org.springframework.beans.factory.support.DefaultListableBeanFactory.doResolveDependency(DefaultListableBeanFactory.java:1762) ~[spring-beans-7.0.3.jar:7.0.3]
	at org.springframework.beans.factory.support.DefaultListableBeanFactory.resolveDependency(DefaultListableBeanFactory.java:1651) ~[spring-beans-7.0.3.jar:7.0.3]
	at org.springframework.beans.factory.support.ConstructorResolver.resolveAutowiredArgument(ConstructorResolver.java:912) ~[spring-beans-7.0.3.jar:7.0.3]
	at org.springframework.beans.factory.support.ConstructorResolver.createArgumentArray(ConstructorResolver.java:791) ~[spring-beans-7.0.3.jar:7.0.3]
	... 24 common frames omitted
Caused by: org.springframework.beans.factory.BeanCreationException: Error creating bean with name 'vocabularyRepository' defined in com.ddhva.ielts.repositories.VocabularyRepository defined in @EnableJpaRepositories declared on DataJpaRepositoriesRegistrar.EnableJpaRepositoriesConfiguration: At 2:0 and token '<EOF>', mismatched input '<EOF>', expecting one of the following tokens: '(', '[', ':', '{', '?', ID, VERSION, VERSIONED, NATURALID, FK, ABSENT, ALL, AND, ANY, ARRAY, AS, ASC, AVG, BETWEEN, BOTH, BREADTH, BY, CASE, CAST, COLLATE, COLUMN, COLUMNS, CONDITIONAL, CONFLICT, CONSTRAINT, CONTAINS, COUNT, CROSS, CUBE, CURRENT, CURRENT_DATE, CURRENT_INSTANT, CURRENT_TIME, CURRENT_TIMESTAMP, CYCLE, DATE, DATETIME, DAY, DEFAULT, DELETE, DEPTH, DESC, DISTINCT, DO, ELEMENT, ELEMENTS, ELSE, EMPTY, END, ENTRY, EPOCH, ERROR, ESCAPE, EVERY, EXCEPT, EXCLUDE, EXISTS, EXTRACT, FETCH, FILTER, FIRST, FOLLOWING, FOR, FORMAT, FROM, FULL, FUNCTION, GROUP, GROUPS, HAVING, HOUR, IGNORE, ILIKE, IN, INCLUDES, INDEX, INDICES, INNER, INSERT, INSTANT, INTERSECT, INTERSECTS, INTO, IS, JOIN, JSON, JSON_ARRAY, JSON_ARRAYAGG, JSON_EXISTS, JSON_OBJECT, JSON_OBJECTAGG, JSON_QUERY, JSON_TABLE, JSON_VALUE, KEY, KEYS, LAST, LATERAL, LEADING, LEFT, LIKE, LIMIT, LIST, LISTAGG, LOCAL, LOCAL_DATE, LOCAL_DATETIME, LOCAL_TIME, MAP, MATERIALIZED, MAX, MAXELEMENT, MAXINDEX, MEMBER, MICROSECOND, MILLISECOND, MIN, MINELEMENT, MININDEX, MINUTE, MONTH, NAME, NANOSECOND, NEW, NESTED, NEXT, NO, NOT, NOTHING, NULLS, OBJECT, OF, OFFSET, OFFSET_DATETIME, ON, ONLY, OR, ORDER, ORDINALITY, OTHERS, OUTER, OVER, OVERFLOW, OVERLAY, PAD, PATH, PARTITION, PASSING, PERCENT, PLACING, POSITION, PRECEDING, QUARTER, RANGE, RESPECT, RETURNING, RIGHT, ROLLUP, ROW, ROWS, SEARCH, SECOND, SELECT, SET, SIZE, SOME, SUBSTRING, SUM, THEN, TIES, TIME, TIMESTAMP, TIMEZONE_HOUR, TIMEZONE_MINUTE, TO, TRAILING, TREAT, TRIM, TRUNC, TRUNCATE, TYPE, UNBOUNDED, UNCONDITIONAL, UNION, UNIQUE, UPDATE, USING, VALUE, VALUES, WEEK, WHEN, WHERE, WITH, WITHIN, WITHOUT, WRAPPER, XML, XMLAGG, XMLATTRIBUTES, XMLELEMENT, XMLEXISTS, XMLFOREST, XMLPI, XMLQUERY, XMLTABLE, YEAR, ZONED, NULL, TRUE, FALSE, STRING_LITERAL, JAVA_STRING_LITERAL, INTEGER_LITERAL, LONG_LITERAL, FLOAT_LITERAL, DOUBLE_LITERAL, BIG_INTEGER_LITERAL, BIG_DECIMAL_LITERAL, HEX_LITERAL, BINARY_LITERAL, '{ts', '{d', '{t', '+', '-', IDENTIFIER, QUOTED_IDENTIFIER; Bad HQL grammar [    SELECT
]
	at org.springframework.beans.factory.support.AbstractAutowireCapableBeanFactory.initializeBean(AbstractAutowireCapableBeanFactory.java:1817) ~[spring-beans-7.0.3.jar:7.0.3]
	at org.springframework.beans.factory.support.AbstractAutowireCapableBeanFactory.doCreateBean(AbstractAutowireCapableBeanFactory.java:603) ~[spring-beans-7.0.3.jar:7.0.3]
	at org.springframework.beans.factory.support.AbstractAutowireCapableBeanFactory.createBean(AbstractAutowireCapableBeanFactory.java:525) ~[spring-beans-7.0.3.jar:7.0.3]
	at org.springframework.beans.factory.support.AbstractBeanFactory.lambda$doGetBean$0(AbstractBeanFactory.java:333) ~[spring-beans-7.0.3.jar:7.0.3]
	at org.springframework.beans.factory.support.DefaultSingletonBeanRegistry.getSingleton(DefaultSingletonBeanRegistry.java:371) ~[spring-beans-7.0.3.jar:7.0.3]
	at org.springframework.beans.factory.support.AbstractBeanFactory.doGetBean(AbstractBeanFactory.java:331) ~[spring-beans-7.0.3.jar:7.0.3]
	at org.springframework.beans.factory.support.AbstractBeanFactory.getBean(AbstractBeanFactory.java:201) ~[spring-beans-7.0.3.jar:7.0.3]
	at org.springframework.beans.factory.support.DefaultListableBeanFactory.resolveBean(DefaultListableBeanFactory.java:1225) ~[spring-beans-7.0.3.jar:7.0.3]
	at org.springframework.beans.factory.support.DefaultListableBeanFactory.doResolveDependency(DefaultListableBeanFactory.java:1704) ~[spring-beans-7.0.3.jar:7.0.3]
	at org.springframework.beans.factory.support.DefaultListableBeanFactory.resolveDependency(DefaultListableBeanFactory.java:1651) ~[spring-beans-7.0.3.jar:7.0.3]
	at org.springframework.beans.factory.support.ConstructorResolver.resolveAutowiredArgument(ConstructorResolver.java:912) ~[spring-beans-7.0.3.jar:7.0.3]
	at org.springframework.beans.factory.support.ConstructorResolver.createArgumentArray(ConstructorResolver.java:791) ~[spring-beans-7.0.3.jar:7.0.3]
	... 38 common frames omitted
Caused by: org.springframework.data.repository.query.QueryCreationException: Cannot create query for method [VocabularyRepository.findVocabularyByWord(java.lang.String)]; At 2:0 and token '<EOF>', mismatched input '<EOF>', expecting one of the following tokens: '(', '[', ':', '{', '?', ID, VERSION, VERSIONED, NATURALID, FK, ABSENT, ALL, AND, ANY, ARRAY, AS, ASC, AVG, BETWEEN, BOTH, BREADTH, BY, CASE, CAST, COLLATE, COLUMN, COLUMNS, CONDITIONAL, CONFLICT, CONSTRAINT, CONTAINS, COUNT, CROSS, CUBE, CURRENT, CURRENT_DATE, CURRENT_INSTANT, CURRENT_TIME, CURRENT_TIMESTAMP, CYCLE, DATE, DATETIME, DAY, DEFAULT, DELETE, DEPTH, DESC, DISTINCT, DO, ELEMENT, ELEMENTS, ELSE, EMPTY, END, ENTRY, EPOCH, ERROR, ESCAPE, EVERY, EXCEPT, EXCLUDE, EXISTS, EXTRACT, FETCH, FILTER, FIRST, FOLLOWING, FOR, FORMAT, FROM, FULL, FUNCTION, GROUP, GROUPS, HAVING, HOUR, IGNORE, ILIKE, IN, INCLUDES, INDEX, INDICES, INNER, INSERT, INSTANT, INTERSECT, INTERSECTS, INTO, IS, JOIN, JSON, JSON_ARRAY, JSON_ARRAYAGG, JSON_EXISTS, JSON_OBJECT, JSON_OBJECTAGG, JSON_QUERY, JSON_TABLE, JSON_VALUE, KEY, KEYS, LAST, LATERAL, LEADING, LEFT, LIKE, LIMIT, LIST, LISTAGG, LOCAL, LOCAL_DATE, LOCAL_DATETIME, LOCAL_TIME, MAP, MATERIALIZED, MAX, MAXELEMENT, MAXINDEX, MEMBER, MICROSECOND, MILLISECOND, MIN, MINELEMENT, MININDEX, MINUTE, MONTH, NAME, NANOSECOND, NEW, NESTED, NEXT, NO, NOT, NOTHING, NULLS, OBJECT, OF, OFFSET, OFFSET_DATETIME, ON, ONLY, OR, ORDER, ORDINALITY, OTHERS, OUTER, OVER, OVERFLOW, OVERLAY, PAD, PATH, PARTITION, PASSING, PERCENT, PLACING, POSITION, PRECEDING, QUARTER, RANGE, RESPECT, RETURNING, RIGHT, ROLLUP, ROW, ROWS, SEARCH, SECOND, SELECT, SET, SIZE, SOME, SUBSTRING, SUM, THEN, TIES, TIME, TIMESTAMP, TIMEZONE_HOUR, TIMEZONE_MINUTE, TO, TRAILING, TREAT, TRIM, TRUNC, TRUNCATE, TYPE, UNBOUNDED, UNCONDITIONAL, UNION, UNIQUE, UPDATE, USING, VALUE, VALUES, WEEK, WHEN, WHERE, WITH, WITHIN, WITHOUT, WRAPPER, XML, XMLAGG, XMLATTRIBUTES, XMLELEMENT, XMLEXISTS, XMLFOREST, XMLPI, XMLQUERY, XMLTABLE, YEAR, ZONED, NULL, TRUE, FALSE, STRING_LITERAL, JAVA_STRING_LITERAL, INTEGER_LITERAL, LONG_LITERAL, FLOAT_LITERAL, DOUBLE_LITERAL, BIG_INTEGER_LITERAL, BIG_DECIMAL_LITERAL, HEX_LITERAL, BINARY_LITERAL, '{ts', '{d', '{t', '+', '-', IDENTIFIER, QUOTED_IDENTIFIER; Bad HQL grammar [    SELECT
]
	at org.springframework.data.repository.query.QueryCreationException.create(QueryCreationException.java:139) ~[spring-data-commons-4.0.2.jar:4.0.2]
	at org.springframework.data.repository.core.support.QueryExecutorMethodInterceptor.lookupQuery(QueryExecutorMethodInterceptor.java:118) ~[spring-data-commons-4.0.2.jar:4.0.2]
	at org.springframework.data.repository.core.support.QueryExecutorMethodInterceptor.mapMethodsToQuery(QueryExecutorMethodInterceptor.java:102) ~[spring-data-commons-4.0.2.jar:4.0.2]
	at org.springframework.data.repository.core.support.QueryExecutorMethodInterceptor.<init>(QueryExecutorMethodInterceptor.java:90) ~[spring-data-commons-4.0.2.jar:4.0.2]
	at org.springframework.data.repository.core.support.RepositoryFactorySupport.getRepository(RepositoryFactorySupport.java:413) ~[spring-data-commons-4.0.2.jar:4.0.2]
	at org.springframework.data.repository.core.support.RepositoryFactoryBeanSupport.lambda$afterPropertiesSet$1(RepositoryFactoryBeanSupport.java:361) ~[spring-data-commons-4.0.2.jar:4.0.2]
	at org.springframework.data.util.Lazy.getNullable(Lazy.java:136) ~[spring-data-commons-4.0.2.jar:4.0.2]
	at org.springframework.data.util.Lazy.get(Lazy.java:114) ~[spring-data-commons-4.0.2.jar:4.0.2]
	at org.springframework.data.repository.core.support.RepositoryFactoryBeanSupport.afterPropertiesSet(RepositoryFactoryBeanSupport.java:370) ~[spring-data-commons-4.0.2.jar:4.0.2]
	at org.springframework.data.jpa.repository.support.JpaRepositoryFactoryBean.afterPropertiesSet(JpaRepositoryFactoryBean.java:212) ~[spring-data-jpa-4.0.2.jar:4.0.2]
	at org.springframework.beans.factory.support.AbstractAutowireCapableBeanFactory.invokeInitMethods(AbstractAutowireCapableBeanFactory.java:1864) ~[spring-beans-7.0.3.jar:7.0.3]
	at org.springframework.beans.factory.support.AbstractAutowireCapableBeanFactory.initializeBean(AbstractAutowireCapableBeanFactory.java:1813) ~[spring-beans-7.0.3.jar:7.0.3]
	... 49 common frames omitted
Caused by: org.springframework.data.jpa.repository.query.BadJpqlGrammarException: At 2:0 and token '<EOF>', mismatched input '<EOF>', expecting one of the following tokens: '(', '[', ':', '{', '?', ID, VERSION, VERSIONED, NATURALID, FK, ABSENT, ALL, AND, ANY, ARRAY, AS, ASC, AVG, BETWEEN, BOTH, BREADTH, BY, CASE, CAST, COLLATE, COLUMN, COLUMNS, CONDITIONAL, CONFLICT, CONSTRAINT, CONTAINS, COUNT, CROSS, CUBE, CURRENT, CURRENT_DATE, CURRENT_INSTANT, CURRENT_TIME, CURRENT_TIMESTAMP, CYCLE, DATE, DATETIME, DAY, DEFAULT, DELETE, DEPTH, DESC, DISTINCT, DO, ELEMENT, ELEMENTS, ELSE, EMPTY, END, ENTRY, EPOCH, ERROR, ESCAPE, EVERY, EXCEPT, EXCLUDE, EXISTS, EXTRACT, FETCH, FILTER, FIRST, FOLLOWING, FOR, FORMAT, FROM, FULL, FUNCTION, GROUP, GROUPS, HAVING, HOUR, IGNORE, ILIKE, IN, INCLUDES, INDEX, INDICES, INNER, INSERT, INSTANT, INTERSECT, INTERSECTS, INTO, IS, JOIN, JSON, JSON_ARRAY, JSON_ARRAYAGG, JSON_EXISTS, JSON_OBJECT, JSON_OBJECTAGG, JSON_QUERY, JSON_TABLE, JSON_VALUE, KEY, KEYS, LAST, LATERAL, LEADING, LEFT, LIKE, LIMIT, LIST, LISTAGG, LOCAL, LOCAL_DATE, LOCAL_DATETIME, LOCAL_TIME, MAP, MATERIALIZED, MAX, MAXELEMENT, MAXINDEX, MEMBER, MICROSECOND, MILLISECOND, MIN, MINELEMENT, MININDEX, MINUTE, MONTH, NAME, NANOSECOND, NEW, NESTED, NEXT, NO, NOT, NOTHING, NULLS, OBJECT, OF, OFFSET, OFFSET_DATETIME, ON, ONLY, OR, ORDER, ORDINALITY, OTHERS, OUTER, OVER, OVERFLOW, OVERLAY, PAD, PATH, PARTITION, PASSING, PERCENT, PLACING, POSITION, PRECEDING, QUARTER, RANGE, RESPECT, RETURNING, RIGHT, ROLLUP, ROW, ROWS, SEARCH, SECOND, SELECT, SET, SIZE, SOME, SUBSTRING, SUM, THEN, TIES, TIME, TIMESTAMP, TIMEZONE_HOUR, TIMEZONE_MINUTE, TO, TRAILING, TREAT, TRIM, TRUNC, TRUNCATE, TYPE, UNBOUNDED, UNCONDITIONAL, UNION, UNIQUE, UPDATE, USING, VALUE, VALUES, WEEK, WHEN, WHERE, WITH, WITHIN, WITHOUT, WRAPPER, XML, XMLAGG, XMLATTRIBUTES, XMLELEMENT, XMLEXISTS, XMLFOREST, XMLPI, XMLQUERY, XMLTABLE, YEAR, ZONED, NULL, TRUE, FALSE, STRING_LITERAL, JAVA_STRING_LITERAL, INTEGER_LITERAL, LONG_LITERAL, FLOAT_LITERAL, DOUBLE_LITERAL, BIG_INTEGER_LITERAL, BIG_DECIMAL_LITERAL, HEX_LITERAL, BINARY_LITERAL, '{ts', '{d', '{t', '+', '-', IDENTIFIER, QUOTED_IDENTIFIER; Bad HQL grammar [    SELECT
]
	at org.springframework.data.jpa.repository.query.BadJpqlGrammarErrorListener.syntaxError(BadJpqlGrammarErrorListener.java:53) ~[spring-data-jpa-4.0.2.jar:4.0.2]
	at org.antlr.v4.runtime.ProxyErrorListener.syntaxError(ProxyErrorListener.java:41) ~[antlr4-runtime-4.13.2.jar:4.13.2]
	at org.antlr.v4.runtime.Parser.notifyErrorListeners(Parser.java:544) ~[antlr4-runtime-4.13.2.jar:4.13.2]
	at org.antlr.v4.runtime.DefaultErrorStrategy.reportInputMismatch(DefaultErrorStrategy.java:327) ~[antlr4-runtime-4.13.2.jar:4.13.2]
	at org.antlr.v4.runtime.DefaultErrorStrategy.reportError(DefaultErrorStrategy.java:139) ~[antlr4-runtime-4.13.2.jar:4.13.2]
	at org.springframework.data.jpa.repository.query.HqlParser.selectClause(HqlParser.java:3749) ~[spring-data-jpa-4.0.2.jar:4.0.2]
	at org.springframework.data.jpa.repository.query.HqlParser.query(HqlParser.java:1377) ~[spring-data-jpa-4.0.2.jar:4.0.2]
	at org.springframework.data.jpa.repository.query.HqlParser.orderedQuery(HqlParser.java:1218) ~[spring-data-jpa-4.0.2.jar:4.0.2]
	at org.springframework.data.jpa.repository.query.HqlParser.queryExpression(HqlParser.java:587) ~[spring-data-jpa-4.0.2.jar:4.0.2]
	at org.springframework.data.jpa.repository.query.HqlParser.selectStatement(HqlParser.java:519) ~[spring-data-jpa-4.0.2.jar:4.0.2]
	at org.springframework.data.jpa.repository.query.HqlParser.ql_statement(HqlParser.java:449) ~[spring-data-jpa-4.0.2.jar:4.0.2]
	at org.springframework.data.jpa.repository.query.HqlParser.start(HqlParser.java:386) ~[spring-data-jpa-4.0.2.jar:4.0.2]
	at org.springframework.data.jpa.repository.query.JpaQueryEnhancer.parse(JpaQueryEnhancer.java:102) ~[spring-data-jpa-4.0.2.jar:4.0.2]
	at org.springframework.data.jpa.repository.query.JpaQueryEnhancer$HqlQueryParser.<init>(JpaQueryEnhancer.java:286) ~[spring-data-jpa-4.0.2.jar:4.0.2]
	at org.springframework.data.jpa.repository.query.JpaQueryEnhancer$HqlQueryParser.parseQuery(JpaQueryEnhancer.java:298) ~[spring-data-jpa-4.0.2.jar:4.0.2]
	at org.springframework.data.jpa.repository.query.JpaQueryEnhancer.forHql(JpaQueryEnhancer.java:159) ~[spring-data-jpa-4.0.2.jar:4.0.2]
	at org.springframework.data.jpa.repository.query.QueryEnhancerFactories$BuiltinQueryEnhancerFactories$3.create(QueryEnhancerFactories.java:91) ~[spring-data-jpa-4.0.2.jar:4.0.2]
	at org.springframework.data.jpa.repository.query.DefaultEntityQuery.<init>(DefaultEntityQuery.java:50) ~[spring-data-jpa-4.0.2.jar:4.0.2]
	at org.springframework.data.jpa.repository.query.EntityQuery.create(EntityQuery.java:47) ~[spring-data-jpa-4.0.2.jar:4.0.2]
	at org.springframework.data.jpa.repository.query.TemplatedQuery.create(TemplatedQuery.java:91) ~[spring-data-jpa-4.0.2.jar:4.0.2]
	at org.springframework.data.jpa.repository.query.AbstractStringBasedJpaQuery.<init>(AbstractStringBasedJpaQuery.java:101) ~[spring-data-jpa-4.0.2.jar:4.0.2]
	at org.springframework.data.jpa.repository.query.SimpleJpaQuery.<init>(SimpleJpaQuery.java:50) ~[spring-data-jpa-4.0.2.jar:4.0.2]
	at org.springframework.data.jpa.repository.query.JpaQueryLookupStrategy$DeclaredQueryLookupStrategy.createStringQuery(JpaQueryLookupStrategy.java:228) ~[spring-data-jpa-4.0.2.jar:4.0.2]
	at org.springframework.data.jpa.repository.query.JpaQueryLookupStrategy$DeclaredQueryLookupStrategy.resolveQuery(JpaQueryLookupStrategy.java:160) ~[spring-data-jpa-4.0.2.jar:4.0.2]
	at org.springframework.data.jpa.repository.query.JpaQueryLookupStrategy$CreateIfNotFoundQueryLookupStrategy.resolveQuery(JpaQueryLookupStrategy.java:285) ~[spring-data-jpa-4.0.2.jar:4.0.2]
	at org.springframework.data.jpa.repository.query.JpaQueryLookupStrategy$AbstractQueryLookupStrategy.resolveQuery(JpaQueryLookupStrategy.java:93) ~[spring-data-jpa-4.0.2.jar:4.0.2]
	at org.springframework.data.repository.core.support.QueryExecutorMethodInterceptor.lookupQuery(QueryExecutorMethodInterceptor.java:114) ~[spring-data-commons-4.0.2.jar:4.0.2]
	... 59 common frames omitted

2026-03-08T00:05:09.043+07:00  INFO 20316 --- [ielts] [restartedMain] com.ddhva.ielts.IeltsApplication         : Starting IeltsApplication using Java 22.0.2 with PID 20316 (D:\DDHVA\Backend\ielts\target\classes started by Admin in D:\DDHVA\Backend\ielts)
2026-03-08T00:05:09.043+07:00 DEBUG 20316 --- [ielts] [restartedMain] com.ddhva.ielts.IeltsApplication         : Running with Spring Boot v4.0.2, Spring v7.0.3
2026-03-08T00:05:09.043+07:00  INFO 20316 --- [ielts] [restartedMain] com.ddhva.ielts.IeltsApplication         : No active profile set, falling back to 1 default profile: "default"
2026-03-08T00:05:09.239+07:00  INFO 20316 --- [ielts] [restartedMain] o.apache.catalina.core.StandardService   : Starting service [Tomcat]
2026-03-08T00:05:09.240+07:00  INFO 20316 --- [ielts] [restartedMain] o.apache.catalina.core.StandardEngine    : Starting Servlet engine: [Apache Tomcat/11.0.15]
2026-03-08T00:05:09.269+07:00 DEBUG 20316 --- [ielts] [restartedMain] com.ddhva.ielts.util.JWTFilter           : Filter 'JWTFilter' configured for use
2026-03-08T00:05:09.288+07:00  INFO 20316 --- [ielts] [restartedMain] org.hibernate.orm.jpa                    : HHH008540: Processing PersistenceUnitInfo [name: default]
2026-03-08T00:05:09.299+07:00  INFO 20316 --- [ielts] [restartedMain] com.zaxxer.hikari.HikariDataSource       : HikariPool-6 - Starting...
2026-03-08T00:05:09.308+07:00  INFO 20316 --- [ielts] [restartedMain] com.zaxxer.hikari.pool.HikariPool        : HikariPool-6 - Added connection com.mysql.cj.jdbc.ConnectionImpl@3a1efa93
2026-03-08T00:05:09.308+07:00  INFO 20316 --- [ielts] [restartedMain] com.zaxxer.hikari.HikariDataSource       : HikariPool-6 - Start completed.
2026-03-08T00:05:09.309+07:00  WARN 20316 --- [ielts] [restartedMain] org.hibernate.orm.deprecation            : HHH90000025: MySQLDialect does not need to be specified explicitly using 'hibernate.dialect' (remove the property setting and it will be selected by default)
2026-03-08T00:05:09.309+07:00  INFO 20316 --- [ielts] [restartedMain] org.hibernate.orm.connections.pooling    : HHH10001005: Database info:
	Database JDBC URL [jdbc:mysql://localhost:3306/db_ielts]
	Database driver: MySQL Connector/J
	Database dialect: MySQLDialect
	Database version: 8.0.37
	Default catalog/schema: db_ielts/undefined
	Autocommit mode: undefined/unknown
	Isolation level: REPEATABLE_READ [default REPEATABLE_READ]
	JDBC fetch size: none
	Pool: DataSourceConnectionProvider
	Minimum pool size: undefined/unknown
	Maximum pool size: undefined/unknown
2026-03-08T00:05:09.402+07:00  INFO 20316 --- [ielts] [restartedMain] org.hibernate.orm.core                   : HHH000489: No JTA platform available (set 'hibernate.transaction.jta.platform' to enable JTA platform integration)
2026-03-08T00:05:09.473+07:00  WARN 20316 --- [ielts] [restartedMain] ConfigServletWebServerApplicationContext : Exception encountered during context initialization - cancelling refresh attempt: org.springframework.beans.factory.UnsatisfiedDependencyException: Error creating bean with name 'vocabularyController' defined in file [D:\DDHVA\Backend\ielts\target\classes\com\ddhva\ielts\controller\VocabularyController.class]: Unsatisfied dependency expressed through constructor parameter 0: Error creating bean with name 'vocabularyServiceImpl' defined in file [D:\DDHVA\Backend\ielts\target\classes\com\ddhva\ielts\service\impl\VocabularyServiceImpl.class]: Unsatisfied dependency expressed through constructor parameter 0: Error creating bean with name 'vocabularyRepository' defined in com.ddhva.ielts.repositories.VocabularyRepository defined in @EnableJpaRepositories declared on DataJpaRepositoriesRegistrar.EnableJpaRepositoriesConfiguration: At 2:20 and token 'v', extraneous input 'v' expecting <EOF>; Bad HQL grammar [    SELECT
    FROM Vocabulary v
]
2026-03-08T00:05:09.473+07:00  INFO 20316 --- [ielts] [restartedMain] com.zaxxer.hikari.HikariDataSource       : HikariPool-6 - Shutdown initiated...
2026-03-08T00:05:09.511+07:00  INFO 20316 --- [ielts] [restartedMain] com.zaxxer.hikari.HikariDataSource       : HikariPool-6 - Shutdown completed.
2026-03-08T00:05:09.511+07:00  INFO 20316 --- [ielts] [restartedMain] o.apache.catalina.core.StandardService   : Stopping service [Tomcat]
2026-03-08T00:05:09.513+07:00 ERROR 20316 --- [ielts] [restartedMain] o.s.boot.SpringApplication               : Application run failed

org.springframework.beans.factory.UnsatisfiedDependencyException: Error creating bean with name 'vocabularyController' defined in file [D:\DDHVA\Backend\ielts\target\classes\com\ddhva\ielts\controller\VocabularyController.class]: Unsatisfied dependency expressed through constructor parameter 0: Error creating bean with name 'vocabularyServiceImpl' defined in file [D:\DDHVA\Backend\ielts\target\classes\com\ddhva\ielts\service\impl\VocabularyServiceImpl.class]: Unsatisfied dependency expressed through constructor parameter 0: Error creating bean with name 'vocabularyRepository' defined in com.ddhva.ielts.repositories.VocabularyRepository defined in @EnableJpaRepositories declared on DataJpaRepositoriesRegistrar.EnableJpaRepositoriesConfiguration: At 2:20 and token 'v', extraneous input 'v' expecting <EOF>; Bad HQL grammar [    SELECT
    FROM Vocabulary v
]
	at org.springframework.beans.factory.support.ConstructorResolver.createArgumentArray(ConstructorResolver.java:804) ~[spring-beans-7.0.3.jar:7.0.3]
	at org.springframework.beans.factory.support.ConstructorResolver.autowireConstructor(ConstructorResolver.java:240) ~[spring-beans-7.0.3.jar:7.0.3]
	at org.springframework.beans.factory.support.AbstractAutowireCapableBeanFactory.autowireConstructor(AbstractAutowireCapableBeanFactory.java:1382) ~[spring-beans-7.0.3.jar:7.0.3]
	at org.springframework.beans.factory.support.AbstractAutowireCapableBeanFactory.createBeanInstance(AbstractAutowireCapableBeanFactory.java:1221) ~[spring-beans-7.0.3.jar:7.0.3]
	at org.springframework.beans.factory.support.AbstractAutowireCapableBeanFactory.doCreateBean(AbstractAutowireCapableBeanFactory.java:565) ~[spring-beans-7.0.3.jar:7.0.3]
	at org.springframework.beans.factory.support.AbstractAutowireCapableBeanFactory.createBean(AbstractAutowireCapableBeanFactory.java:525) ~[spring-beans-7.0.3.jar:7.0.3]
	at org.springframework.beans.factory.support.AbstractBeanFactory.lambda$doGetBean$0(AbstractBeanFactory.java:333) ~[spring-beans-7.0.3.jar:7.0.3]
	at org.springframework.beans.factory.support.DefaultSingletonBeanRegistry.getSingleton(DefaultSingletonBeanRegistry.java:371) ~[spring-beans-7.0.3.jar:7.0.3]
	at org.springframework.beans.factory.support.AbstractBeanFactory.doGetBean(AbstractBeanFactory.java:331) ~[spring-beans-7.0.3.jar:7.0.3]
	at org.springframework.beans.factory.support.AbstractBeanFactory.getBean(AbstractBeanFactory.java:196) ~[spring-beans-7.0.3.jar:7.0.3]
	at org.springframework.beans.factory.support.DefaultListableBeanFactory.instantiateSingleton(DefaultListableBeanFactory.java:1218) ~[spring-beans-7.0.3.jar:7.0.3]
	at org.springframework.beans.factory.support.DefaultListableBeanFactory.preInstantiateSingleton(DefaultListableBeanFactory.java:1184) ~[spring-beans-7.0.3.jar:7.0.3]
	at org.springframework.beans.factory.support.DefaultListableBeanFactory.preInstantiateSingletons(DefaultListableBeanFactory.java:1121) ~[spring-beans-7.0.3.jar:7.0.3]
	at org.springframework.context.support.AbstractApplicationContext.finishBeanFactoryInitialization(AbstractApplicationContext.java:993) ~[spring-context-7.0.3.jar:7.0.3]
	at org.springframework.context.support.AbstractApplicationContext.refresh(AbstractApplicationContext.java:620) ~[spring-context-7.0.3.jar:7.0.3]
	at org.springframework.boot.web.server.servlet.context.ServletWebServerApplicationContext.refresh(ServletWebServerApplicationContext.java:143) ~[spring-boot-web-server-4.0.2.jar:4.0.2]
	at org.springframework.boot.SpringApplication.refresh(SpringApplication.java:756) ~[spring-boot-4.0.2.jar:4.0.2]
	at org.springframework.boot.SpringApplication.refreshContext(SpringApplication.java:445) ~[spring-boot-4.0.2.jar:4.0.2]
	at org.springframework.boot.SpringApplication.run(SpringApplication.java:321) ~[spring-boot-4.0.2.jar:4.0.2]
	at org.springframework.boot.SpringApplication.run(SpringApplication.java:1365) ~[spring-boot-4.0.2.jar:4.0.2]
	at org.springframework.boot.SpringApplication.run(SpringApplication.java:1354) ~[spring-boot-4.0.2.jar:4.0.2]
	at com.ddhva.ielts.IeltsApplication.main(IeltsApplication.java:16) ~[classes/:na]
	at java.base/jdk.internal.reflect.DirectMethodHandleAccessor.invoke(DirectMethodHandleAccessor.java:103) ~[na:na]
	at java.base/java.lang.reflect.Method.invoke(Method.java:580) ~[na:na]
	at org.springframework.boot.devtools.restart.RestartLauncher.run(RestartLauncher.java:52) ~[spring-boot-devtools-4.0.2.jar:4.0.2]
Caused by: org.springframework.beans.factory.UnsatisfiedDependencyException: Error creating bean with name 'vocabularyServiceImpl' defined in file [D:\DDHVA\Backend\ielts\target\classes\com\ddhva\ielts\service\impl\VocabularyServiceImpl.class]: Unsatisfied dependency expressed through constructor parameter 0: Error creating bean with name 'vocabularyRepository' defined in com.ddhva.ielts.repositories.VocabularyRepository defined in @EnableJpaRepositories declared on DataJpaRepositoriesRegistrar.EnableJpaRepositoriesConfiguration: At 2:20 and token 'v', extraneous input 'v' expecting <EOF>; Bad HQL grammar [    SELECT
    FROM Vocabulary v
]
	at org.springframework.beans.factory.support.ConstructorResolver.createArgumentArray(ConstructorResolver.java:804) ~[spring-beans-7.0.3.jar:7.0.3]
	at org.springframework.beans.factory.support.ConstructorResolver.autowireConstructor(ConstructorResolver.java:240) ~[spring-beans-7.0.3.jar:7.0.3]
	at org.springframework.beans.factory.support.AbstractAutowireCapableBeanFactory.autowireConstructor(AbstractAutowireCapableBeanFactory.java:1382) ~[spring-beans-7.0.3.jar:7.0.3]
	at org.springframework.beans.factory.support.AbstractAutowireCapableBeanFactory.createBeanInstance(AbstractAutowireCapableBeanFactory.java:1221) ~[spring-beans-7.0.3.jar:7.0.3]
	at org.springframework.beans.factory.support.AbstractAutowireCapableBeanFactory.doCreateBean(AbstractAutowireCapableBeanFactory.java:565) ~[spring-beans-7.0.3.jar:7.0.3]
	at org.springframework.beans.factory.support.AbstractAutowireCapableBeanFactory.createBean(AbstractAutowireCapableBeanFactory.java:525) ~[spring-beans-7.0.3.jar:7.0.3]
	at org.springframework.beans.factory.support.AbstractBeanFactory.lambda$doGetBean$0(AbstractBeanFactory.java:333) ~[spring-beans-7.0.3.jar:7.0.3]
	at org.springframework.beans.factory.support.DefaultSingletonBeanRegistry.getSingleton(DefaultSingletonBeanRegistry.java:371) ~[spring-beans-7.0.3.jar:7.0.3]
	at org.springframework.beans.factory.support.AbstractBeanFactory.doGetBean(AbstractBeanFactory.java:331) ~[spring-beans-7.0.3.jar:7.0.3]
	at org.springframework.beans.factory.support.AbstractBeanFactory.getBean(AbstractBeanFactory.java:201) ~[spring-beans-7.0.3.jar:7.0.3]
	at org.springframework.beans.factory.config.DependencyDescriptor.resolveCandidate(DependencyDescriptor.java:229) ~[spring-beans-7.0.3.jar:7.0.3]
	at org.springframework.beans.factory.support.DefaultListableBeanFactory.doResolveDependency(DefaultListableBeanFactory.java:1762) ~[spring-beans-7.0.3.jar:7.0.3]
	at org.springframework.beans.factory.support.DefaultListableBeanFactory.resolveDependency(DefaultListableBeanFactory.java:1651) ~[spring-beans-7.0.3.jar:7.0.3]
	at org.springframework.beans.factory.support.ConstructorResolver.resolveAutowiredArgument(ConstructorResolver.java:912) ~[spring-beans-7.0.3.jar:7.0.3]
	at org.springframework.beans.factory.support.ConstructorResolver.createArgumentArray(ConstructorResolver.java:791) ~[spring-beans-7.0.3.jar:7.0.3]
	... 24 common frames omitted
Caused by: org.springframework.beans.factory.BeanCreationException: Error creating bean with name 'vocabularyRepository' defined in com.ddhva.ielts.repositories.VocabularyRepository defined in @EnableJpaRepositories declared on DataJpaRepositoriesRegistrar.EnableJpaRepositoriesConfiguration: At 2:20 and token 'v', extraneous input 'v' expecting <EOF>; Bad HQL grammar [    SELECT
    FROM Vocabulary v
]
	at org.springframework.beans.factory.support.AbstractAutowireCapableBeanFactory.initializeBean(AbstractAutowireCapableBeanFactory.java:1817) ~[spring-beans-7.0.3.jar:7.0.3]
	at org.springframework.beans.factory.support.AbstractAutowireCapableBeanFactory.doCreateBean(AbstractAutowireCapableBeanFactory.java:603) ~[spring-beans-7.0.3.jar:7.0.3]
	at org.springframework.beans.factory.support.AbstractAutowireCapableBeanFactory.createBean(AbstractAutowireCapableBeanFactory.java:525) ~[spring-beans-7.0.3.jar:7.0.3]
	at org.springframework.beans.factory.support.AbstractBeanFactory.lambda$doGetBean$0(AbstractBeanFactory.java:333) ~[spring-beans-7.0.3.jar:7.0.3]
	at org.springframework.beans.factory.support.DefaultSingletonBeanRegistry.getSingleton(DefaultSingletonBeanRegistry.java:371) ~[spring-beans-7.0.3.jar:7.0.3]
	at org.springframework.beans.factory.support.AbstractBeanFactory.doGetBean(AbstractBeanFactory.java:331) ~[spring-beans-7.0.3.jar:7.0.3]
	at org.springframework.beans.factory.support.AbstractBeanFactory.getBean(AbstractBeanFactory.java:201) ~[spring-beans-7.0.3.jar:7.0.3]
	at org.springframework.beans.factory.support.DefaultListableBeanFactory.resolveBean(DefaultListableBeanFactory.java:1225) ~[spring-beans-7.0.3.jar:7.0.3]
	at org.springframework.beans.factory.support.DefaultListableBeanFactory.doResolveDependency(DefaultListableBeanFactory.java:1704) ~[spring-beans-7.0.3.jar:7.0.3]
	at org.springframework.beans.factory.support.DefaultListableBeanFactory.resolveDependency(DefaultListableBeanFactory.java:1651) ~[spring-beans-7.0.3.jar:7.0.3]
	at org.springframework.beans.factory.support.ConstructorResolver.resolveAutowiredArgument(ConstructorResolver.java:912) ~[spring-beans-7.0.3.jar:7.0.3]
	at org.springframework.beans.factory.support.ConstructorResolver.createArgumentArray(ConstructorResolver.java:791) ~[spring-beans-7.0.3.jar:7.0.3]
	... 38 common frames omitted
Caused by: org.springframework.data.repository.query.QueryCreationException: Cannot create query for method [VocabularyRepository.findVocabularyByWord(java.lang.String)]; At 2:20 and token 'v', extraneous input 'v' expecting <EOF>; Bad HQL grammar [    SELECT
    FROM Vocabulary v
]
	at org.springframework.data.repository.query.QueryCreationException.create(QueryCreationException.java:139) ~[spring-data-commons-4.0.2.jar:4.0.2]
	at org.springframework.data.repository.core.support.QueryExecutorMethodInterceptor.lookupQuery(QueryExecutorMethodInterceptor.java:118) ~[spring-data-commons-4.0.2.jar:4.0.2]
	at org.springframework.data.repository.core.support.QueryExecutorMethodInterceptor.mapMethodsToQuery(QueryExecutorMethodInterceptor.java:102) ~[spring-data-commons-4.0.2.jar:4.0.2]
	at org.springframework.data.repository.core.support.QueryExecutorMethodInterceptor.<init>(QueryExecutorMethodInterceptor.java:90) ~[spring-data-commons-4.0.2.jar:4.0.2]
	at org.springframework.data.repository.core.support.RepositoryFactorySupport.getRepository(RepositoryFactorySupport.java:413) ~[spring-data-commons-4.0.2.jar:4.0.2]
	at org.springframework.data.repository.core.support.RepositoryFactoryBeanSupport.lambda$afterPropertiesSet$1(RepositoryFactoryBeanSupport.java:361) ~[spring-data-commons-4.0.2.jar:4.0.2]
	at org.springframework.data.util.Lazy.getNullable(Lazy.java:136) ~[spring-data-commons-4.0.2.jar:4.0.2]
	at org.springframework.data.util.Lazy.get(Lazy.java:114) ~[spring-data-commons-4.0.2.jar:4.0.2]
	at org.springframework.data.repository.core.support.RepositoryFactoryBeanSupport.afterPropertiesSet(RepositoryFactoryBeanSupport.java:370) ~[spring-data-commons-4.0.2.jar:4.0.2]
	at org.springframework.data.jpa.repository.support.JpaRepositoryFactoryBean.afterPropertiesSet(JpaRepositoryFactoryBean.java:212) ~[spring-data-jpa-4.0.2.jar:4.0.2]
	at org.springframework.beans.factory.support.AbstractAutowireCapableBeanFactory.invokeInitMethods(AbstractAutowireCapableBeanFactory.java:1864) ~[spring-beans-7.0.3.jar:7.0.3]
	at org.springframework.beans.factory.support.AbstractAutowireCapableBeanFactory.initializeBean(AbstractAutowireCapableBeanFactory.java:1813) ~[spring-beans-7.0.3.jar:7.0.3]
	... 49 common frames omitted
Caused by: org.springframework.data.jpa.repository.query.BadJpqlGrammarException: At 2:20 and token 'v', extraneous input 'v' expecting <EOF>; Bad HQL grammar [    SELECT
    FROM Vocabulary v
]
	at org.springframework.data.jpa.repository.query.BadJpqlGrammarErrorListener.syntaxError(BadJpqlGrammarErrorListener.java:53) ~[spring-data-jpa-4.0.2.jar:4.0.2]
	at org.antlr.v4.runtime.ProxyErrorListener.syntaxError(ProxyErrorListener.java:41) ~[antlr4-runtime-4.13.2.jar:4.13.2]
	at org.antlr.v4.runtime.Parser.notifyErrorListeners(Parser.java:544) ~[antlr4-runtime-4.13.2.jar:4.13.2]
	at org.antlr.v4.runtime.DefaultErrorStrategy.reportUnwantedToken(DefaultErrorStrategy.java:377) ~[antlr4-runtime-4.13.2.jar:4.13.2]
	at org.antlr.v4.runtime.DefaultErrorStrategy.singleTokenDeletion(DefaultErrorStrategy.java:548) ~[antlr4-runtime-4.13.2.jar:4.13.2]
	at org.antlr.v4.runtime.DefaultErrorStrategy.recoverInline(DefaultErrorStrategy.java:467) ~[antlr4-runtime-4.13.2.jar:4.13.2]
	at org.antlr.v4.runtime.Parser.match(Parser.java:208) ~[antlr4-runtime-4.13.2.jar:4.13.2]
	at org.springframework.data.jpa.repository.query.HqlParser.start(HqlParser.java:388) ~[spring-data-jpa-4.0.2.jar:4.0.2]
	at org.springframework.data.jpa.repository.query.JpaQueryEnhancer.parse(JpaQueryEnhancer.java:102) ~[spring-data-jpa-4.0.2.jar:4.0.2]
	at org.springframework.data.jpa.repository.query.JpaQueryEnhancer$HqlQueryParser.<init>(JpaQueryEnhancer.java:286) ~[spring-data-jpa-4.0.2.jar:4.0.2]
	at org.springframework.data.jpa.repository.query.JpaQueryEnhancer$HqlQueryParser.parseQuery(JpaQueryEnhancer.java:298) ~[spring-data-jpa-4.0.2.jar:4.0.2]
	at org.springframework.data.jpa.repository.query.JpaQueryEnhancer.forHql(JpaQueryEnhancer.java:159) ~[spring-data-jpa-4.0.2.jar:4.0.2]
	at org.springframework.data.jpa.repository.query.QueryEnhancerFactories$BuiltinQueryEnhancerFactories$3.create(QueryEnhancerFactories.java:91) ~[spring-data-jpa-4.0.2.jar:4.0.2]
	at org.springframework.data.jpa.repository.query.DefaultEntityQuery.<init>(DefaultEntityQuery.java:50) ~[spring-data-jpa-4.0.2.jar:4.0.2]
	at org.springframework.data.jpa.repository.query.EntityQuery.create(EntityQuery.java:47) ~[spring-data-jpa-4.0.2.jar:4.0.2]
	at org.springframework.data.jpa.repository.query.TemplatedQuery.create(TemplatedQuery.java:91) ~[spring-data-jpa-4.0.2.jar:4.0.2]
	at org.springframework.data.jpa.repository.query.AbstractStringBasedJpaQuery.<init>(AbstractStringBasedJpaQuery.java:101) ~[spring-data-jpa-4.0.2.jar:4.0.2]
	at org.springframework.data.jpa.repository.query.SimpleJpaQuery.<init>(SimpleJpaQuery.java:50) ~[spring-data-jpa-4.0.2.jar:4.0.2]
	at org.springframework.data.jpa.repository.query.JpaQueryLookupStrategy$DeclaredQueryLookupStrategy.createStringQuery(JpaQueryLookupStrategy.java:228) ~[spring-data-jpa-4.0.2.jar:4.0.2]
	at org.springframework.data.jpa.repository.query.JpaQueryLookupStrategy$DeclaredQueryLookupStrategy.resolveQuery(JpaQueryLookupStrategy.java:160) ~[spring-data-jpa-4.0.2.jar:4.0.2]
	at org.springframework.data.jpa.repository.query.JpaQueryLookupStrategy$CreateIfNotFoundQueryLookupStrategy.resolveQuery(JpaQueryLookupStrategy.java:285) ~[spring-data-jpa-4.0.2.jar:4.0.2]
	at org.springframework.data.jpa.repository.query.JpaQueryLookupStrategy$AbstractQueryLookupStrategy.resolveQuery(JpaQueryLookupStrategy.java:93) ~[spring-data-jpa-4.0.2.jar:4.0.2]
	at org.springframework.data.repository.core.support.QueryExecutorMethodInterceptor.lookupQuery(QueryExecutorMethodInterceptor.java:114) ~[spring-data-commons-4.0.2.jar:4.0.2]
	... 59 common frames omitted

2026-03-08T00:05:10.939+07:00  INFO 20316 --- [ielts] [restartedMain] com.ddhva.ielts.IeltsApplication         : Starting IeltsApplication using Java 22.0.2 with PID 20316 (D:\DDHVA\Backend\ielts\target\classes started by Admin in D:\DDHVA\Backend\ielts)
2026-03-08T00:05:10.939+07:00 DEBUG 20316 --- [ielts] [restartedMain] com.ddhva.ielts.IeltsApplication         : Running with Spring Boot v4.0.2, Spring v7.0.3
2026-03-08T00:05:10.940+07:00  INFO 20316 --- [ielts] [restartedMain] com.ddhva.ielts.IeltsApplication         : No active profile set, falling back to 1 default profile: "default"
2026-03-08T00:05:11.194+07:00  INFO 20316 --- [ielts] [restartedMain] o.apache.catalina.core.StandardService   : Starting service [Tomcat]
2026-03-08T00:05:11.195+07:00  INFO 20316 --- [ielts] [restartedMain] o.apache.catalina.core.StandardEngine    : Starting Servlet engine: [Apache Tomcat/11.0.15]
2026-03-08T00:05:11.228+07:00 DEBUG 20316 --- [ielts] [restartedMain] com.ddhva.ielts.util.JWTFilter           : Filter 'JWTFilter' configured for use
2026-03-08T00:05:11.247+07:00  INFO 20316 --- [ielts] [restartedMain] org.hibernate.orm.jpa                    : HHH008540: Processing PersistenceUnitInfo [name: default]
2026-03-08T00:05:11.258+07:00  INFO 20316 --- [ielts] [restartedMain] com.zaxxer.hikari.HikariDataSource       : HikariPool-7 - Starting...
2026-03-08T00:05:11.266+07:00  INFO 20316 --- [ielts] [restartedMain] com.zaxxer.hikari.pool.HikariPool        : HikariPool-7 - Added connection com.mysql.cj.jdbc.ConnectionImpl@2d825eb2
2026-03-08T00:05:11.266+07:00  INFO 20316 --- [ielts] [restartedMain] com.zaxxer.hikari.HikariDataSource       : HikariPool-7 - Start completed.
2026-03-08T00:05:11.267+07:00  WARN 20316 --- [ielts] [restartedMain] org.hibernate.orm.deprecation            : HHH90000025: MySQLDialect does not need to be specified explicitly using 'hibernate.dialect' (remove the property setting and it will be selected by default)
2026-03-08T00:05:11.267+07:00  INFO 20316 --- [ielts] [restartedMain] org.hibernate.orm.connections.pooling    : HHH10001005: Database info:
	Database JDBC URL [jdbc:mysql://localhost:3306/db_ielts]
	Database driver: MySQL Connector/J
	Database dialect: MySQLDialect
	Database version: 8.0.37
	Default catalog/schema: db_ielts/undefined
	Autocommit mode: undefined/unknown
	Isolation level: REPEATABLE_READ [default REPEATABLE_READ]
	JDBC fetch size: none
	Pool: DataSourceConnectionProvider
	Minimum pool size: undefined/unknown
	Maximum pool size: undefined/unknown
2026-03-08T00:05:11.364+07:00  INFO 20316 --- [ielts] [restartedMain] org.hibernate.orm.core                   : HHH000489: No JTA platform available (set 'hibernate.transaction.jta.platform' to enable JTA platform integration)
2026-03-08T00:05:11.433+07:00  WARN 20316 --- [ielts] [restartedMain] ConfigServletWebServerApplicationContext : Exception encountered during context initialization - cancelling refresh attempt: org.springframework.beans.factory.UnsatisfiedDependencyException: Error creating bean with name 'vocabularyController' defined in file [D:\DDHVA\Backend\ielts\target\classes\com\ddhva\ielts\controller\VocabularyController.class]: Unsatisfied dependency expressed through constructor parameter 0: Error creating bean with name 'vocabularyServiceImpl' defined in file [D:\DDHVA\Backend\ielts\target\classes\com\ddhva\ielts\service\impl\VocabularyServiceImpl.class]: Unsatisfied dependency expressed through constructor parameter 0: Error creating bean with name 'vocabularyRepository' defined in com.ddhva.ielts.repositories.VocabularyRepository defined in @EnableJpaRepositories declared on DataJpaRepositoriesRegistrar.EnableJpaRepositoriesConfiguration: At 2:20 and token 'v', extraneous input 'v' expecting <EOF>; Bad HQL grammar [    SELECT
    FROM Vocabulary v
]
2026-03-08T00:05:11.433+07:00  INFO 20316 --- [ielts] [restartedMain] com.zaxxer.hikari.HikariDataSource       : HikariPool-7 - Shutdown initiated...
2026-03-08T00:05:11.471+07:00  INFO 20316 --- [ielts] [restartedMain] com.zaxxer.hikari.HikariDataSource       : HikariPool-7 - Shutdown completed.
2026-03-08T00:05:11.472+07:00  INFO 20316 --- [ielts] [restartedMain] o.apache.catalina.core.StandardService   : Stopping service [Tomcat]
2026-03-08T00:05:11.475+07:00 ERROR 20316 --- [ielts] [restartedMain] o.s.boot.SpringApplication               : Application run failed

org.springframework.beans.factory.UnsatisfiedDependencyException: Error creating bean with name 'vocabularyController' defined in file [D:\DDHVA\Backend\ielts\target\classes\com\ddhva\ielts\controller\VocabularyController.class]: Unsatisfied dependency expressed through constructor parameter 0: Error creating bean with name 'vocabularyServiceImpl' defined in file [D:\DDHVA\Backend\ielts\target\classes\com\ddhva\ielts\service\impl\VocabularyServiceImpl.class]: Unsatisfied dependency expressed through constructor parameter 0: Error creating bean with name 'vocabularyRepository' defined in com.ddhva.ielts.repositories.VocabularyRepository defined in @EnableJpaRepositories declared on DataJpaRepositoriesRegistrar.EnableJpaRepositoriesConfiguration: At 2:20 and token 'v', extraneous input 'v' expecting <EOF>; Bad HQL grammar [    SELECT
    FROM Vocabulary v
]
	at org.springframework.beans.factory.support.ConstructorResolver.createArgumentArray(ConstructorResolver.java:804) ~[spring-beans-7.0.3.jar:7.0.3]
	at org.springframework.beans.factory.support.ConstructorResolver.autowireConstructor(ConstructorResolver.java:240) ~[spring-beans-7.0.3.jar:7.0.3]
	at org.springframework.beans.factory.support.AbstractAutowireCapableBeanFactory.autowireConstructor(AbstractAutowireCapableBeanFactory.java:1382) ~[spring-beans-7.0.3.jar:7.0.3]
	at org.springframework.beans.factory.support.AbstractAutowireCapableBeanFactory.createBeanInstance(AbstractAutowireCapableBeanFactory.java:1221) ~[spring-beans-7.0.3.jar:7.0.3]
	at org.springframework.beans.factory.support.AbstractAutowireCapableBeanFactory.doCreateBean(AbstractAutowireCapableBeanFactory.java:565) ~[spring-beans-7.0.3.jar:7.0.3]
	at org.springframework.beans.factory.support.AbstractAutowireCapableBeanFactory.createBean(AbstractAutowireCapableBeanFactory.java:525) ~[spring-beans-7.0.3.jar:7.0.3]
	at org.springframework.beans.factory.support.AbstractBeanFactory.lambda$doGetBean$0(AbstractBeanFactory.java:333) ~[spring-beans-7.0.3.jar:7.0.3]
	at org.springframework.beans.factory.support.DefaultSingletonBeanRegistry.getSingleton(DefaultSingletonBeanRegistry.java:371) ~[spring-beans-7.0.3.jar:7.0.3]
	at org.springframework.beans.factory.support.AbstractBeanFactory.doGetBean(AbstractBeanFactory.java:331) ~[spring-beans-7.0.3.jar:7.0.3]
	at org.springframework.beans.factory.support.AbstractBeanFactory.getBean(AbstractBeanFactory.java:196) ~[spring-beans-7.0.3.jar:7.0.3]
	at org.springframework.beans.factory.support.DefaultListableBeanFactory.instantiateSingleton(DefaultListableBeanFactory.java:1218) ~[spring-beans-7.0.3.jar:7.0.3]
	at org.springframework.beans.factory.support.DefaultListableBeanFactory.preInstantiateSingleton(DefaultListableBeanFactory.java:1184) ~[spring-beans-7.0.3.jar:7.0.3]
	at org.springframework.beans.factory.support.DefaultListableBeanFactory.preInstantiateSingletons(DefaultListableBeanFactory.java:1121) ~[spring-beans-7.0.3.jar:7.0.3]
	at org.springframework.context.support.AbstractApplicationContext.finishBeanFactoryInitialization(AbstractApplicationContext.java:993) ~[spring-context-7.0.3.jar:7.0.3]
	at org.springframework.context.support.AbstractApplicationContext.refresh(AbstractApplicationContext.java:620) ~[spring-context-7.0.3.jar:7.0.3]
	at org.springframework.boot.web.server.servlet.context.ServletWebServerApplicationContext.refresh(ServletWebServerApplicationContext.java:143) ~[spring-boot-web-server-4.0.2.jar:4.0.2]
	at org.springframework.boot.SpringApplication.refresh(SpringApplication.java:756) ~[spring-boot-4.0.2.jar:4.0.2]
	at org.springframework.boot.SpringApplication.refreshContext(SpringApplication.java:445) ~[spring-boot-4.0.2.jar:4.0.2]
	at org.springframework.boot.SpringApplication.run(SpringApplication.java:321) ~[spring-boot-4.0.2.jar:4.0.2]
	at org.springframework.boot.SpringApplication.run(SpringApplication.java:1365) ~[spring-boot-4.0.2.jar:4.0.2]
	at org.springframework.boot.SpringApplication.run(SpringApplication.java:1354) ~[spring-boot-4.0.2.jar:4.0.2]
	at com.ddhva.ielts.IeltsApplication.main(IeltsApplication.java:16) ~[classes/:na]
	at java.base/jdk.internal.reflect.DirectMethodHandleAccessor.invoke(DirectMethodHandleAccessor.java:103) ~[na:na]
	at java.base/java.lang.reflect.Method.invoke(Method.java:580) ~[na:na]
	at org.springframework.boot.devtools.restart.RestartLauncher.run(RestartLauncher.java:52) ~[spring-boot-devtools-4.0.2.jar:4.0.2]
Caused by: org.springframework.beans.factory.UnsatisfiedDependencyException: Error creating bean with name 'vocabularyServiceImpl' defined in file [D:\DDHVA\Backend\ielts\target\classes\com\ddhva\ielts\service\impl\VocabularyServiceImpl.class]: Unsatisfied dependency expressed through constructor parameter 0: Error creating bean with name 'vocabularyRepository' defined in com.ddhva.ielts.repositories.VocabularyRepository defined in @EnableJpaRepositories declared on DataJpaRepositoriesRegistrar.EnableJpaRepositoriesConfiguration: At 2:20 and token 'v', extraneous input 'v' expecting <EOF>; Bad HQL grammar [    SELECT
    FROM Vocabulary v
]
	at org.springframework.beans.factory.support.ConstructorResolver.createArgumentArray(ConstructorResolver.java:804) ~[spring-beans-7.0.3.jar:7.0.3]
	at org.springframework.beans.factory.support.ConstructorResolver.autowireConstructor(ConstructorResolver.java:240) ~[spring-beans-7.0.3.jar:7.0.3]
	at org.springframework.beans.factory.support.AbstractAutowireCapableBeanFactory.autowireConstructor(AbstractAutowireCapableBeanFactory.java:1382) ~[spring-beans-7.0.3.jar:7.0.3]
	at org.springframework.beans.factory.support.AbstractAutowireCapableBeanFactory.createBeanInstance(AbstractAutowireCapableBeanFactory.java:1221) ~[spring-beans-7.0.3.jar:7.0.3]
	at org.springframework.beans.factory.support.AbstractAutowireCapableBeanFactory.doCreateBean(AbstractAutowireCapableBeanFactory.java:565) ~[spring-beans-7.0.3.jar:7.0.3]
	at org.springframework.beans.factory.support.AbstractAutowireCapableBeanFactory.createBean(AbstractAutowireCapableBeanFactory.java:525) ~[spring-beans-7.0.3.jar:7.0.3]
	at org.springframework.beans.factory.support.AbstractBeanFactory.lambda$doGetBean$0(AbstractBeanFactory.java:333) ~[spring-beans-7.0.3.jar:7.0.3]
	at org.springframework.beans.factory.support.DefaultSingletonBeanRegistry.getSingleton(DefaultSingletonBeanRegistry.java:371) ~[spring-beans-7.0.3.jar:7.0.3]
	at org.springframework.beans.factory.support.AbstractBeanFactory.doGetBean(AbstractBeanFactory.java:331) ~[spring-beans-7.0.3.jar:7.0.3]
	at org.springframework.beans.factory.support.AbstractBeanFactory.getBean(AbstractBeanFactory.java:201) ~[spring-beans-7.0.3.jar:7.0.3]
	at org.springframework.beans.factory.config.DependencyDescriptor.resolveCandidate(DependencyDescriptor.java:229) ~[spring-beans-7.0.3.jar:7.0.3]
	at org.springframework.beans.factory.support.DefaultListableBeanFactory.doResolveDependency(DefaultListableBeanFactory.java:1762) ~[spring-beans-7.0.3.jar:7.0.3]
	at org.springframework.beans.factory.support.DefaultListableBeanFactory.resolveDependency(DefaultListableBeanFactory.java:1651) ~[spring-beans-7.0.3.jar:7.0.3]
	at org.springframework.beans.factory.support.ConstructorResolver.resolveAutowiredArgument(ConstructorResolver.java:912) ~[spring-beans-7.0.3.jar:7.0.3]
	at org.springframework.beans.factory.support.ConstructorResolver.createArgumentArray(ConstructorResolver.java:791) ~[spring-beans-7.0.3.jar:7.0.3]
	... 24 common frames omitted
Caused by: org.springframework.beans.factory.BeanCreationException: Error creating bean with name 'vocabularyRepository' defined in com.ddhva.ielts.repositories.VocabularyRepository defined in @EnableJpaRepositories declared on DataJpaRepositoriesRegistrar.EnableJpaRepositoriesConfiguration: At 2:20 and token 'v', extraneous input 'v' expecting <EOF>; Bad HQL grammar [    SELECT
    FROM Vocabulary v
]
	at org.springframework.beans.factory.support.AbstractAutowireCapableBeanFactory.initializeBean(AbstractAutowireCapableBeanFactory.java:1817) ~[spring-beans-7.0.3.jar:7.0.3]
	at org.springframework.beans.factory.support.AbstractAutowireCapableBeanFactory.doCreateBean(AbstractAutowireCapableBeanFactory.java:603) ~[spring-beans-7.0.3.jar:7.0.3]
	at org.springframework.beans.factory.support.AbstractAutowireCapableBeanFactory.createBean(AbstractAutowireCapableBeanFactory.java:525) ~[spring-beans-7.0.3.jar:7.0.3]
	at org.springframework.beans.factory.support.AbstractBeanFactory.lambda$doGetBean$0(AbstractBeanFactory.java:333) ~[spring-beans-7.0.3.jar:7.0.3]
	at org.springframework.beans.factory.support.DefaultSingletonBeanRegistry.getSingleton(DefaultSingletonBeanRegistry.java:371) ~[spring-beans-7.0.3.jar:7.0.3]
	at org.springframework.beans.factory.support.AbstractBeanFactory.doGetBean(AbstractBeanFactory.java:331) ~[spring-beans-7.0.3.jar:7.0.3]
	at org.springframework.beans.factory.support.AbstractBeanFactory.getBean(AbstractBeanFactory.java:201) ~[spring-beans-7.0.3.jar:7.0.3]
	at org.springframework.beans.factory.support.DefaultListableBeanFactory.resolveBean(DefaultListableBeanFactory.java:1225) ~[spring-beans-7.0.3.jar:7.0.3]
	at org.springframework.beans.factory.support.DefaultListableBeanFactory.doResolveDependency(DefaultListableBeanFactory.java:1704) ~[spring-beans-7.0.3.jar:7.0.3]
	at org.springframework.beans.factory.support.DefaultListableBeanFactory.resolveDependency(DefaultListableBeanFactory.java:1651) ~[spring-beans-7.0.3.jar:7.0.3]
	at org.springframework.beans.factory.support.ConstructorResolver.resolveAutowiredArgument(ConstructorResolver.java:912) ~[spring-beans-7.0.3.jar:7.0.3]
	at org.springframework.beans.factory.support.ConstructorResolver.createArgumentArray(ConstructorResolver.java:791) ~[spring-beans-7.0.3.jar:7.0.3]
	... 38 common frames omitted
Caused by: org.springframework.data.repository.query.QueryCreationException: Cannot create query for method [VocabularyRepository.findVocabularyByWord(java.lang.String)]; At 2:20 and token 'v', extraneous input 'v' expecting <EOF>; Bad HQL grammar [    SELECT
    FROM Vocabulary v
]
	at org.springframework.data.repository.query.QueryCreationException.create(QueryCreationException.java:139) ~[spring-data-commons-4.0.2.jar:4.0.2]
	at org.springframework.data.repository.core.support.QueryExecutorMethodInterceptor.lookupQuery(QueryExecutorMethodInterceptor.java:118) ~[spring-data-commons-4.0.2.jar:4.0.2]
	at org.springframework.data.repository.core.support.QueryExecutorMethodInterceptor.mapMethodsToQuery(QueryExecutorMethodInterceptor.java:102) ~[spring-data-commons-4.0.2.jar:4.0.2]
	at org.springframework.data.repository.core.support.QueryExecutorMethodInterceptor.<init>(QueryExecutorMethodInterceptor.java:90) ~[spring-data-commons-4.0.2.jar:4.0.2]
	at org.springframework.data.repository.core.support.RepositoryFactorySupport.getRepository(RepositoryFactorySupport.java:413) ~[spring-data-commons-4.0.2.jar:4.0.2]
	at org.springframework.data.repository.core.support.RepositoryFactoryBeanSupport.lambda$afterPropertiesSet$1(RepositoryFactoryBeanSupport.java:361) ~[spring-data-commons-4.0.2.jar:4.0.2]
	at org.springframework.data.util.Lazy.getNullable(Lazy.java:136) ~[spring-data-commons-4.0.2.jar:4.0.2]
	at org.springframework.data.util.Lazy.get(Lazy.java:114) ~[spring-data-commons-4.0.2.jar:4.0.2]
	at org.springframework.data.repository.core.support.RepositoryFactoryBeanSupport.afterPropertiesSet(RepositoryFactoryBeanSupport.java:370) ~[spring-data-commons-4.0.2.jar:4.0.2]
	at org.springframework.data.jpa.repository.support.JpaRepositoryFactoryBean.afterPropertiesSet(JpaRepositoryFactoryBean.java:212) ~[spring-data-jpa-4.0.2.jar:4.0.2]
	at org.springframework.beans.factory.support.AbstractAutowireCapableBeanFactory.invokeInitMethods(AbstractAutowireCapableBeanFactory.java:1864) ~[spring-beans-7.0.3.jar:7.0.3]
	at org.springframework.beans.factory.support.AbstractAutowireCapableBeanFactory.initializeBean(AbstractAutowireCapableBeanFactory.java:1813) ~[spring-beans-7.0.3.jar:7.0.3]
	... 49 common frames omitted
Caused by: org.springframework.data.jpa.repository.query.BadJpqlGrammarException: At 2:20 and token 'v', extraneous input 'v' expecting <EOF>; Bad HQL grammar [    SELECT
    FROM Vocabulary v
]
	at org.springframework.data.jpa.repository.query.BadJpqlGrammarErrorListener.syntaxError(BadJpqlGrammarErrorListener.java:53) ~[spring-data-jpa-4.0.2.jar:4.0.2]
	at org.antlr.v4.runtime.ProxyErrorListener.syntaxError(ProxyErrorListener.java:41) ~[antlr4-runtime-4.13.2.jar:4.13.2]
	at org.antlr.v4.runtime.Parser.notifyErrorListeners(Parser.java:544) ~[antlr4-runtime-4.13.2.jar:4.13.2]
	at org.antlr.v4.runtime.DefaultErrorStrategy.reportUnwantedToken(DefaultErrorStrategy.java:377) ~[antlr4-runtime-4.13.2.jar:4.13.2]
	at org.antlr.v4.runtime.DefaultErrorStrategy.singleTokenDeletion(DefaultErrorStrategy.java:548) ~[antlr4-runtime-4.13.2.jar:4.13.2]
	at org.antlr.v4.runtime.DefaultErrorStrategy.recoverInline(DefaultErrorStrategy.java:467) ~[antlr4-runtime-4.13.2.jar:4.13.2]
	at org.antlr.v4.runtime.Parser.match(Parser.java:208) ~[antlr4-runtime-4.13.2.jar:4.13.2]
	at org.springframework.data.jpa.repository.query.HqlParser.start(HqlParser.java:388) ~[spring-data-jpa-4.0.2.jar:4.0.2]
	at org.springframework.data.jpa.repository.query.JpaQueryEnhancer.parse(JpaQueryEnhancer.java:102) ~[spring-data-jpa-4.0.2.jar:4.0.2]
	at org.springframework.data.jpa.repository.query.JpaQueryEnhancer$HqlQueryParser.<init>(JpaQueryEnhancer.java:286) ~[spring-data-jpa-4.0.2.jar:4.0.2]
	at org.springframework.data.jpa.repository.query.JpaQueryEnhancer$HqlQueryParser.parseQuery(JpaQueryEnhancer.java:298) ~[spring-data-jpa-4.0.2.jar:4.0.2]
	at org.springframework.data.jpa.repository.query.JpaQueryEnhancer.forHql(JpaQueryEnhancer.java:159) ~[spring-data-jpa-4.0.2.jar:4.0.2]
	at org.springframework.data.jpa.repository.query.QueryEnhancerFactories$BuiltinQueryEnhancerFactories$3.create(QueryEnhancerFactories.java:91) ~[spring-data-jpa-4.0.2.jar:4.0.2]
	at org.springframework.data.jpa.repository.query.DefaultEntityQuery.<init>(DefaultEntityQuery.java:50) ~[spring-data-jpa-4.0.2.jar:4.0.2]
	at org.springframework.data.jpa.repository.query.EntityQuery.create(EntityQuery.java:47) ~[spring-data-jpa-4.0.2.jar:4.0.2]
	at org.springframework.data.jpa.repository.query.TemplatedQuery.create(TemplatedQuery.java:91) ~[spring-data-jpa-4.0.2.jar:4.0.2]
	at org.springframework.data.jpa.repository.query.AbstractStringBasedJpaQuery.<init>(AbstractStringBasedJpaQuery.java:101) ~[spring-data-jpa-4.0.2.jar:4.0.2]
	at org.springframework.data.jpa.repository.query.SimpleJpaQuery.<init>(SimpleJpaQuery.java:50) ~[spring-data-jpa-4.0.2.jar:4.0.2]
	at org.springframework.data.jpa.repository.query.JpaQueryLookupStrategy$DeclaredQueryLookupStrategy.createStringQuery(JpaQueryLookupStrategy.java:228) ~[spring-data-jpa-4.0.2.jar:4.0.2]
	at org.springframework.data.jpa.repository.query.JpaQueryLookupStrategy$DeclaredQueryLookupStrategy.resolveQuery(JpaQueryLookupStrategy.java:160) ~[spring-data-jpa-4.0.2.jar:4.0.2]
	at org.springframework.data.jpa.repository.query.JpaQueryLookupStrategy$CreateIfNotFoundQueryLookupStrategy.resolveQuery(JpaQueryLookupStrategy.java:285) ~[spring-data-jpa-4.0.2.jar:4.0.2]
	at org.springframework.data.jpa.repository.query.JpaQueryLookupStrategy$AbstractQueryLookupStrategy.resolveQuery(JpaQueryLookupStrategy.java:93) ~[spring-data-jpa-4.0.2.jar:4.0.2]
	at org.springframework.data.repository.core.support.QueryExecutorMethodInterceptor.lookupQuery(QueryExecutorMethodInterceptor.java:114) ~[spring-data-commons-4.0.2.jar:4.0.2]
	... 59 common frames omitted

2026-03-08T00:14:14.120+07:00  INFO 23836 --- [ielts] [restartedMain] com.ddhva.ielts.IeltsApplication         : Starting IeltsApplication using Java 22.0.2 with PID 23836 (D:\DDHVA\Backend\ielts\target\classes started by Admin in D:\DDHVA\Backend\ielts)
2026-03-08T00:14:14.122+07:00 DEBUG 23836 --- [ielts] [restartedMain] com.ddhva.ielts.IeltsApplication         : Running with Spring Boot v4.0.2, Spring v7.0.3
2026-03-08T00:14:14.122+07:00  INFO 23836 --- [ielts] [restartedMain] com.ddhva.ielts.IeltsApplication         : No active profile set, falling back to 1 default profile: "default"
2026-03-08T00:14:15.152+07:00  INFO 23836 --- [ielts] [restartedMain] o.apache.catalina.core.StandardService   : Starting service [Tomcat]
2026-03-08T00:14:15.152+07:00  INFO 23836 --- [ielts] [restartedMain] o.apache.catalina.core.StandardEngine    : Starting Servlet engine: [Apache Tomcat/11.0.15]
2026-03-08T00:14:15.250+07:00 DEBUG 23836 --- [ielts] [restartedMain] com.ddhva.ielts.util.JWTFilter           : Filter 'JWTFilter' configured for use
2026-03-08T00:14:15.324+07:00  INFO 23836 --- [ielts] [restartedMain] org.hibernate.orm.jpa                    : HHH008540: Processing PersistenceUnitInfo [name: default]
2026-03-08T00:14:15.368+07:00  INFO 23836 --- [ielts] [restartedMain] org.hibernate.orm.core                   : HHH000001: Hibernate ORM core version 7.2.1.Final
2026-03-08T00:14:15.746+07:00  INFO 23836 --- [ielts] [restartedMain] com.zaxxer.hikari.HikariDataSource       : HikariPool-1 - Starting...
2026-03-08T00:14:15.958+07:00  INFO 23836 --- [ielts] [restartedMain] com.zaxxer.hikari.pool.HikariPool        : HikariPool-1 - Added connection com.mysql.cj.jdbc.ConnectionImpl@768865fc
2026-03-08T00:14:15.959+07:00  INFO 23836 --- [ielts] [restartedMain] com.zaxxer.hikari.HikariDataSource       : HikariPool-1 - Start completed.
2026-03-08T00:14:16.000+07:00  WARN 23836 --- [ielts] [restartedMain] org.hibernate.orm.deprecation            : HHH90000025: MySQLDialect does not need to be specified explicitly using 'hibernate.dialect' (remove the property setting and it will be selected by default)
2026-03-08T00:14:16.014+07:00  INFO 23836 --- [ielts] [restartedMain] org.hibernate.orm.connections.pooling    : HHH10001005: Database info:
	Database JDBC URL [jdbc:mysql://localhost:3306/db_ielts]
	Database driver: MySQL Connector/J
	Database dialect: MySQLDialect
	Database version: 8.0.37
	Default catalog/schema: db_ielts/undefined
	Autocommit mode: undefined/unknown
	Isolation level: REPEATABLE_READ [default REPEATABLE_READ]
	JDBC fetch size: none
	Pool: DataSourceConnectionProvider
	Minimum pool size: undefined/unknown
	Maximum pool size: undefined/unknown
2026-03-08T00:14:17.344+07:00  INFO 23836 --- [ielts] [restartedMain] org.hibernate.orm.core                   : HHH000489: No JTA platform available (set 'hibernate.transaction.jta.platform' to enable JTA platform integration)
2026-03-08T00:14:18.477+07:00  WARN 23836 --- [ielts] [restartedMain] JpaBaseConfiguration$JpaWebConfiguration : spring.jpa.open-in-view is enabled by default. Therefore, database queries may be performed during view rendering. Explicitly configure spring.jpa.open-in-view to disable this warning
2026-03-08T00:14:19.292+07:00  INFO 23836 --- [ielts] [restartedMain] com.ddhva.ielts.IeltsApplication         : Started IeltsApplication in 5.567 seconds (process running for 6.041)
2026-03-08T00:14:19.580+07:00  INFO 23836 --- [ielts] [RMI TCP Connection(2)-192.168.1.3] o.a.c.c.C.[Tomcat].[localhost].[/]       : Initializing Spring DispatcherServlet 'dispatcherServlet'
2026-03-08T00:22:52.674+07:00  INFO 23836 --- [ielts] [http-nio-8081-exec-1] com.ddhva.ielts.util.JWTFilter           : REQUEST: GET - /api/v1/vocabularies
2026-03-08T00:22:52.701+07:00  INFO 23836 --- [ielts] [http-nio-8081-exec-1] com.ddhva.ielts.util.JWTFilter           : RESPONSE: 500 - 27ms
2026-03-08T00:23:30.214+07:00  INFO 23836 --- [ielts] [http-nio-8081-exec-4] com.ddhva.ielts.util.JWTFilter           : REQUEST: GET - /api/v1/vocabularies
2026-03-08T00:23:30.215+07:00  INFO 23836 --- [ielts] [http-nio-8081-exec-4] com.ddhva.ielts.util.JWTFilter           : RESPONSE: 500 - 1ms
2026-03-08T00:24:24.544+07:00  INFO 23836 --- [ielts] [http-nio-8081-exec-6] com.ddhva.ielts.util.JWTFilter           : REQUEST: GET - /api/v1/vocabularies/search
2026-03-08T00:24:24.622+07:00  INFO 23836 --- [ielts] [http-nio-8081-exec-6] c.d.i.s.impl.VocabularyServiceImpl       : Successfully mapped 0 vocabularies to VocabularyResponse
2026-03-08T00:24:24.626+07:00  INFO 23836 --- [ielts] [http-nio-8081-exec-6] com.ddhva.ielts.util.JWTFilter           : RESPONSE: 200 - 82ms
2026-03-08T00:24:40.814+07:00  INFO 23836 --- [ielts] [http-nio-8081-exec-7] com.ddhva.ielts.util.JWTFilter           : REQUEST: GET - /api/v1/vocabularies/search
2026-03-08T00:24:40.820+07:00 ERROR 23836 --- [ielts] [http-nio-8081-exec-7] c.d.i.s.impl.VocabularyServiceImpl       : Error while fetching vocabularies from database

java.lang.ClassCastException: class java.lang.String cannot be cast to class com.ddhva.ielts.model.Vocabulary (java.lang.String is in module java.base of loader 'bootstrap'; com.ddhva.ielts.model.Vocabulary is in unnamed module of loader org.springframework.boot.devtools.restart.classloader.RestartClassLoader @5e9be5ee)
	at java.base/java.util.stream.ReferencePipeline$3$1.accept(ReferencePipeline.java:212) ~[na:na]
	at java.base/java.util.ArrayList$Itr.forEachRemaining(ArrayList.java:1086) ~[na:na]
	at java.base/java.util.Spliterators$IteratorSpliterator.forEachRemaining(Spliterators.java:1939) ~[na:na]
	at java.base/java.util.stream.AbstractPipeline.copyInto(AbstractPipeline.java:556) ~[na:na]
	at java.base/java.util.stream.AbstractPipeline.wrapAndCopyInto(AbstractPipeline.java:546) ~[na:na]
	at java.base/java.util.stream.ReduceOps$ReduceOp.evaluateSequential(ReduceOps.java:921) ~[na:na]
	at java.base/java.util.stream.AbstractPipeline.evaluate(AbstractPipeline.java:265) ~[na:na]
	at java.base/java.util.stream.ReferencePipeline.collect(ReferencePipeline.java:702) ~[na:na]
	at com.ddhva.ielts.service.impl.VocabularyServiceImpl.getVocabularyResponsePagination(VocabularyServiceImpl.java:76) ~[classes/:na]
	at com.ddhva.ielts.service.impl.VocabularyServiceImpl.searchVocabulary(VocabularyServiceImpl.java:59) ~[classes/:na]
	at com.ddhva.ielts.controller.VocabularyController.search(VocabularyController.java:43) ~[classes/:na]
	at java.base/jdk.internal.reflect.DirectMethodHandleAccessor.invoke(DirectMethodHandleAccessor.java:103) ~[na:na]
	at java.base/java.lang.reflect.Method.invoke(Method.java:580) ~[na:na]
	at org.springframework.web.method.support.InvocableHandlerMethod.doInvoke(InvocableHandlerMethod.java:258) ~[spring-web-7.0.3.jar:7.0.3]
	at org.springframework.web.method.support.InvocableHandlerMethod.invokeForRequest(InvocableHandlerMethod.java:190) ~[spring-web-7.0.3.jar:7.0.3]
	at org.springframework.web.servlet.mvc.method.annotation.ServletInvocableHandlerMethod.invokeAndHandle(ServletInvocableHandlerMethod.java:117) ~[spring-webmvc-7.0.3.jar:7.0.3]
	at org.springframework.web.servlet.mvc.method.annotation.RequestMappingHandlerAdapter.invokeHandlerMethod(RequestMappingHandlerAdapter.java:934) ~[spring-webmvc-7.0.3.jar:7.0.3]
	at org.springframework.web.servlet.mvc.method.annotation.RequestMappingHandlerAdapter.handleInternal(RequestMappingHandlerAdapter.java:853) ~[spring-webmvc-7.0.3.jar:7.0.3]
	at org.springframework.web.servlet.mvc.method.AbstractHandlerMethodAdapter.handle(AbstractHandlerMethodAdapter.java:86) ~[spring-webmvc-7.0.3.jar:7.0.3]
	at org.springframework.web.servlet.DispatcherServlet.doDispatch(DispatcherServlet.java:963) ~[spring-webmvc-7.0.3.jar:7.0.3]
	at org.springframework.web.servlet.DispatcherServlet.doService(DispatcherServlet.java:866) ~[spring-webmvc-7.0.3.jar:7.0.3]
	at org.springframework.web.servlet.FrameworkServlet.processRequest(FrameworkServlet.java:1003) ~[spring-webmvc-7.0.3.jar:7.0.3]
	at org.springframework.web.servlet.FrameworkServlet.doGet(FrameworkServlet.java:892) ~[spring-webmvc-7.0.3.jar:7.0.3]
	at jakarta.servlet.http.HttpServlet.service(HttpServlet.java:622) ~[tomcat-embed-core-11.0.15.jar:6.1]
	at org.springframework.web.servlet.FrameworkServlet.service(FrameworkServlet.java:874) ~[spring-webmvc-7.0.3.jar:7.0.3]
	at jakarta.servlet.http.HttpServlet.service(HttpServlet.java:710) ~[tomcat-embed-core-11.0.15.jar:6.1]
	at org.apache.catalina.core.ApplicationFilterChain.doFilter(ApplicationFilterChain.java:128) ~[tomcat-embed-core-11.0.15.jar:11.0.15]
	at org.apache.tomcat.websocket.server.WsFilter.doFilter(WsFilter.java:53) ~[tomcat-embed-websocket-11.0.15.jar:11.0.15]
	at org.apache.catalina.core.ApplicationFilterChain.doFilter(ApplicationFilterChain.java:107) ~[tomcat-embed-core-11.0.15.jar:11.0.15]
	at com.ddhva.ielts.util.JWTFilter.doFilterInternal(JWTFilter.java:27) ~[classes/:na]
	at org.springframework.web.filter.OncePerRequestFilter.doFilter(OncePerRequestFilter.java:116) ~[spring-web-7.0.3.jar:7.0.3]
	at org.apache.catalina.core.ApplicationFilterChain.doFilter(ApplicationFilterChain.java:107) ~[tomcat-embed-core-11.0.15.jar:11.0.15]
	at org.springframework.web.filter.CompositeFilter$VirtualFilterChain.doFilter(CompositeFilter.java:108) ~[spring-web-7.0.3.jar:7.0.3]
	at org.springframework.security.web.FilterChainProxy.lambda$doFilterInternal$3(FilterChainProxy.java:235) ~[spring-security-web-7.0.2.jar:7.0.2]
	at org.springframework.security.web.ObservationFilterChainDecorator$FilterObservation$SimpleFilterObservation.lambda$wrap$1(ObservationFilterChainDecorator.java:493) ~[spring-security-web-7.0.2.jar:7.0.2]
	at org.springframework.security.web.ObservationFilterChainDecorator$AroundFilterObservation$SimpleAroundFilterObservation.lambda$wrap$1(ObservationFilterChainDecorator.java:354) ~[spring-security-web-7.0.2.jar:7.0.2]
	at org.springframework.security.web.ObservationFilterChainDecorator.lambda$wrapSecured$0(ObservationFilterChainDecorator.java:86) ~[spring-security-web-7.0.2.jar:7.0.2]
	at org.springframework.security.web.ObservationFilterChainDecorator$VirtualFilterChain.doFilter(ObservationFilterChainDecorator.java:132) ~[spring-security-web-7.0.2.jar:7.0.2]
	at org.springframework.security.web.access.intercept.AuthorizationFilter.doFilter(AuthorizationFilter.java:101) ~[spring-security-web-7.0.2.jar:7.0.2]
	at org.springframework.security.web.ObservationFilterChainDecorator$ObservationFilter.wrapFilter(ObservationFilterChainDecorator.java:244) ~[spring-security-web-7.0.2.jar:7.0.2]
	at org.springframework.security.web.ObservationFilterChainDecorator$ObservationFilter.doFilter(ObservationFilterChainDecorator.java:231) ~[spring-security-web-7.0.2.jar:7.0.2]
	at org.springframework.security.web.ObservationFilterChainDecorator$VirtualFilterChain.doFilter(ObservationFilterChainDecorator.java:141) ~[spring-security-web-7.0.2.jar:7.0.2]
	at org.springframework.security.web.access.ExceptionTranslationFilter.doFilter(ExceptionTranslationFilter.java:126) ~[spring-security-web-7.0.2.jar:7.0.2]
	at org.springframework.security.web.access.ExceptionTranslationFilter.doFilter(ExceptionTranslationFilter.java:120) ~[spring-security-web-7.0.2.jar:7.0.2]
	at org.springframework.security.web.ObservationFilterChainDecorator$ObservationFilter.wrapFilter(ObservationFilterChainDecorator.java:244) ~[spring-security-web-7.0.2.jar:7.0.2]
	at org.springframework.security.web.ObservationFilterChainDecorator$ObservationFilter.doFilter(ObservationFilterChainDecorator.java:231) ~[spring-security-web-7.0.2.jar:7.0.2]
	at org.springframework.security.web.ObservationFilterChainDecorator$VirtualFilterChain.doFilter(ObservationFilterChainDecorator.java:141) ~[spring-security-web-7.0.2.jar:7.0.2]
	at org.springframework.security.web.authentication.AnonymousAuthenticationFilter.doFilter(AnonymousAuthenticationFilter.java:100) ~[spring-security-web-7.0.2.jar:7.0.2]
	at org.springframework.security.web.ObservationFilterChainDecorator$ObservationFilter.wrapFilter(ObservationFilterChainDecorator.java:244) ~[spring-security-web-7.0.2.jar:7.0.2]
	at org.springframework.security.web.ObservationFilterChainDecorator$ObservationFilter.doFilter(ObservationFilterChainDecorator.java:231) ~[spring-security-web-7.0.2.jar:7.0.2]
	at org.springframework.security.web.ObservationFilterChainDecorator$VirtualFilterChain.doFilter(ObservationFilterChainDecorator.java:141) ~[spring-security-web-7.0.2.jar:7.0.2]
	at org.springframework.security.web.servletapi.SecurityContextHolderAwareRequestFilter.doFilter(SecurityContextHolderAwareRequestFilter.java:181) ~[spring-security-web-7.0.2.jar:7.0.2]
	at org.springframework.security.web.ObservationFilterChainDecorator$ObservationFilter.wrapFilter(ObservationFilterChainDecorator.java:244) ~[spring-security-web-7.0.2.jar:7.0.2]
	at org.springframework.security.web.ObservationFilterChainDecorator$ObservationFilter.doFilter(ObservationFilterChainDecorator.java:231) ~[spring-security-web-7.0.2.jar:7.0.2]
	at org.springframework.security.web.ObservationFilterChainDecorator$VirtualFilterChain.doFilter(ObservationFilterChainDecorator.java:141) ~[spring-security-web-7.0.2.jar:7.0.2]
	at org.springframework.security.web.savedrequest.RequestCacheAwareFilter.doFilter(RequestCacheAwareFilter.java:63) ~[spring-security-web-7.0.2.jar:7.0.2]
	at org.springframework.security.web.ObservationFilterChainDecorator$ObservationFilter.wrapFilter(ObservationFilterChainDecorator.java:244) ~[spring-security-web-7.0.2.jar:7.0.2]
	at org.springframework.security.web.ObservationFilterChainDecorator$ObservationFilter.doFilter(ObservationFilterChainDecorator.java:231) ~[spring-security-web-7.0.2.jar:7.0.2]
	at org.springframework.security.web.ObservationFilterChainDecorator$VirtualFilterChain.doFilter(ObservationFilterChainDecorator.java:141) ~[spring-security-web-7.0.2.jar:7.0.2]
	at org.springframework.security.web.authentication.logout.LogoutFilter.doFilter(LogoutFilter.java:110) ~[spring-security-web-7.0.2.jar:7.0.2]
	at org.springframework.security.web.authentication.logout.LogoutFilter.doFilter(LogoutFilter.java:96) ~[spring-security-web-7.0.2.jar:7.0.2]
	at org.springframework.security.web.ObservationFilterChainDecorator$ObservationFilter.wrapFilter(ObservationFilterChainDecorator.java:244) ~[spring-security-web-7.0.2.jar:7.0.2]
	at org.springframework.security.web.ObservationFilterChainDecorator$ObservationFilter.doFilter(ObservationFilterChainDecorator.java:231) ~[spring-security-web-7.0.2.jar:7.0.2]
	at org.springframework.security.web.ObservationFilterChainDecorator$VirtualFilterChain.doFilter(ObservationFilterChainDecorator.java:141) ~[spring-security-web-7.0.2.jar:7.0.2]
	at org.springframework.security.web.header.HeaderWriterFilter.doHeadersAfter(HeaderWriterFilter.java:90) ~[spring-security-web-7.0.2.jar:7.0.2]
	at org.springframework.security.web.header.HeaderWriterFilter.doFilterInternal(HeaderWriterFilter.java:75) ~[spring-security-web-7.0.2.jar:7.0.2]
	at org.springframework.web.filter.OncePerRequestFilter.doFilter(OncePerRequestFilter.java:116) ~[spring-web-7.0.3.jar:7.0.3]
	at org.springframework.security.web.ObservationFilterChainDecorator$ObservationFilter.wrapFilter(ObservationFilterChainDecorator.java:244) ~[spring-security-web-7.0.2.jar:7.0.2]
	at org.springframework.security.web.ObservationFilterChainDecorator$ObservationFilter.doFilter(ObservationFilterChainDecorator.java:231) ~[spring-security-web-7.0.2.jar:7.0.2]
	at org.springframework.security.web.ObservationFilterChainDecorator$VirtualFilterChain.doFilter(ObservationFilterChainDecorator.java:141) ~[spring-security-web-7.0.2.jar:7.0.2]
	at org.springframework.security.web.context.SecurityContextHolderFilter.doFilter(SecurityContextHolderFilter.java:82) ~[spring-security-web-7.0.2.jar:7.0.2]
	at org.springframework.security.web.context.SecurityContextHolderFilter.doFilter(SecurityContextHolderFilter.java:69) ~[spring-security-web-7.0.2.jar:7.0.2]
	at org.springframework.security.web.ObservationFilterChainDecorator$ObservationFilter.wrapFilter(ObservationFilterChainDecorator.java:244) ~[spring-security-web-7.0.2.jar:7.0.2]
	at org.springframework.security.web.ObservationFilterChainDecorator$ObservationFilter.doFilter(ObservationFilterChainDecorator.java:231) ~[spring-security-web-7.0.2.jar:7.0.2]
	at org.springframework.security.web.ObservationFilterChainDecorator$VirtualFilterChain.doFilter(ObservationFilterChainDecorator.java:141) ~[spring-security-web-7.0.2.jar:7.0.2]
	at org.springframework.security.web.context.request.async.WebAsyncManagerIntegrationFilter.doFilterInternal(WebAsyncManagerIntegrationFilter.java:62) ~[spring-security-web-7.0.2.jar:7.0.2]
	at org.springframework.web.filter.OncePerRequestFilter.doFilter(OncePerRequestFilter.java:116) ~[spring-web-7.0.3.jar:7.0.3]
	at org.springframework.security.web.ObservationFilterChainDecorator$ObservationFilter.wrapFilter(ObservationFilterChainDecorator.java:244) ~[spring-security-web-7.0.2.jar:7.0.2]
	at org.springframework.security.web.ObservationFilterChainDecorator$ObservationFilter.doFilter(ObservationFilterChainDecorator.java:231) ~[spring-security-web-7.0.2.jar:7.0.2]
	at org.springframework.security.web.ObservationFilterChainDecorator$VirtualFilterChain.doFilter(ObservationFilterChainDecorator.java:141) ~[spring-security-web-7.0.2.jar:7.0.2]
	at org.springframework.security.web.session.DisableEncodeUrlFilter.doFilterInternal(DisableEncodeUrlFilter.java:42) ~[spring-security-web-7.0.2.jar:7.0.2]
	at org.springframework.web.filter.OncePerRequestFilter.doFilter(OncePerRequestFilter.java:116) ~[spring-web-7.0.3.jar:7.0.3]
	at org.springframework.security.web.ObservationFilterChainDecorator$ObservationFilter.wrapFilter(ObservationFilterChainDecorator.java:244) ~[spring-security-web-7.0.2.jar:7.0.2]
	at org.springframework.security.web.ObservationFilterChainDecorator$AroundFilterObservation$SimpleAroundFilterObservation.lambda$wrap$0(ObservationFilterChainDecorator.java:337) ~[spring-security-web-7.0.2.jar:7.0.2]
	at org.springframework.security.web.ObservationFilterChainDecorator$ObservationFilter.doFilter(ObservationFilterChainDecorator.java:228) ~[spring-security-web-7.0.2.jar:7.0.2]
	at org.springframework.security.web.ObservationFilterChainDecorator$VirtualFilterChain.doFilter(ObservationFilterChainDecorator.java:141) ~[spring-security-web-7.0.2.jar:7.0.2]
	at org.springframework.security.web.FilterChainProxy.doFilterInternal(FilterChainProxy.java:237) ~[spring-security-web-7.0.2.jar:7.0.2]
	at org.springframework.security.web.FilterChainProxy.doFilter(FilterChainProxy.java:195) ~[spring-security-web-7.0.2.jar:7.0.2]
	at org.springframework.web.filter.CompositeFilter$VirtualFilterChain.doFilter(CompositeFilter.java:113) ~[spring-web-7.0.3.jar:7.0.3]
	at org.springframework.web.filter.ServletRequestPathFilter.doFilter(ServletRequestPathFilter.java:52) ~[spring-web-7.0.3.jar:7.0.3]
	at org.springframework.web.filter.CompositeFilter$VirtualFilterChain.doFilter(CompositeFilter.java:113) ~[spring-web-7.0.3.jar:7.0.3]
	at org.springframework.web.filter.CompositeFilter.doFilter(CompositeFilter.java:74) ~[spring-web-7.0.3.jar:7.0.3]
	at org.springframework.security.config.annotation.web.configuration.WebSecurityConfiguration$CompositeFilterChainProxy.doFilter(WebSecurityConfiguration.java:317) ~[spring-security-config-7.0.2.jar:7.0.2]
	at org.springframework.web.filter.DelegatingFilterProxy.invokeDelegate(DelegatingFilterProxy.java:355) ~[spring-web-7.0.3.jar:7.0.3]
	at org.springframework.web.filter.DelegatingFilterProxy.doFilter(DelegatingFilterProxy.java:272) ~[spring-web-7.0.3.jar:7.0.3]
	at org.apache.catalina.core.ApplicationFilterChain.doFilter(ApplicationFilterChain.java:107) ~[tomcat-embed-core-11.0.15.jar:11.0.15]
	at org.springframework.web.filter.RequestContextFilter.doFilterInternal(RequestContextFilter.java:100) ~[spring-web-7.0.3.jar:7.0.3]
	at org.springframework.web.filter.OncePerRequestFilter.doFilter(OncePerRequestFilter.java:116) ~[spring-web-7.0.3.jar:7.0.3]
	at org.apache.catalina.core.ApplicationFilterChain.doFilter(ApplicationFilterChain.java:107) ~[tomcat-embed-core-11.0.15.jar:11.0.15]
	at org.springframework.web.filter.FormContentFilter.doFilterInternal(FormContentFilter.java:93) ~[spring-web-7.0.3.jar:7.0.3]
	at org.springframework.web.filter.OncePerRequestFilter.doFilter(OncePerRequestFilter.java:116) ~[spring-web-7.0.3.jar:7.0.3]
	at org.apache.catalina.core.ApplicationFilterChain.doFilter(ApplicationFilterChain.java:107) ~[tomcat-embed-core-11.0.15.jar:11.0.15]
	at org.springframework.web.filter.ServerHttpObservationFilter.doFilterInternal(ServerHttpObservationFilter.java:110) ~[spring-web-7.0.3.jar:7.0.3]
	at org.springframework.web.filter.OncePerRequestFilter.doFilter(OncePerRequestFilter.java:116) ~[spring-web-7.0.3.jar:7.0.3]
	at org.apache.catalina.core.ApplicationFilterChain.doFilter(ApplicationFilterChain.java:107) ~[tomcat-embed-core-11.0.15.jar:11.0.15]
	at org.springframework.web.filter.CharacterEncodingFilter.doFilterInternal(CharacterEncodingFilter.java:199) ~[spring-web-7.0.3.jar:7.0.3]
	at org.springframework.web.filter.OncePerRequestFilter.doFilter(OncePerRequestFilter.java:116) ~[spring-web-7.0.3.jar:7.0.3]
	at org.apache.catalina.core.ApplicationFilterChain.doFilter(ApplicationFilterChain.java:107) ~[tomcat-embed-core-11.0.15.jar:11.0.15]
	at org.apache.catalina.core.StandardWrapperValve.invoke(StandardWrapperValve.java:165) ~[tomcat-embed-core-11.0.15.jar:11.0.15]
	at org.apache.catalina.core.StandardContextValve.invoke(StandardContextValve.java:77) ~[tomcat-embed-core-11.0.15.jar:11.0.15]
	at org.apache.catalina.authenticator.AuthenticatorBase.invoke(AuthenticatorBase.java:482) ~[tomcat-embed-core-11.0.15.jar:11.0.15]
	at org.apache.catalina.core.StandardHostValve.invoke(StandardHostValve.java:113) ~[tomcat-embed-core-11.0.15.jar:11.0.15]
	at org.apache.catalina.valves.ErrorReportValve.invoke(ErrorReportValve.java:83) ~[tomcat-embed-core-11.0.15.jar:11.0.15]
	at org.apache.catalina.core.StandardEngineValve.invoke(StandardEngineValve.java:72) ~[tomcat-embed-core-11.0.15.jar:11.0.15]
	at org.apache.catalina.connector.CoyoteAdapter.service(CoyoteAdapter.java:341) ~[tomcat-embed-core-11.0.15.jar:11.0.15]
	at org.apache.coyote.http11.Http11Processor.service(Http11Processor.java:397) ~[tomcat-embed-core-11.0.15.jar:11.0.15]
	at org.apache.coyote.AbstractProcessorLight.process(AbstractProcessorLight.java:63) ~[tomcat-embed-core-11.0.15.jar:11.0.15]
	at org.apache.coyote.AbstractProtocol$ConnectionHandler.process(AbstractProtocol.java:903) ~[tomcat-embed-core-11.0.15.jar:11.0.15]
	at org.apache.tomcat.util.net.NioEndpoint$SocketProcessor.doRun(NioEndpoint.java:1778) ~[tomcat-embed-core-11.0.15.jar:11.0.15]
	at org.apache.tomcat.util.net.SocketProcessorBase.run(SocketProcessorBase.java:52) ~[tomcat-embed-core-11.0.15.jar:11.0.15]
	at org.apache.tomcat.util.threads.ThreadPoolExecutor.runWorker(ThreadPoolExecutor.java:946) ~[tomcat-embed-core-11.0.15.jar:11.0.15]
	at org.apache.tomcat.util.threads.ThreadPoolExecutor$Worker.run(ThreadPoolExecutor.java:480) ~[tomcat-embed-core-11.0.15.jar:11.0.15]
	at org.apache.tomcat.util.threads.TaskThread$WrappingRunnable.run(TaskThread.java:57) ~[tomcat-embed-core-11.0.15.jar:11.0.15]
	at java.base/java.lang.Thread.run(Thread.java:1570) ~[na:na]

2026-03-08T00:24:40.830+07:00  INFO 23836 --- [ielts] [http-nio-8081-exec-7] com.ddhva.ielts.util.JWTFilter           : RESPONSE: 500 - 16ms
2026-03-08T00:24:50.433+07:00  INFO 23836 --- [ielts] [http-nio-8081-exec-9] com.ddhva.ielts.util.JWTFilter           : REQUEST: GET - /api/v1/vocabularies/search
2026-03-08T00:24:50.436+07:00 ERROR 23836 --- [ielts] [http-nio-8081-exec-9] c.d.i.s.impl.VocabularyServiceImpl       : Error while fetching vocabularies from database

java.lang.ClassCastException: class java.lang.String cannot be cast to class com.ddhva.ielts.model.Vocabulary (java.lang.String is in module java.base of loader 'bootstrap'; com.ddhva.ielts.model.Vocabulary is in unnamed module of loader org.springframework.boot.devtools.restart.classloader.RestartClassLoader @5e9be5ee)
	at java.base/java.util.stream.ReferencePipeline$3$1.accept(ReferencePipeline.java:212) ~[na:na]
	at java.base/java.util.ArrayList$Itr.forEachRemaining(ArrayList.java:1086) ~[na:na]
	at java.base/java.util.Spliterators$IteratorSpliterator.forEachRemaining(Spliterators.java:1939) ~[na:na]
	at java.base/java.util.stream.AbstractPipeline.copyInto(AbstractPipeline.java:556) ~[na:na]
	at java.base/java.util.stream.AbstractPipeline.wrapAndCopyInto(AbstractPipeline.java:546) ~[na:na]
	at java.base/java.util.stream.ReduceOps$ReduceOp.evaluateSequential(ReduceOps.java:921) ~[na:na]
	at java.base/java.util.stream.AbstractPipeline.evaluate(AbstractPipeline.java:265) ~[na:na]
	at java.base/java.util.stream.ReferencePipeline.collect(ReferencePipeline.java:702) ~[na:na]
	at com.ddhva.ielts.service.impl.VocabularyServiceImpl.getVocabularyResponsePagination(VocabularyServiceImpl.java:76) ~[classes/:na]
	at com.ddhva.ielts.service.impl.VocabularyServiceImpl.searchVocabulary(VocabularyServiceImpl.java:59) ~[classes/:na]
	at com.ddhva.ielts.controller.VocabularyController.search(VocabularyController.java:43) ~[classes/:na]
	at java.base/jdk.internal.reflect.DirectMethodHandleAccessor.invoke(DirectMethodHandleAccessor.java:103) ~[na:na]
	at java.base/java.lang.reflect.Method.invoke(Method.java:580) ~[na:na]
	at org.springframework.web.method.support.InvocableHandlerMethod.doInvoke(InvocableHandlerMethod.java:258) ~[spring-web-7.0.3.jar:7.0.3]
	at org.springframework.web.method.support.InvocableHandlerMethod.invokeForRequest(InvocableHandlerMethod.java:190) ~[spring-web-7.0.3.jar:7.0.3]
	at org.springframework.web.servlet.mvc.method.annotation.ServletInvocableHandlerMethod.invokeAndHandle(ServletInvocableHandlerMethod.java:117) ~[spring-webmvc-7.0.3.jar:7.0.3]
	at org.springframework.web.servlet.mvc.method.annotation.RequestMappingHandlerAdapter.invokeHandlerMethod(RequestMappingHandlerAdapter.java:934) ~[spring-webmvc-7.0.3.jar:7.0.3]
	at org.springframework.web.servlet.mvc.method.annotation.RequestMappingHandlerAdapter.handleInternal(RequestMappingHandlerAdapter.java:853) ~[spring-webmvc-7.0.3.jar:7.0.3]
	at org.springframework.web.servlet.mvc.method.AbstractHandlerMethodAdapter.handle(AbstractHandlerMethodAdapter.java:86) ~[spring-webmvc-7.0.3.jar:7.0.3]
	at org.springframework.web.servlet.DispatcherServlet.doDispatch(DispatcherServlet.java:963) ~[spring-webmvc-7.0.3.jar:7.0.3]
	at org.springframework.web.servlet.DispatcherServlet.doService(DispatcherServlet.java:866) ~[spring-webmvc-7.0.3.jar:7.0.3]
	at org.springframework.web.servlet.FrameworkServlet.processRequest(FrameworkServlet.java:1003) ~[spring-webmvc-7.0.3.jar:7.0.3]
	at org.springframework.web.servlet.FrameworkServlet.doGet(FrameworkServlet.java:892) ~[spring-webmvc-7.0.3.jar:7.0.3]
	at jakarta.servlet.http.HttpServlet.service(HttpServlet.java:622) ~[tomcat-embed-core-11.0.15.jar:6.1]
	at org.springframework.web.servlet.FrameworkServlet.service(FrameworkServlet.java:874) ~[spring-webmvc-7.0.3.jar:7.0.3]
	at jakarta.servlet.http.HttpServlet.service(HttpServlet.java:710) ~[tomcat-embed-core-11.0.15.jar:6.1]
	at org.apache.catalina.core.ApplicationFilterChain.doFilter(ApplicationFilterChain.java:128) ~[tomcat-embed-core-11.0.15.jar:11.0.15]
	at org.apache.tomcat.websocket.server.WsFilter.doFilter(WsFilter.java:53) ~[tomcat-embed-websocket-11.0.15.jar:11.0.15]
	at org.apache.catalina.core.ApplicationFilterChain.doFilter(ApplicationFilterChain.java:107) ~[tomcat-embed-core-11.0.15.jar:11.0.15]
	at com.ddhva.ielts.util.JWTFilter.doFilterInternal(JWTFilter.java:27) ~[classes/:na]
	at org.springframework.web.filter.OncePerRequestFilter.doFilter(OncePerRequestFilter.java:116) ~[spring-web-7.0.3.jar:7.0.3]
	at org.apache.catalina.core.ApplicationFilterChain.doFilter(ApplicationFilterChain.java:107) ~[tomcat-embed-core-11.0.15.jar:11.0.15]
	at org.springframework.web.filter.CompositeFilter$VirtualFilterChain.doFilter(CompositeFilter.java:108) ~[spring-web-7.0.3.jar:7.0.3]
	at org.springframework.security.web.FilterChainProxy.lambda$doFilterInternal$3(FilterChainProxy.java:235) ~[spring-security-web-7.0.2.jar:7.0.2]
	at org.springframework.security.web.ObservationFilterChainDecorator$FilterObservation$SimpleFilterObservation.lambda$wrap$1(ObservationFilterChainDecorator.java:493) ~[spring-security-web-7.0.2.jar:7.0.2]
	at org.springframework.security.web.ObservationFilterChainDecorator$AroundFilterObservation$SimpleAroundFilterObservation.lambda$wrap$1(ObservationFilterChainDecorator.java:354) ~[spring-security-web-7.0.2.jar:7.0.2]
	at org.springframework.security.web.ObservationFilterChainDecorator.lambda$wrapSecured$0(ObservationFilterChainDecorator.java:86) ~[spring-security-web-7.0.2.jar:7.0.2]
	at org.springframework.security.web.ObservationFilterChainDecorator$VirtualFilterChain.doFilter(ObservationFilterChainDecorator.java:132) ~[spring-security-web-7.0.2.jar:7.0.2]
	at org.springframework.security.web.access.intercept.AuthorizationFilter.doFilter(AuthorizationFilter.java:101) ~[spring-security-web-7.0.2.jar:7.0.2]
	at org.springframework.security.web.ObservationFilterChainDecorator$ObservationFilter.wrapFilter(ObservationFilterChainDecorator.java:244) ~[spring-security-web-7.0.2.jar:7.0.2]
	at org.springframework.security.web.ObservationFilterChainDecorator$ObservationFilter.doFilter(ObservationFilterChainDecorator.java:231) ~[spring-security-web-7.0.2.jar:7.0.2]
	at org.springframework.security.web.ObservationFilterChainDecorator$VirtualFilterChain.doFilter(ObservationFilterChainDecorator.java:141) ~[spring-security-web-7.0.2.jar:7.0.2]
	at org.springframework.security.web.access.ExceptionTranslationFilter.doFilter(ExceptionTranslationFilter.java:126) ~[spring-security-web-7.0.2.jar:7.0.2]
	at org.springframework.security.web.access.ExceptionTranslationFilter.doFilter(ExceptionTranslationFilter.java:120) ~[spring-security-web-7.0.2.jar:7.0.2]
	at org.springframework.security.web.ObservationFilterChainDecorator$ObservationFilter.wrapFilter(ObservationFilterChainDecorator.java:244) ~[spring-security-web-7.0.2.jar:7.0.2]
	at org.springframework.security.web.ObservationFilterChainDecorator$ObservationFilter.doFilter(ObservationFilterChainDecorator.java:231) ~[spring-security-web-7.0.2.jar:7.0.2]
	at org.springframework.security.web.ObservationFilterChainDecorator$VirtualFilterChain.doFilter(ObservationFilterChainDecorator.java:141) ~[spring-security-web-7.0.2.jar:7.0.2]
	at org.springframework.security.web.authentication.AnonymousAuthenticationFilter.doFilter(AnonymousAuthenticationFilter.java:100) ~[spring-security-web-7.0.2.jar:7.0.2]
	at org.springframework.security.web.ObservationFilterChainDecorator$ObservationFilter.wrapFilter(ObservationFilterChainDecorator.java:244) ~[spring-security-web-7.0.2.jar:7.0.2]
	at org.springframework.security.web.ObservationFilterChainDecorator$ObservationFilter.doFilter(ObservationFilterChainDecorator.java:231) ~[spring-security-web-7.0.2.jar:7.0.2]
	at org.springframework.security.web.ObservationFilterChainDecorator$VirtualFilterChain.doFilter(ObservationFilterChainDecorator.java:141) ~[spring-security-web-7.0.2.jar:7.0.2]
	at org.springframework.security.web.servletapi.SecurityContextHolderAwareRequestFilter.doFilter(SecurityContextHolderAwareRequestFilter.java:181) ~[spring-security-web-7.0.2.jar:7.0.2]
	at org.springframework.security.web.ObservationFilterChainDecorator$ObservationFilter.wrapFilter(ObservationFilterChainDecorator.java:244) ~[spring-security-web-7.0.2.jar:7.0.2]
	at org.springframework.security.web.ObservationFilterChainDecorator$ObservationFilter.doFilter(ObservationFilterChainDecorator.java:231) ~[spring-security-web-7.0.2.jar:7.0.2]
	at org.springframework.security.web.ObservationFilterChainDecorator$VirtualFilterChain.doFilter(ObservationFilterChainDecorator.java:141) ~[spring-security-web-7.0.2.jar:7.0.2]
	at org.springframework.security.web.savedrequest.RequestCacheAwareFilter.doFilter(RequestCacheAwareFilter.java:63) ~[spring-security-web-7.0.2.jar:7.0.2]
	at org.springframework.security.web.ObservationFilterChainDecorator$ObservationFilter.wrapFilter(ObservationFilterChainDecorator.java:244) ~[spring-security-web-7.0.2.jar:7.0.2]
	at org.springframework.security.web.ObservationFilterChainDecorator$ObservationFilter.doFilter(ObservationFilterChainDecorator.java:231) ~[spring-security-web-7.0.2.jar:7.0.2]
	at org.springframework.security.web.ObservationFilterChainDecorator$VirtualFilterChain.doFilter(ObservationFilterChainDecorator.java:141) ~[spring-security-web-7.0.2.jar:7.0.2]
	at org.springframework.security.web.authentication.logout.LogoutFilter.doFilter(LogoutFilter.java:110) ~[spring-security-web-7.0.2.jar:7.0.2]
	at org.springframework.security.web.authentication.logout.LogoutFilter.doFilter(LogoutFilter.java:96) ~[spring-security-web-7.0.2.jar:7.0.2]
	at org.springframework.security.web.ObservationFilterChainDecorator$ObservationFilter.wrapFilter(ObservationFilterChainDecorator.java:244) ~[spring-security-web-7.0.2.jar:7.0.2]
	at org.springframework.security.web.ObservationFilterChainDecorator$ObservationFilter.doFilter(ObservationFilterChainDecorator.java:231) ~[spring-security-web-7.0.2.jar:7.0.2]
	at org.springframework.security.web.ObservationFilterChainDecorator$VirtualFilterChain.doFilter(ObservationFilterChainDecorator.java:141) ~[spring-security-web-7.0.2.jar:7.0.2]
	at org.springframework.security.web.header.HeaderWriterFilter.doHeadersAfter(HeaderWriterFilter.java:90) ~[spring-security-web-7.0.2.jar:7.0.2]
	at org.springframework.security.web.header.HeaderWriterFilter.doFilterInternal(HeaderWriterFilter.java:75) ~[spring-security-web-7.0.2.jar:7.0.2]
	at org.springframework.web.filter.OncePerRequestFilter.doFilter(OncePerRequestFilter.java:116) ~[spring-web-7.0.3.jar:7.0.3]
	at org.springframework.security.web.ObservationFilterChainDecorator$ObservationFilter.wrapFilter(ObservationFilterChainDecorator.java:244) ~[spring-security-web-7.0.2.jar:7.0.2]
	at org.springframework.security.web.ObservationFilterChainDecorator$ObservationFilter.doFilter(ObservationFilterChainDecorator.java:231) ~[spring-security-web-7.0.2.jar:7.0.2]
	at org.springframework.security.web.ObservationFilterChainDecorator$VirtualFilterChain.doFilter(ObservationFilterChainDecorator.java:141) ~[spring-security-web-7.0.2.jar:7.0.2]
	at org.springframework.security.web.context.SecurityContextHolderFilter.doFilter(SecurityContextHolderFilter.java:82) ~[spring-security-web-7.0.2.jar:7.0.2]
	at org.springframework.security.web.context.SecurityContextHolderFilter.doFilter(SecurityContextHolderFilter.java:69) ~[spring-security-web-7.0.2.jar:7.0.2]
	at org.springframework.security.web.ObservationFilterChainDecorator$ObservationFilter.wrapFilter(ObservationFilterChainDecorator.java:244) ~[spring-security-web-7.0.2.jar:7.0.2]
	at org.springframework.security.web.ObservationFilterChainDecorator$ObservationFilter.doFilter(ObservationFilterChainDecorator.java:231) ~[spring-security-web-7.0.2.jar:7.0.2]
	at org.springframework.security.web.ObservationFilterChainDecorator$VirtualFilterChain.doFilter(ObservationFilterChainDecorator.java:141) ~[spring-security-web-7.0.2.jar:7.0.2]
	at org.springframework.security.web.context.request.async.WebAsyncManagerIntegrationFilter.doFilterInternal(WebAsyncManagerIntegrationFilter.java:62) ~[spring-security-web-7.0.2.jar:7.0.2]
	at org.springframework.web.filter.OncePerRequestFilter.doFilter(OncePerRequestFilter.java:116) ~[spring-web-7.0.3.jar:7.0.3]
	at org.springframework.security.web.ObservationFilterChainDecorator$ObservationFilter.wrapFilter(ObservationFilterChainDecorator.java:244) ~[spring-security-web-7.0.2.jar:7.0.2]
	at org.springframework.security.web.ObservationFilterChainDecorator$ObservationFilter.doFilter(ObservationFilterChainDecorator.java:231) ~[spring-security-web-7.0.2.jar:7.0.2]
	at org.springframework.security.web.ObservationFilterChainDecorator$VirtualFilterChain.doFilter(ObservationFilterChainDecorator.java:141) ~[spring-security-web-7.0.2.jar:7.0.2]
	at org.springframework.security.web.session.DisableEncodeUrlFilter.doFilterInternal(DisableEncodeUrlFilter.java:42) ~[spring-security-web-7.0.2.jar:7.0.2]
	at org.springframework.web.filter.OncePerRequestFilter.doFilter(OncePerRequestFilter.java:116) ~[spring-web-7.0.3.jar:7.0.3]
	at org.springframework.security.web.ObservationFilterChainDecorator$ObservationFilter.wrapFilter(ObservationFilterChainDecorator.java:244) ~[spring-security-web-7.0.2.jar:7.0.2]
	at org.springframework.security.web.ObservationFilterChainDecorator$AroundFilterObservation$SimpleAroundFilterObservation.lambda$wrap$0(ObservationFilterChainDecorator.java:337) ~[spring-security-web-7.0.2.jar:7.0.2]
	at org.springframework.security.web.ObservationFilterChainDecorator$ObservationFilter.doFilter(ObservationFilterChainDecorator.java:228) ~[spring-security-web-7.0.2.jar:7.0.2]
	at org.springframework.security.web.ObservationFilterChainDecorator$VirtualFilterChain.doFilter(ObservationFilterChainDecorator.java:141) ~[spring-security-web-7.0.2.jar:7.0.2]
	at org.springframework.security.web.FilterChainProxy.doFilterInternal(FilterChainProxy.java:237) ~[spring-security-web-7.0.2.jar:7.0.2]
	at org.springframework.security.web.FilterChainProxy.doFilter(FilterChainProxy.java:195) ~[spring-security-web-7.0.2.jar:7.0.2]
	at org.springframework.web.filter.CompositeFilter$VirtualFilterChain.doFilter(CompositeFilter.java:113) ~[spring-web-7.0.3.jar:7.0.3]
	at org.springframework.web.filter.ServletRequestPathFilter.doFilter(ServletRequestPathFilter.java:52) ~[spring-web-7.0.3.jar:7.0.3]
	at org.springframework.web.filter.CompositeFilter$VirtualFilterChain.doFilter(CompositeFilter.java:113) ~[spring-web-7.0.3.jar:7.0.3]
	at org.springframework.web.filter.CompositeFilter.doFilter(CompositeFilter.java:74) ~[spring-web-7.0.3.jar:7.0.3]
	at org.springframework.security.config.annotation.web.configuration.WebSecurityConfiguration$CompositeFilterChainProxy.doFilter(WebSecurityConfiguration.java:317) ~[spring-security-config-7.0.2.jar:7.0.2]
	at org.springframework.web.filter.DelegatingFilterProxy.invokeDelegate(DelegatingFilterProxy.java:355) ~[spring-web-7.0.3.jar:7.0.3]
	at org.springframework.web.filter.DelegatingFilterProxy.doFilter(DelegatingFilterProxy.java:272) ~[spring-web-7.0.3.jar:7.0.3]
	at org.apache.catalina.core.ApplicationFilterChain.doFilter(ApplicationFilterChain.java:107) ~[tomcat-embed-core-11.0.15.jar:11.0.15]
	at org.springframework.web.filter.RequestContextFilter.doFilterInternal(RequestContextFilter.java:100) ~[spring-web-7.0.3.jar:7.0.3]
	at org.springframework.web.filter.OncePerRequestFilter.doFilter(OncePerRequestFilter.java:116) ~[spring-web-7.0.3.jar:7.0.3]
	at org.apache.catalina.core.ApplicationFilterChain.doFilter(ApplicationFilterChain.java:107) ~[tomcat-embed-core-11.0.15.jar:11.0.15]
	at org.springframework.web.filter.FormContentFilter.doFilterInternal(FormContentFilter.java:93) ~[spring-web-7.0.3.jar:7.0.3]
	at org.springframework.web.filter.OncePerRequestFilter.doFilter(OncePerRequestFilter.java:116) ~[spring-web-7.0.3.jar:7.0.3]
	at org.apache.catalina.core.ApplicationFilterChain.doFilter(ApplicationFilterChain.java:107) ~[tomcat-embed-core-11.0.15.jar:11.0.15]
	at org.springframework.web.filter.ServerHttpObservationFilter.doFilterInternal(ServerHttpObservationFilter.java:110) ~[spring-web-7.0.3.jar:7.0.3]
	at org.springframework.web.filter.OncePerRequestFilter.doFilter(OncePerRequestFilter.java:116) ~[spring-web-7.0.3.jar:7.0.3]
	at org.apache.catalina.core.ApplicationFilterChain.doFilter(ApplicationFilterChain.java:107) ~[tomcat-embed-core-11.0.15.jar:11.0.15]
	at org.springframework.web.filter.CharacterEncodingFilter.doFilterInternal(CharacterEncodingFilter.java:199) ~[spring-web-7.0.3.jar:7.0.3]
	at org.springframework.web.filter.OncePerRequestFilter.doFilter(OncePerRequestFilter.java:116) ~[spring-web-7.0.3.jar:7.0.3]
	at org.apache.catalina.core.ApplicationFilterChain.doFilter(ApplicationFilterChain.java:107) ~[tomcat-embed-core-11.0.15.jar:11.0.15]
	at org.apache.catalina.core.StandardWrapperValve.invoke(StandardWrapperValve.java:165) ~[tomcat-embed-core-11.0.15.jar:11.0.15]
	at org.apache.catalina.core.StandardContextValve.invoke(StandardContextValve.java:77) ~[tomcat-embed-core-11.0.15.jar:11.0.15]
	at org.apache.catalina.authenticator.AuthenticatorBase.invoke(AuthenticatorBase.java:482) ~[tomcat-embed-core-11.0.15.jar:11.0.15]
	at org.apache.catalina.core.StandardHostValve.invoke(StandardHostValve.java:113) ~[tomcat-embed-core-11.0.15.jar:11.0.15]
	at org.apache.catalina.valves.ErrorReportValve.invoke(ErrorReportValve.java:83) ~[tomcat-embed-core-11.0.15.jar:11.0.15]
	at org.apache.catalina.core.StandardEngineValve.invoke(StandardEngineValve.java:72) ~[tomcat-embed-core-11.0.15.jar:11.0.15]
	at org.apache.catalina.connector.CoyoteAdapter.service(CoyoteAdapter.java:341) ~[tomcat-embed-core-11.0.15.jar:11.0.15]
	at org.apache.coyote.http11.Http11Processor.service(Http11Processor.java:397) ~[tomcat-embed-core-11.0.15.jar:11.0.15]
	at org.apache.coyote.AbstractProcessorLight.process(AbstractProcessorLight.java:63) ~[tomcat-embed-core-11.0.15.jar:11.0.15]
	at org.apache.coyote.AbstractProtocol$ConnectionHandler.process(AbstractProtocol.java:903) ~[tomcat-embed-core-11.0.15.jar:11.0.15]
	at org.apache.tomcat.util.net.NioEndpoint$SocketProcessor.doRun(NioEndpoint.java:1778) ~[tomcat-embed-core-11.0.15.jar:11.0.15]
	at org.apache.tomcat.util.net.SocketProcessorBase.run(SocketProcessorBase.java:52) ~[tomcat-embed-core-11.0.15.jar:11.0.15]
	at org.apache.tomcat.util.threads.ThreadPoolExecutor.runWorker(ThreadPoolExecutor.java:946) ~[tomcat-embed-core-11.0.15.jar:11.0.15]
	at org.apache.tomcat.util.threads.ThreadPoolExecutor$Worker.run(ThreadPoolExecutor.java:480) ~[tomcat-embed-core-11.0.15.jar:11.0.15]
	at org.apache.tomcat.util.threads.TaskThread$WrappingRunnable.run(TaskThread.java:57) ~[tomcat-embed-core-11.0.15.jar:11.0.15]
	at java.base/java.lang.Thread.run(Thread.java:1570) ~[na:na]

2026-03-08T00:24:50.439+07:00  INFO 23836 --- [ielts] [http-nio-8081-exec-9] com.ddhva.ielts.util.JWTFilter           : RESPONSE: 500 - 6ms
2026-03-08T00:24:56.368+07:00  INFO 23836 --- [ielts] [http-nio-8081-exec-2] com.ddhva.ielts.util.JWTFilter           : REQUEST: GET - /api/v1/vocabularies/search
2026-03-08T00:24:56.380+07:00 ERROR 23836 --- [ielts] [http-nio-8081-exec-2] c.d.i.s.impl.VocabularyServiceImpl       : Error while fetching vocabularies from database

java.lang.ClassCastException: class java.lang.String cannot be cast to class com.ddhva.ielts.model.Vocabulary (java.lang.String is in module java.base of loader 'bootstrap'; com.ddhva.ielts.model.Vocabulary is in unnamed module of loader org.springframework.boot.devtools.restart.classloader.RestartClassLoader @5e9be5ee)
	at java.base/java.util.stream.ReferencePipeline$3$1.accept(ReferencePipeline.java:212) ~[na:na]
	at java.base/java.util.ArrayList$Itr.forEachRemaining(ArrayList.java:1086) ~[na:na]
	at java.base/java.util.Spliterators$IteratorSpliterator.forEachRemaining(Spliterators.java:1939) ~[na:na]
	at java.base/java.util.stream.AbstractPipeline.copyInto(AbstractPipeline.java:556) ~[na:na]
	at java.base/java.util.stream.AbstractPipeline.wrapAndCopyInto(AbstractPipeline.java:546) ~[na:na]
	at java.base/java.util.stream.ReduceOps$ReduceOp.evaluateSequential(ReduceOps.java:921) ~[na:na]
	at java.base/java.util.stream.AbstractPipeline.evaluate(AbstractPipeline.java:265) ~[na:na]
	at java.base/java.util.stream.ReferencePipeline.collect(ReferencePipeline.java:702) ~[na:na]
	at com.ddhva.ielts.service.impl.VocabularyServiceImpl.getVocabularyResponsePagination(VocabularyServiceImpl.java:76) ~[classes/:na]
	at com.ddhva.ielts.service.impl.VocabularyServiceImpl.searchVocabulary(VocabularyServiceImpl.java:59) ~[classes/:na]
	at com.ddhva.ielts.controller.VocabularyController.search(VocabularyController.java:43) ~[classes/:na]
	at java.base/jdk.internal.reflect.DirectMethodHandleAccessor.invoke(DirectMethodHandleAccessor.java:103) ~[na:na]
	at java.base/java.lang.reflect.Method.invoke(Method.java:580) ~[na:na]
	at org.springframework.web.method.support.InvocableHandlerMethod.doInvoke(InvocableHandlerMethod.java:258) ~[spring-web-7.0.3.jar:7.0.3]
	at org.springframework.web.method.support.InvocableHandlerMethod.invokeForRequest(InvocableHandlerMethod.java:190) ~[spring-web-7.0.3.jar:7.0.3]
	at org.springframework.web.servlet.mvc.method.annotation.ServletInvocableHandlerMethod.invokeAndHandle(ServletInvocableHandlerMethod.java:117) ~[spring-webmvc-7.0.3.jar:7.0.3]
	at org.springframework.web.servlet.mvc.method.annotation.RequestMappingHandlerAdapter.invokeHandlerMethod(RequestMappingHandlerAdapter.java:934) ~[spring-webmvc-7.0.3.jar:7.0.3]
	at org.springframework.web.servlet.mvc.method.annotation.RequestMappingHandlerAdapter.handleInternal(RequestMappingHandlerAdapter.java:853) ~[spring-webmvc-7.0.3.jar:7.0.3]
	at org.springframework.web.servlet.mvc.method.AbstractHandlerMethodAdapter.handle(AbstractHandlerMethodAdapter.java:86) ~[spring-webmvc-7.0.3.jar:7.0.3]
	at org.springframework.web.servlet.DispatcherServlet.doDispatch(DispatcherServlet.java:963) ~[spring-webmvc-7.0.3.jar:7.0.3]
	at org.springframework.web.servlet.DispatcherServlet.doService(DispatcherServlet.java:866) ~[spring-webmvc-7.0.3.jar:7.0.3]
	at org.springframework.web.servlet.FrameworkServlet.processRequest(FrameworkServlet.java:1003) ~[spring-webmvc-7.0.3.jar:7.0.3]
	at org.springframework.web.servlet.FrameworkServlet.doGet(FrameworkServlet.java:892) ~[spring-webmvc-7.0.3.jar:7.0.3]
	at jakarta.servlet.http.HttpServlet.service(HttpServlet.java:622) ~[tomcat-embed-core-11.0.15.jar:6.1]
	at org.springframework.web.servlet.FrameworkServlet.service(FrameworkServlet.java:874) ~[spring-webmvc-7.0.3.jar:7.0.3]
	at jakarta.servlet.http.HttpServlet.service(HttpServlet.java:710) ~[tomcat-embed-core-11.0.15.jar:6.1]
	at org.apache.catalina.core.ApplicationFilterChain.doFilter(ApplicationFilterChain.java:128) ~[tomcat-embed-core-11.0.15.jar:11.0.15]
	at org.apache.tomcat.websocket.server.WsFilter.doFilter(WsFilter.java:53) ~[tomcat-embed-websocket-11.0.15.jar:11.0.15]
	at org.apache.catalina.core.ApplicationFilterChain.doFilter(ApplicationFilterChain.java:107) ~[tomcat-embed-core-11.0.15.jar:11.0.15]
	at com.ddhva.ielts.util.JWTFilter.doFilterInternal(JWTFilter.java:27) ~[classes/:na]
	at org.springframework.web.filter.OncePerRequestFilter.doFilter(OncePerRequestFilter.java:116) ~[spring-web-7.0.3.jar:7.0.3]
	at org.apache.catalina.core.ApplicationFilterChain.doFilter(ApplicationFilterChain.java:107) ~[tomcat-embed-core-11.0.15.jar:11.0.15]
	at org.springframework.web.filter.CompositeFilter$VirtualFilterChain.doFilter(CompositeFilter.java:108) ~[spring-web-7.0.3.jar:7.0.3]
	at org.springframework.security.web.FilterChainProxy.lambda$doFilterInternal$3(FilterChainProxy.java:235) ~[spring-security-web-7.0.2.jar:7.0.2]
	at org.springframework.security.web.ObservationFilterChainDecorator$FilterObservation$SimpleFilterObservation.lambda$wrap$1(ObservationFilterChainDecorator.java:493) ~[spring-security-web-7.0.2.jar:7.0.2]
	at org.springframework.security.web.ObservationFilterChainDecorator$AroundFilterObservation$SimpleAroundFilterObservation.lambda$wrap$1(ObservationFilterChainDecorator.java:354) ~[spring-security-web-7.0.2.jar:7.0.2]
	at org.springframework.security.web.ObservationFilterChainDecorator.lambda$wrapSecured$0(ObservationFilterChainDecorator.java:86) ~[spring-security-web-7.0.2.jar:7.0.2]
	at org.springframework.security.web.ObservationFilterChainDecorator$VirtualFilterChain.doFilter(ObservationFilterChainDecorator.java:132) ~[spring-security-web-7.0.2.jar:7.0.2]
	at org.springframework.security.web.access.intercept.AuthorizationFilter.doFilter(AuthorizationFilter.java:101) ~[spring-security-web-7.0.2.jar:7.0.2]
	at org.springframework.security.web.ObservationFilterChainDecorator$ObservationFilter.wrapFilter(ObservationFilterChainDecorator.java:244) ~[spring-security-web-7.0.2.jar:7.0.2]
	at org.springframework.security.web.ObservationFilterChainDecorator$ObservationFilter.doFilter(ObservationFilterChainDecorator.java:231) ~[spring-security-web-7.0.2.jar:7.0.2]
	at org.springframework.security.web.ObservationFilterChainDecorator$VirtualFilterChain.doFilter(ObservationFilterChainDecorator.java:141) ~[spring-security-web-7.0.2.jar:7.0.2]
	at org.springframework.security.web.access.ExceptionTranslationFilter.doFilter(ExceptionTranslationFilter.java:126) ~[spring-security-web-7.0.2.jar:7.0.2]
	at org.springframework.security.web.access.ExceptionTranslationFilter.doFilter(ExceptionTranslationFilter.java:120) ~[spring-security-web-7.0.2.jar:7.0.2]
	at org.springframework.security.web.ObservationFilterChainDecorator$ObservationFilter.wrapFilter(ObservationFilterChainDecorator.java:244) ~[spring-security-web-7.0.2.jar:7.0.2]
	at org.springframework.security.web.ObservationFilterChainDecorator$ObservationFilter.doFilter(ObservationFilterChainDecorator.java:231) ~[spring-security-web-7.0.2.jar:7.0.2]
	at org.springframework.security.web.ObservationFilterChainDecorator$VirtualFilterChain.doFilter(ObservationFilterChainDecorator.java:141) ~[spring-security-web-7.0.2.jar:7.0.2]
	at org.springframework.security.web.authentication.AnonymousAuthenticationFilter.doFilter(AnonymousAuthenticationFilter.java:100) ~[spring-security-web-7.0.2.jar:7.0.2]
	at org.springframework.security.web.ObservationFilterChainDecorator$ObservationFilter.wrapFilter(ObservationFilterChainDecorator.java:244) ~[spring-security-web-7.0.2.jar:7.0.2]
	at org.springframework.security.web.ObservationFilterChainDecorator$ObservationFilter.doFilter(ObservationFilterChainDecorator.java:231) ~[spring-security-web-7.0.2.jar:7.0.2]
	at org.springframework.security.web.ObservationFilterChainDecorator$VirtualFilterChain.doFilter(ObservationFilterChainDecorator.java:141) ~[spring-security-web-7.0.2.jar:7.0.2]
	at org.springframework.security.web.servletapi.SecurityContextHolderAwareRequestFilter.doFilter(SecurityContextHolderAwareRequestFilter.java:181) ~[spring-security-web-7.0.2.jar:7.0.2]
	at org.springframework.security.web.ObservationFilterChainDecorator$ObservationFilter.wrapFilter(ObservationFilterChainDecorator.java:244) ~[spring-security-web-7.0.2.jar:7.0.2]
	at org.springframework.security.web.ObservationFilterChainDecorator$ObservationFilter.doFilter(ObservationFilterChainDecorator.java:231) ~[spring-security-web-7.0.2.jar:7.0.2]
	at org.springframework.security.web.ObservationFilterChainDecorator$VirtualFilterChain.doFilter(ObservationFilterChainDecorator.java:141) ~[spring-security-web-7.0.2.jar:7.0.2]
	at org.springframework.security.web.savedrequest.RequestCacheAwareFilter.doFilter(RequestCacheAwareFilter.java:63) ~[spring-security-web-7.0.2.jar:7.0.2]
	at org.springframework.security.web.ObservationFilterChainDecorator$ObservationFilter.wrapFilter(ObservationFilterChainDecorator.java:244) ~[spring-security-web-7.0.2.jar:7.0.2]
	at org.springframework.security.web.ObservationFilterChainDecorator$ObservationFilter.doFilter(ObservationFilterChainDecorator.java:231) ~[spring-security-web-7.0.2.jar:7.0.2]
	at org.springframework.security.web.ObservationFilterChainDecorator$VirtualFilterChain.doFilter(ObservationFilterChainDecorator.java:141) ~[spring-security-web-7.0.2.jar:7.0.2]
	at org.springframework.security.web.authentication.logout.LogoutFilter.doFilter(LogoutFilter.java:110) ~[spring-security-web-7.0.2.jar:7.0.2]
	at org.springframework.security.web.authentication.logout.LogoutFilter.doFilter(LogoutFilter.java:96) ~[spring-security-web-7.0.2.jar:7.0.2]
	at org.springframework.security.web.ObservationFilterChainDecorator$ObservationFilter.wrapFilter(ObservationFilterChainDecorator.java:244) ~[spring-security-web-7.0.2.jar:7.0.2]
	at org.springframework.security.web.ObservationFilterChainDecorator$ObservationFilter.doFilter(ObservationFilterChainDecorator.java:231) ~[spring-security-web-7.0.2.jar:7.0.2]
	at org.springframework.security.web.ObservationFilterChainDecorator$VirtualFilterChain.doFilter(ObservationFilterChainDecorator.java:141) ~[spring-security-web-7.0.2.jar:7.0.2]
	at org.springframework.security.web.header.HeaderWriterFilter.doHeadersAfter(HeaderWriterFilter.java:90) ~[spring-security-web-7.0.2.jar:7.0.2]
	at org.springframework.security.web.header.HeaderWriterFilter.doFilterInternal(HeaderWriterFilter.java:75) ~[spring-security-web-7.0.2.jar:7.0.2]
	at org.springframework.web.filter.OncePerRequestFilter.doFilter(OncePerRequestFilter.java:116) ~[spring-web-7.0.3.jar:7.0.3]
	at org.springframework.security.web.ObservationFilterChainDecorator$ObservationFilter.wrapFilter(ObservationFilterChainDecorator.java:244) ~[spring-security-web-7.0.2.jar:7.0.2]
	at org.springframework.security.web.ObservationFilterChainDecorator$ObservationFilter.doFilter(ObservationFilterChainDecorator.java:231) ~[spring-security-web-7.0.2.jar:7.0.2]
	at org.springframework.security.web.ObservationFilterChainDecorator$VirtualFilterChain.doFilter(ObservationFilterChainDecorator.java:141) ~[spring-security-web-7.0.2.jar:7.0.2]
	at org.springframework.security.web.context.SecurityContextHolderFilter.doFilter(SecurityContextHolderFilter.java:82) ~[spring-security-web-7.0.2.jar:7.0.2]
	at org.springframework.security.web.context.SecurityContextHolderFilter.doFilter(SecurityContextHolderFilter.java:69) ~[spring-security-web-7.0.2.jar:7.0.2]
	at org.springframework.security.web.ObservationFilterChainDecorator$ObservationFilter.wrapFilter(ObservationFilterChainDecorator.java:244) ~[spring-security-web-7.0.2.jar:7.0.2]
	at org.springframework.security.web.ObservationFilterChainDecorator$ObservationFilter.doFilter(ObservationFilterChainDecorator.java:231) ~[spring-security-web-7.0.2.jar:7.0.2]
	at org.springframework.security.web.ObservationFilterChainDecorator$VirtualFilterChain.doFilter(ObservationFilterChainDecorator.java:141) ~[spring-security-web-7.0.2.jar:7.0.2]
	at org.springframework.security.web.context.request.async.WebAsyncManagerIntegrationFilter.doFilterInternal(WebAsyncManagerIntegrationFilter.java:62) ~[spring-security-web-7.0.2.jar:7.0.2]
	at org.springframework.web.filter.OncePerRequestFilter.doFilter(OncePerRequestFilter.java:116) ~[spring-web-7.0.3.jar:7.0.3]
	at org.springframework.security.web.ObservationFilterChainDecorator$ObservationFilter.wrapFilter(ObservationFilterChainDecorator.java:244) ~[spring-security-web-7.0.2.jar:7.0.2]
	at org.springframework.security.web.ObservationFilterChainDecorator$ObservationFilter.doFilter(ObservationFilterChainDecorator.java:231) ~[spring-security-web-7.0.2.jar:7.0.2]
	at org.springframework.security.web.ObservationFilterChainDecorator$VirtualFilterChain.doFilter(ObservationFilterChainDecorator.java:141) ~[spring-security-web-7.0.2.jar:7.0.2]
	at org.springframework.security.web.session.DisableEncodeUrlFilter.doFilterInternal(DisableEncodeUrlFilter.java:42) ~[spring-security-web-7.0.2.jar:7.0.2]
	at org.springframework.web.filter.OncePerRequestFilter.doFilter(OncePerRequestFilter.java:116) ~[spring-web-7.0.3.jar:7.0.3]
	at org.springframework.security.web.ObservationFilterChainDecorator$ObservationFilter.wrapFilter(ObservationFilterChainDecorator.java:244) ~[spring-security-web-7.0.2.jar:7.0.2]
	at org.springframework.security.web.ObservationFilterChainDecorator$AroundFilterObservation$SimpleAroundFilterObservation.lambda$wrap$0(ObservationFilterChainDecorator.java:337) ~[spring-security-web-7.0.2.jar:7.0.2]
	at org.springframework.security.web.ObservationFilterChainDecorator$ObservationFilter.doFilter(ObservationFilterChainDecorator.java:228) ~[spring-security-web-7.0.2.jar:7.0.2]
	at org.springframework.security.web.ObservationFilterChainDecorator$VirtualFilterChain.doFilter(ObservationFilterChainDecorator.java:141) ~[spring-security-web-7.0.2.jar:7.0.2]
	at org.springframework.security.web.FilterChainProxy.doFilterInternal(FilterChainProxy.java:237) ~[spring-security-web-7.0.2.jar:7.0.2]
	at org.springframework.security.web.FilterChainProxy.doFilter(FilterChainProxy.java:195) ~[spring-security-web-7.0.2.jar:7.0.2]
	at org.springframework.web.filter.CompositeFilter$VirtualFilterChain.doFilter(CompositeFilter.java:113) ~[spring-web-7.0.3.jar:7.0.3]
	at org.springframework.web.filter.ServletRequestPathFilter.doFilter(ServletRequestPathFilter.java:52) ~[spring-web-7.0.3.jar:7.0.3]
	at org.springframework.web.filter.CompositeFilter$VirtualFilterChain.doFilter(CompositeFilter.java:113) ~[spring-web-7.0.3.jar:7.0.3]
	at org.springframework.web.filter.CompositeFilter.doFilter(CompositeFilter.java:74) ~[spring-web-7.0.3.jar:7.0.3]
	at org.springframework.security.config.annotation.web.configuration.WebSecurityConfiguration$CompositeFilterChainProxy.doFilter(WebSecurityConfiguration.java:317) ~[spring-security-config-7.0.2.jar:7.0.2]
	at org.springframework.web.filter.DelegatingFilterProxy.invokeDelegate(DelegatingFilterProxy.java:355) ~[spring-web-7.0.3.jar:7.0.3]
	at org.springframework.web.filter.DelegatingFilterProxy.doFilter(DelegatingFilterProxy.java:272) ~[spring-web-7.0.3.jar:7.0.3]
	at org.apache.catalina.core.ApplicationFilterChain.doFilter(ApplicationFilterChain.java:107) ~[tomcat-embed-core-11.0.15.jar:11.0.15]
	at org.springframework.web.filter.RequestContextFilter.doFilterInternal(RequestContextFilter.java:100) ~[spring-web-7.0.3.jar:7.0.3]
	at org.springframework.web.filter.OncePerRequestFilter.doFilter(OncePerRequestFilter.java:116) ~[spring-web-7.0.3.jar:7.0.3]
	at org.apache.catalina.core.ApplicationFilterChain.doFilter(ApplicationFilterChain.java:107) ~[tomcat-embed-core-11.0.15.jar:11.0.15]
	at org.springframework.web.filter.FormContentFilter.doFilterInternal(FormContentFilter.java:93) ~[spring-web-7.0.3.jar:7.0.3]
	at org.springframework.web.filter.OncePerRequestFilter.doFilter(OncePerRequestFilter.java:116) ~[spring-web-7.0.3.jar:7.0.3]
	at org.apache.catalina.core.ApplicationFilterChain.doFilter(ApplicationFilterChain.java:107) ~[tomcat-embed-core-11.0.15.jar:11.0.15]
	at org.springframework.web.filter.ServerHttpObservationFilter.doFilterInternal(ServerHttpObservationFilter.java:110) ~[spring-web-7.0.3.jar:7.0.3]
	at org.springframework.web.filter.OncePerRequestFilter.doFilter(OncePerRequestFilter.java:116) ~[spring-web-7.0.3.jar:7.0.3]
	at org.apache.catalina.core.ApplicationFilterChain.doFilter(ApplicationFilterChain.java:107) ~[tomcat-embed-core-11.0.15.jar:11.0.15]
	at org.springframework.web.filter.CharacterEncodingFilter.doFilterInternal(CharacterEncodingFilter.java:199) ~[spring-web-7.0.3.jar:7.0.3]
	at org.springframework.web.filter.OncePerRequestFilter.doFilter(OncePerRequestFilter.java:116) ~[spring-web-7.0.3.jar:7.0.3]
	at org.apache.catalina.core.ApplicationFilterChain.doFilter(ApplicationFilterChain.java:107) ~[tomcat-embed-core-11.0.15.jar:11.0.15]
	at org.apache.catalina.core.StandardWrapperValve.invoke(StandardWrapperValve.java:165) ~[tomcat-embed-core-11.0.15.jar:11.0.15]
	at org.apache.catalina.core.StandardContextValve.invoke(StandardContextValve.java:77) ~[tomcat-embed-core-11.0.15.jar:11.0.15]
	at org.apache.catalina.authenticator.AuthenticatorBase.invoke(AuthenticatorBase.java:482) ~[tomcat-embed-core-11.0.15.jar:11.0.15]
	at org.apache.catalina.core.StandardHostValve.invoke(StandardHostValve.java:113) ~[tomcat-embed-core-11.0.15.jar:11.0.15]
	at org.apache.catalina.valves.ErrorReportValve.invoke(ErrorReportValve.java:83) ~[tomcat-embed-core-11.0.15.jar:11.0.15]
	at org.apache.catalina.core.StandardEngineValve.invoke(StandardEngineValve.java:72) ~[tomcat-embed-core-11.0.15.jar:11.0.15]
	at org.apache.catalina.connector.CoyoteAdapter.service(CoyoteAdapter.java:341) ~[tomcat-embed-core-11.0.15.jar:11.0.15]
	at org.apache.coyote.http11.Http11Processor.service(Http11Processor.java:397) ~[tomcat-embed-core-11.0.15.jar:11.0.15]
	at org.apache.coyote.AbstractProcessorLight.process(AbstractProcessorLight.java:63) ~[tomcat-embed-core-11.0.15.jar:11.0.15]
	at org.apache.coyote.AbstractProtocol$ConnectionHandler.process(AbstractProtocol.java:903) ~[tomcat-embed-core-11.0.15.jar:11.0.15]
	at org.apache.tomcat.util.net.NioEndpoint$SocketProcessor.doRun(NioEndpoint.java:1778) ~[tomcat-embed-core-11.0.15.jar:11.0.15]
	at org.apache.tomcat.util.net.SocketProcessorBase.run(SocketProcessorBase.java:52) ~[tomcat-embed-core-11.0.15.jar:11.0.15]
	at org.apache.tomcat.util.threads.ThreadPoolExecutor.runWorker(ThreadPoolExecutor.java:946) ~[tomcat-embed-core-11.0.15.jar:11.0.15]
	at org.apache.tomcat.util.threads.ThreadPoolExecutor$Worker.run(ThreadPoolExecutor.java:480) ~[tomcat-embed-core-11.0.15.jar:11.0.15]
	at org.apache.tomcat.util.threads.TaskThread$WrappingRunnable.run(TaskThread.java:57) ~[tomcat-embed-core-11.0.15.jar:11.0.15]
	at java.base/java.lang.Thread.run(Thread.java:1570) ~[na:na]

2026-03-08T00:24:56.382+07:00  INFO 23836 --- [ielts] [http-nio-8081-exec-2] com.ddhva.ielts.util.JWTFilter           : RESPONSE: 500 - 14ms
2026-03-08T00:34:27.442+07:00  INFO 23836 --- [ielts] [http-nio-8081-exec-3] com.ddhva.ielts.util.JWTFilter           : REQUEST: GET - /api/v1/vocabularies/search
2026-03-08T00:34:27.449+07:00 ERROR 23836 --- [ielts] [http-nio-8081-exec-3] c.d.i.s.impl.VocabularyServiceImpl       : Error while fetching vocabularies from database

java.lang.ClassCastException: class java.lang.String cannot be cast to class com.ddhva.ielts.model.Vocabulary (java.lang.String is in module java.base of loader 'bootstrap'; com.ddhva.ielts.model.Vocabulary is in unnamed module of loader org.springframework.boot.devtools.restart.classloader.RestartClassLoader @5e9be5ee)
	at java.base/java.util.stream.ReferencePipeline$3$1.accept(ReferencePipeline.java:212) ~[na:na]
	at java.base/java.util.ArrayList$Itr.forEachRemaining(ArrayList.java:1086) ~[na:na]
	at java.base/java.util.Spliterators$IteratorSpliterator.forEachRemaining(Spliterators.java:1939) ~[na:na]
	at java.base/java.util.stream.AbstractPipeline.copyInto(AbstractPipeline.java:556) ~[na:na]
	at java.base/java.util.stream.AbstractPipeline.wrapAndCopyInto(AbstractPipeline.java:546) ~[na:na]
	at java.base/java.util.stream.ReduceOps$ReduceOp.evaluateSequential(ReduceOps.java:921) ~[na:na]
	at java.base/java.util.stream.AbstractPipeline.evaluate(AbstractPipeline.java:265) ~[na:na]
	at java.base/java.util.stream.ReferencePipeline.collect(ReferencePipeline.java:702) ~[na:na]
	at com.ddhva.ielts.service.impl.VocabularyServiceImpl.getVocabularyResponsePagination(VocabularyServiceImpl.java:76) ~[classes/:na]
	at com.ddhva.ielts.service.impl.VocabularyServiceImpl.searchVocabulary(VocabularyServiceImpl.java:59) ~[classes/:na]
	at com.ddhva.ielts.controller.VocabularyController.search(VocabularyController.java:43) ~[classes/:na]
	at java.base/jdk.internal.reflect.DirectMethodHandleAccessor.invoke(DirectMethodHandleAccessor.java:103) ~[na:na]
	at java.base/java.lang.reflect.Method.invoke(Method.java:580) ~[na:na]
	at org.springframework.web.method.support.InvocableHandlerMethod.doInvoke(InvocableHandlerMethod.java:258) ~[spring-web-7.0.3.jar:7.0.3]
	at org.springframework.web.method.support.InvocableHandlerMethod.invokeForRequest(InvocableHandlerMethod.java:190) ~[spring-web-7.0.3.jar:7.0.3]
	at org.springframework.web.servlet.mvc.method.annotation.ServletInvocableHandlerMethod.invokeAndHandle(ServletInvocableHandlerMethod.java:117) ~[spring-webmvc-7.0.3.jar:7.0.3]
	at org.springframework.web.servlet.mvc.method.annotation.RequestMappingHandlerAdapter.invokeHandlerMethod(RequestMappingHandlerAdapter.java:934) ~[spring-webmvc-7.0.3.jar:7.0.3]
	at org.springframework.web.servlet.mvc.method.annotation.RequestMappingHandlerAdapter.handleInternal(RequestMappingHandlerAdapter.java:853) ~[spring-webmvc-7.0.3.jar:7.0.3]
	at org.springframework.web.servlet.mvc.method.AbstractHandlerMethodAdapter.handle(AbstractHandlerMethodAdapter.java:86) ~[spring-webmvc-7.0.3.jar:7.0.3]
	at org.springframework.web.servlet.DispatcherServlet.doDispatch(DispatcherServlet.java:963) ~[spring-webmvc-7.0.3.jar:7.0.3]
	at org.springframework.web.servlet.DispatcherServlet.doService(DispatcherServlet.java:866) ~[spring-webmvc-7.0.3.jar:7.0.3]
	at org.springframework.web.servlet.FrameworkServlet.processRequest(FrameworkServlet.java:1003) ~[spring-webmvc-7.0.3.jar:7.0.3]
	at org.springframework.web.servlet.FrameworkServlet.doGet(FrameworkServlet.java:892) ~[spring-webmvc-7.0.3.jar:7.0.3]
	at jakarta.servlet.http.HttpServlet.service(HttpServlet.java:622) ~[tomcat-embed-core-11.0.15.jar:6.1]
	at org.springframework.web.servlet.FrameworkServlet.service(FrameworkServlet.java:874) ~[spring-webmvc-7.0.3.jar:7.0.3]
	at jakarta.servlet.http.HttpServlet.service(HttpServlet.java:710) ~[tomcat-embed-core-11.0.15.jar:6.1]
	at org.apache.catalina.core.ApplicationFilterChain.doFilter(ApplicationFilterChain.java:128) ~[tomcat-embed-core-11.0.15.jar:11.0.15]
	at org.apache.tomcat.websocket.server.WsFilter.doFilter(WsFilter.java:53) ~[tomcat-embed-websocket-11.0.15.jar:11.0.15]
	at org.apache.catalina.core.ApplicationFilterChain.doFilter(ApplicationFilterChain.java:107) ~[tomcat-embed-core-11.0.15.jar:11.0.15]
	at com.ddhva.ielts.util.JWTFilter.doFilterInternal(JWTFilter.java:27) ~[classes/:na]
	at org.springframework.web.filter.OncePerRequestFilter.doFilter(OncePerRequestFilter.java:116) ~[spring-web-7.0.3.jar:7.0.3]
	at org.apache.catalina.core.ApplicationFilterChain.doFilter(ApplicationFilterChain.java:107) ~[tomcat-embed-core-11.0.15.jar:11.0.15]
	at org.springframework.web.filter.CompositeFilter$VirtualFilterChain.doFilter(CompositeFilter.java:108) ~[spring-web-7.0.3.jar:7.0.3]
	at org.springframework.security.web.FilterChainProxy.lambda$doFilterInternal$3(FilterChainProxy.java:235) ~[spring-security-web-7.0.2.jar:7.0.2]
	at org.springframework.security.web.ObservationFilterChainDecorator$FilterObservation$SimpleFilterObservation.lambda$wrap$1(ObservationFilterChainDecorator.java:493) ~[spring-security-web-7.0.2.jar:7.0.2]
	at org.springframework.security.web.ObservationFilterChainDecorator$AroundFilterObservation$SimpleAroundFilterObservation.lambda$wrap$1(ObservationFilterChainDecorator.java:354) ~[spring-security-web-7.0.2.jar:7.0.2]
	at org.springframework.security.web.ObservationFilterChainDecorator.lambda$wrapSecured$0(ObservationFilterChainDecorator.java:86) ~[spring-security-web-7.0.2.jar:7.0.2]
	at org.springframework.security.web.ObservationFilterChainDecorator$VirtualFilterChain.doFilter(ObservationFilterChainDecorator.java:132) ~[spring-security-web-7.0.2.jar:7.0.2]
	at org.springframework.security.web.access.intercept.AuthorizationFilter.doFilter(AuthorizationFilter.java:101) ~[spring-security-web-7.0.2.jar:7.0.2]
	at org.springframework.security.web.ObservationFilterChainDecorator$ObservationFilter.wrapFilter(ObservationFilterChainDecorator.java:244) ~[spring-security-web-7.0.2.jar:7.0.2]
	at org.springframework.security.web.ObservationFilterChainDecorator$ObservationFilter.doFilter(ObservationFilterChainDecorator.java:231) ~[spring-security-web-7.0.2.jar:7.0.2]
	at org.springframework.security.web.ObservationFilterChainDecorator$VirtualFilterChain.doFilter(ObservationFilterChainDecorator.java:141) ~[spring-security-web-7.0.2.jar:7.0.2]
	at org.springframework.security.web.access.ExceptionTranslationFilter.doFilter(ExceptionTranslationFilter.java:126) ~[spring-security-web-7.0.2.jar:7.0.2]
	at org.springframework.security.web.access.ExceptionTranslationFilter.doFilter(ExceptionTranslationFilter.java:120) ~[spring-security-web-7.0.2.jar:7.0.2]
	at org.springframework.security.web.ObservationFilterChainDecorator$ObservationFilter.wrapFilter(ObservationFilterChainDecorator.java:244) ~[spring-security-web-7.0.2.jar:7.0.2]
	at org.springframework.security.web.ObservationFilterChainDecorator$ObservationFilter.doFilter(ObservationFilterChainDecorator.java:231) ~[spring-security-web-7.0.2.jar:7.0.2]
	at org.springframework.security.web.ObservationFilterChainDecorator$VirtualFilterChain.doFilter(ObservationFilterChainDecorator.java:141) ~[spring-security-web-7.0.2.jar:7.0.2]
	at org.springframework.security.web.authentication.AnonymousAuthenticationFilter.doFilter(AnonymousAuthenticationFilter.java:100) ~[spring-security-web-7.0.2.jar:7.0.2]
	at org.springframework.security.web.ObservationFilterChainDecorator$ObservationFilter.wrapFilter(ObservationFilterChainDecorator.java:244) ~[spring-security-web-7.0.2.jar:7.0.2]
	at org.springframework.security.web.ObservationFilterChainDecorator$ObservationFilter.doFilter(ObservationFilterChainDecorator.java:231) ~[spring-security-web-7.0.2.jar:7.0.2]
	at org.springframework.security.web.ObservationFilterChainDecorator$VirtualFilterChain.doFilter(ObservationFilterChainDecorator.java:141) ~[spring-security-web-7.0.2.jar:7.0.2]
	at org.springframework.security.web.servletapi.SecurityContextHolderAwareRequestFilter.doFilter(SecurityContextHolderAwareRequestFilter.java:181) ~[spring-security-web-7.0.2.jar:7.0.2]
	at org.springframework.security.web.ObservationFilterChainDecorator$ObservationFilter.wrapFilter(ObservationFilterChainDecorator.java:244) ~[spring-security-web-7.0.2.jar:7.0.2]
	at org.springframework.security.web.ObservationFilterChainDecorator$ObservationFilter.doFilter(ObservationFilterChainDecorator.java:231) ~[spring-security-web-7.0.2.jar:7.0.2]
	at org.springframework.security.web.ObservationFilterChainDecorator$VirtualFilterChain.doFilter(ObservationFilterChainDecorator.java:141) ~[spring-security-web-7.0.2.jar:7.0.2]
	at org.springframework.security.web.savedrequest.RequestCacheAwareFilter.doFilter(RequestCacheAwareFilter.java:63) ~[spring-security-web-7.0.2.jar:7.0.2]
	at org.springframework.security.web.ObservationFilterChainDecorator$ObservationFilter.wrapFilter(ObservationFilterChainDecorator.java:244) ~[spring-security-web-7.0.2.jar:7.0.2]
	at org.springframework.security.web.ObservationFilterChainDecorator$ObservationFilter.doFilter(ObservationFilterChainDecorator.java:231) ~[spring-security-web-7.0.2.jar:7.0.2]
	at org.springframework.security.web.ObservationFilterChainDecorator$VirtualFilterChain.doFilter(ObservationFilterChainDecorator.java:141) ~[spring-security-web-7.0.2.jar:7.0.2]
	at org.springframework.security.web.authentication.logout.LogoutFilter.doFilter(LogoutFilter.java:110) ~[spring-security-web-7.0.2.jar:7.0.2]
	at org.springframework.security.web.authentication.logout.LogoutFilter.doFilter(LogoutFilter.java:96) ~[spring-security-web-7.0.2.jar:7.0.2]
	at org.springframework.security.web.ObservationFilterChainDecorator$ObservationFilter.wrapFilter(ObservationFilterChainDecorator.java:244) ~[spring-security-web-7.0.2.jar:7.0.2]
	at org.springframework.security.web.ObservationFilterChainDecorator$ObservationFilter.doFilter(ObservationFilterChainDecorator.java:231) ~[spring-security-web-7.0.2.jar:7.0.2]
	at org.springframework.security.web.ObservationFilterChainDecorator$VirtualFilterChain.doFilter(ObservationFilterChainDecorator.java:141) ~[spring-security-web-7.0.2.jar:7.0.2]
	at org.springframework.security.web.header.HeaderWriterFilter.doHeadersAfter(HeaderWriterFilter.java:90) ~[spring-security-web-7.0.2.jar:7.0.2]
	at org.springframework.security.web.header.HeaderWriterFilter.doFilterInternal(HeaderWriterFilter.java:75) ~[spring-security-web-7.0.2.jar:7.0.2]
	at org.springframework.web.filter.OncePerRequestFilter.doFilter(OncePerRequestFilter.java:116) ~[spring-web-7.0.3.jar:7.0.3]
	at org.springframework.security.web.ObservationFilterChainDecorator$ObservationFilter.wrapFilter(ObservationFilterChainDecorator.java:244) ~[spring-security-web-7.0.2.jar:7.0.2]
	at org.springframework.security.web.ObservationFilterChainDecorator$ObservationFilter.doFilter(ObservationFilterChainDecorator.java:231) ~[spring-security-web-7.0.2.jar:7.0.2]
	at org.springframework.security.web.ObservationFilterChainDecorator$VirtualFilterChain.doFilter(ObservationFilterChainDecorator.java:141) ~[spring-security-web-7.0.2.jar:7.0.2]
	at org.springframework.security.web.context.SecurityContextHolderFilter.doFilter(SecurityContextHolderFilter.java:82) ~[spring-security-web-7.0.2.jar:7.0.2]
	at org.springframework.security.web.context.SecurityContextHolderFilter.doFilter(SecurityContextHolderFilter.java:69) ~[spring-security-web-7.0.2.jar:7.0.2]
	at org.springframework.security.web.ObservationFilterChainDecorator$ObservationFilter.wrapFilter(ObservationFilterChainDecorator.java:244) ~[spring-security-web-7.0.2.jar:7.0.2]
	at org.springframework.security.web.ObservationFilterChainDecorator$ObservationFilter.doFilter(ObservationFilterChainDecorator.java:231) ~[spring-security-web-7.0.2.jar:7.0.2]
	at org.springframework.security.web.ObservationFilterChainDecorator$VirtualFilterChain.doFilter(ObservationFilterChainDecorator.java:141) ~[spring-security-web-7.0.2.jar:7.0.2]
	at org.springframework.security.web.context.request.async.WebAsyncManagerIntegrationFilter.doFilterInternal(WebAsyncManagerIntegrationFilter.java:62) ~[spring-security-web-7.0.2.jar:7.0.2]
	at org.springframework.web.filter.OncePerRequestFilter.doFilter(OncePerRequestFilter.java:116) ~[spring-web-7.0.3.jar:7.0.3]
	at org.springframework.security.web.ObservationFilterChainDecorator$ObservationFilter.wrapFilter(ObservationFilterChainDecorator.java:244) ~[spring-security-web-7.0.2.jar:7.0.2]
	at org.springframework.security.web.ObservationFilterChainDecorator$ObservationFilter.doFilter(ObservationFilterChainDecorator.java:231) ~[spring-security-web-7.0.2.jar:7.0.2]
	at org.springframework.security.web.ObservationFilterChainDecorator$VirtualFilterChain.doFilter(ObservationFilterChainDecorator.java:141) ~[spring-security-web-7.0.2.jar:7.0.2]
	at org.springframework.security.web.session.DisableEncodeUrlFilter.doFilterInternal(DisableEncodeUrlFilter.java:42) ~[spring-security-web-7.0.2.jar:7.0.2]
	at org.springframework.web.filter.OncePerRequestFilter.doFilter(OncePerRequestFilter.java:116) ~[spring-web-7.0.3.jar:7.0.3]
	at org.springframework.security.web.ObservationFilterChainDecorator$ObservationFilter.wrapFilter(ObservationFilterChainDecorator.java:244) ~[spring-security-web-7.0.2.jar:7.0.2]
	at org.springframework.security.web.ObservationFilterChainDecorator$AroundFilterObservation$SimpleAroundFilterObservation.lambda$wrap$0(ObservationFilterChainDecorator.java:337) ~[spring-security-web-7.0.2.jar:7.0.2]
	at org.springframework.security.web.ObservationFilterChainDecorator$ObservationFilter.doFilter(ObservationFilterChainDecorator.java:228) ~[spring-security-web-7.0.2.jar:7.0.2]
	at org.springframework.security.web.ObservationFilterChainDecorator$VirtualFilterChain.doFilter(ObservationFilterChainDecorator.java:141) ~[spring-security-web-7.0.2.jar:7.0.2]
	at org.springframework.security.web.FilterChainProxy.doFilterInternal(FilterChainProxy.java:237) ~[spring-security-web-7.0.2.jar:7.0.2]
	at org.springframework.security.web.FilterChainProxy.doFilter(FilterChainProxy.java:195) ~[spring-security-web-7.0.2.jar:7.0.2]
	at org.springframework.web.filter.CompositeFilter$VirtualFilterChain.doFilter(CompositeFilter.java:113) ~[spring-web-7.0.3.jar:7.0.3]
	at org.springframework.web.filter.ServletRequestPathFilter.doFilter(ServletRequestPathFilter.java:52) ~[spring-web-7.0.3.jar:7.0.3]
	at org.springframework.web.filter.CompositeFilter$VirtualFilterChain.doFilter(CompositeFilter.java:113) ~[spring-web-7.0.3.jar:7.0.3]
	at org.springframework.web.filter.CompositeFilter.doFilter(CompositeFilter.java:74) ~[spring-web-7.0.3.jar:7.0.3]
	at org.springframework.security.config.annotation.web.configuration.WebSecurityConfiguration$CompositeFilterChainProxy.doFilter(WebSecurityConfiguration.java:317) ~[spring-security-config-7.0.2.jar:7.0.2]
	at org.springframework.web.filter.DelegatingFilterProxy.invokeDelegate(DelegatingFilterProxy.java:355) ~[spring-web-7.0.3.jar:7.0.3]
	at org.springframework.web.filter.DelegatingFilterProxy.doFilter(DelegatingFilterProxy.java:272) ~[spring-web-7.0.3.jar:7.0.3]
	at org.apache.catalina.core.ApplicationFilterChain.doFilter(ApplicationFilterChain.java:107) ~[tomcat-embed-core-11.0.15.jar:11.0.15]
	at org.springframework.web.filter.RequestContextFilter.doFilterInternal(RequestContextFilter.java:100) ~[spring-web-7.0.3.jar:7.0.3]
	at org.springframework.web.filter.OncePerRequestFilter.doFilter(OncePerRequestFilter.java:116) ~[spring-web-7.0.3.jar:7.0.3]
	at org.apache.catalina.core.ApplicationFilterChain.doFilter(ApplicationFilterChain.java:107) ~[tomcat-embed-core-11.0.15.jar:11.0.15]
	at org.springframework.web.filter.FormContentFilter.doFilterInternal(FormContentFilter.java:93) ~[spring-web-7.0.3.jar:7.0.3]
	at org.springframework.web.filter.OncePerRequestFilter.doFilter(OncePerRequestFilter.java:116) ~[spring-web-7.0.3.jar:7.0.3]
	at org.apache.catalina.core.ApplicationFilterChain.doFilter(ApplicationFilterChain.java:107) ~[tomcat-embed-core-11.0.15.jar:11.0.15]
	at org.springframework.web.filter.ServerHttpObservationFilter.doFilterInternal(ServerHttpObservationFilter.java:110) ~[spring-web-7.0.3.jar:7.0.3]
	at org.springframework.web.filter.OncePerRequestFilter.doFilter(OncePerRequestFilter.java:116) ~[spring-web-7.0.3.jar:7.0.3]
	at org.apache.catalina.core.ApplicationFilterChain.doFilter(ApplicationFilterChain.java:107) ~[tomcat-embed-core-11.0.15.jar:11.0.15]
	at org.springframework.web.filter.CharacterEncodingFilter.doFilterInternal(CharacterEncodingFilter.java:199) ~[spring-web-7.0.3.jar:7.0.3]
	at org.springframework.web.filter.OncePerRequestFilter.doFilter(OncePerRequestFilter.java:116) ~[spring-web-7.0.3.jar:7.0.3]
	at org.apache.catalina.core.ApplicationFilterChain.doFilter(ApplicationFilterChain.java:107) ~[tomcat-embed-core-11.0.15.jar:11.0.15]
	at org.apache.catalina.core.StandardWrapperValve.invoke(StandardWrapperValve.java:165) ~[tomcat-embed-core-11.0.15.jar:11.0.15]
	at org.apache.catalina.core.StandardContextValve.invoke(StandardContextValve.java:77) ~[tomcat-embed-core-11.0.15.jar:11.0.15]
	at org.apache.catalina.authenticator.AuthenticatorBase.invoke(AuthenticatorBase.java:482) ~[tomcat-embed-core-11.0.15.jar:11.0.15]
	at org.apache.catalina.core.StandardHostValve.invoke(StandardHostValve.java:113) ~[tomcat-embed-core-11.0.15.jar:11.0.15]
	at org.apache.catalina.valves.ErrorReportValve.invoke(ErrorReportValve.java:83) ~[tomcat-embed-core-11.0.15.jar:11.0.15]
	at org.apache.catalina.core.StandardEngineValve.invoke(StandardEngineValve.java:72) ~[tomcat-embed-core-11.0.15.jar:11.0.15]
	at org.apache.catalina.connector.CoyoteAdapter.service(CoyoteAdapter.java:341) ~[tomcat-embed-core-11.0.15.jar:11.0.15]
	at org.apache.coyote.http11.Http11Processor.service(Http11Processor.java:397) ~[tomcat-embed-core-11.0.15.jar:11.0.15]
	at org.apache.coyote.AbstractProcessorLight.process(AbstractProcessorLight.java:63) ~[tomcat-embed-core-11.0.15.jar:11.0.15]
	at org.apache.coyote.AbstractProtocol$ConnectionHandler.process(AbstractProtocol.java:903) ~[tomcat-embed-core-11.0.15.jar:11.0.15]
	at org.apache.tomcat.util.net.NioEndpoint$SocketProcessor.doRun(NioEndpoint.java:1778) ~[tomcat-embed-core-11.0.15.jar:11.0.15]
	at org.apache.tomcat.util.net.SocketProcessorBase.run(SocketProcessorBase.java:52) ~[tomcat-embed-core-11.0.15.jar:11.0.15]
	at org.apache.tomcat.util.threads.ThreadPoolExecutor.runWorker(ThreadPoolExecutor.java:946) ~[tomcat-embed-core-11.0.15.jar:11.0.15]
	at org.apache.tomcat.util.threads.ThreadPoolExecutor$Worker.run(ThreadPoolExecutor.java:480) ~[tomcat-embed-core-11.0.15.jar:11.0.15]
	at org.apache.tomcat.util.threads.TaskThread$WrappingRunnable.run(TaskThread.java:57) ~[tomcat-embed-core-11.0.15.jar:11.0.15]
	at java.base/java.lang.Thread.run(Thread.java:1570) ~[na:na]

2026-03-08T00:34:27.452+07:00  INFO 23836 --- [ielts] [http-nio-8081-exec-3] com.ddhva.ielts.util.JWTFilter           : RESPONSE: 500 - 10ms
2026-03-08T00:34:39.559+07:00  INFO 23836 --- [ielts] [http-nio-8081-exec-5] com.ddhva.ielts.util.JWTFilter           : REQUEST: GET - /api/v1/vocabularies/search
2026-03-08T00:34:39.562+07:00 ERROR 23836 --- [ielts] [http-nio-8081-exec-5] c.d.i.s.impl.VocabularyServiceImpl       : Error while fetching vocabularies from database

java.lang.ClassCastException: class java.lang.String cannot be cast to class com.ddhva.ielts.model.Vocabulary (java.lang.String is in module java.base of loader 'bootstrap'; com.ddhva.ielts.model.Vocabulary is in unnamed module of loader org.springframework.boot.devtools.restart.classloader.RestartClassLoader @5e9be5ee)
	at java.base/java.util.stream.ReferencePipeline$3$1.accept(ReferencePipeline.java:212) ~[na:na]
	at java.base/java.util.ArrayList$Itr.forEachRemaining(ArrayList.java:1086) ~[na:na]
	at java.base/java.util.Spliterators$IteratorSpliterator.forEachRemaining(Spliterators.java:1939) ~[na:na]
	at java.base/java.util.stream.AbstractPipeline.copyInto(AbstractPipeline.java:556) ~[na:na]
	at java.base/java.util.stream.AbstractPipeline.wrapAndCopyInto(AbstractPipeline.java:546) ~[na:na]
	at java.base/java.util.stream.ReduceOps$ReduceOp.evaluateSequential(ReduceOps.java:921) ~[na:na]
	at java.base/java.util.stream.AbstractPipeline.evaluate(AbstractPipeline.java:265) ~[na:na]
	at java.base/java.util.stream.ReferencePipeline.collect(ReferencePipeline.java:702) ~[na:na]
	at com.ddhva.ielts.service.impl.VocabularyServiceImpl.getVocabularyResponsePagination(VocabularyServiceImpl.java:76) ~[classes/:na]
	at com.ddhva.ielts.service.impl.VocabularyServiceImpl.searchVocabulary(VocabularyServiceImpl.java:59) ~[classes/:na]
	at com.ddhva.ielts.controller.VocabularyController.search(VocabularyController.java:43) ~[classes/:na]
	at java.base/jdk.internal.reflect.DirectMethodHandleAccessor.invoke(DirectMethodHandleAccessor.java:103) ~[na:na]
	at java.base/java.lang.reflect.Method.invoke(Method.java:580) ~[na:na]
	at org.springframework.web.method.support.InvocableHandlerMethod.doInvoke(InvocableHandlerMethod.java:258) ~[spring-web-7.0.3.jar:7.0.3]
	at org.springframework.web.method.support.InvocableHandlerMethod.invokeForRequest(InvocableHandlerMethod.java:190) ~[spring-web-7.0.3.jar:7.0.3]
	at org.springframework.web.servlet.mvc.method.annotation.ServletInvocableHandlerMethod.invokeAndHandle(ServletInvocableHandlerMethod.java:117) ~[spring-webmvc-7.0.3.jar:7.0.3]
	at org.springframework.web.servlet.mvc.method.annotation.RequestMappingHandlerAdapter.invokeHandlerMethod(RequestMappingHandlerAdapter.java:934) ~[spring-webmvc-7.0.3.jar:7.0.3]
	at org.springframework.web.servlet.mvc.method.annotation.RequestMappingHandlerAdapter.handleInternal(RequestMappingHandlerAdapter.java:853) ~[spring-webmvc-7.0.3.jar:7.0.3]
	at org.springframework.web.servlet.mvc.method.AbstractHandlerMethodAdapter.handle(AbstractHandlerMethodAdapter.java:86) ~[spring-webmvc-7.0.3.jar:7.0.3]
	at org.springframework.web.servlet.DispatcherServlet.doDispatch(DispatcherServlet.java:963) ~[spring-webmvc-7.0.3.jar:7.0.3]
	at org.springframework.web.servlet.DispatcherServlet.doService(DispatcherServlet.java:866) ~[spring-webmvc-7.0.3.jar:7.0.3]
	at org.springframework.web.servlet.FrameworkServlet.processRequest(FrameworkServlet.java:1003) ~[spring-webmvc-7.0.3.jar:7.0.3]
	at org.springframework.web.servlet.FrameworkServlet.doGet(FrameworkServlet.java:892) ~[spring-webmvc-7.0.3.jar:7.0.3]
	at jakarta.servlet.http.HttpServlet.service(HttpServlet.java:622) ~[tomcat-embed-core-11.0.15.jar:6.1]
	at org.springframework.web.servlet.FrameworkServlet.service(FrameworkServlet.java:874) ~[spring-webmvc-7.0.3.jar:7.0.3]
	at jakarta.servlet.http.HttpServlet.service(HttpServlet.java:710) ~[tomcat-embed-core-11.0.15.jar:6.1]
	at org.apache.catalina.core.ApplicationFilterChain.doFilter(ApplicationFilterChain.java:128) ~[tomcat-embed-core-11.0.15.jar:11.0.15]
	at org.apache.tomcat.websocket.server.WsFilter.doFilter(WsFilter.java:53) ~[tomcat-embed-websocket-11.0.15.jar:11.0.15]
	at org.apache.catalina.core.ApplicationFilterChain.doFilter(ApplicationFilterChain.java:107) ~[tomcat-embed-core-11.0.15.jar:11.0.15]
	at com.ddhva.ielts.util.JWTFilter.doFilterInternal(JWTFilter.java:27) ~[classes/:na]
	at org.springframework.web.filter.OncePerRequestFilter.doFilter(OncePerRequestFilter.java:116) ~[spring-web-7.0.3.jar:7.0.3]
	at org.apache.catalina.core.ApplicationFilterChain.doFilter(ApplicationFilterChain.java:107) ~[tomcat-embed-core-11.0.15.jar:11.0.15]
	at org.springframework.web.filter.CompositeFilter$VirtualFilterChain.doFilter(CompositeFilter.java:108) ~[spring-web-7.0.3.jar:7.0.3]
	at org.springframework.security.web.FilterChainProxy.lambda$doFilterInternal$3(FilterChainProxy.java:235) ~[spring-security-web-7.0.2.jar:7.0.2]
	at org.springframework.security.web.ObservationFilterChainDecorator$FilterObservation$SimpleFilterObservation.lambda$wrap$1(ObservationFilterChainDecorator.java:493) ~[spring-security-web-7.0.2.jar:7.0.2]
	at org.springframework.security.web.ObservationFilterChainDecorator$AroundFilterObservation$SimpleAroundFilterObservation.lambda$wrap$1(ObservationFilterChainDecorator.java:354) ~[spring-security-web-7.0.2.jar:7.0.2]
	at org.springframework.security.web.ObservationFilterChainDecorator.lambda$wrapSecured$0(ObservationFilterChainDecorator.java:86) ~[spring-security-web-7.0.2.jar:7.0.2]
	at org.springframework.security.web.ObservationFilterChainDecorator$VirtualFilterChain.doFilter(ObservationFilterChainDecorator.java:132) ~[spring-security-web-7.0.2.jar:7.0.2]
	at org.springframework.security.web.access.intercept.AuthorizationFilter.doFilter(AuthorizationFilter.java:101) ~[spring-security-web-7.0.2.jar:7.0.2]
	at org.springframework.security.web.ObservationFilterChainDecorator$ObservationFilter.wrapFilter(ObservationFilterChainDecorator.java:244) ~[spring-security-web-7.0.2.jar:7.0.2]
	at org.springframework.security.web.ObservationFilterChainDecorator$ObservationFilter.doFilter(ObservationFilterChainDecorator.java:231) ~[spring-security-web-7.0.2.jar:7.0.2]
	at org.springframework.security.web.ObservationFilterChainDecorator$VirtualFilterChain.doFilter(ObservationFilterChainDecorator.java:141) ~[spring-security-web-7.0.2.jar:7.0.2]
	at org.springframework.security.web.access.ExceptionTranslationFilter.doFilter(ExceptionTranslationFilter.java:126) ~[spring-security-web-7.0.2.jar:7.0.2]
	at org.springframework.security.web.access.ExceptionTranslationFilter.doFilter(ExceptionTranslationFilter.java:120) ~[spring-security-web-7.0.2.jar:7.0.2]
	at org.springframework.security.web.ObservationFilterChainDecorator$ObservationFilter.wrapFilter(ObservationFilterChainDecorator.java:244) ~[spring-security-web-7.0.2.jar:7.0.2]
	at org.springframework.security.web.ObservationFilterChainDecorator$ObservationFilter.doFilter(ObservationFilterChainDecorator.java:231) ~[spring-security-web-7.0.2.jar:7.0.2]
	at org.springframework.security.web.ObservationFilterChainDecorator$VirtualFilterChain.doFilter(ObservationFilterChainDecorator.java:141) ~[spring-security-web-7.0.2.jar:7.0.2]
	at org.springframework.security.web.authentication.AnonymousAuthenticationFilter.doFilter(AnonymousAuthenticationFilter.java:100) ~[spring-security-web-7.0.2.jar:7.0.2]
	at org.springframework.security.web.ObservationFilterChainDecorator$ObservationFilter.wrapFilter(ObservationFilterChainDecorator.java:244) ~[spring-security-web-7.0.2.jar:7.0.2]
	at org.springframework.security.web.ObservationFilterChainDecorator$ObservationFilter.doFilter(ObservationFilterChainDecorator.java:231) ~[spring-security-web-7.0.2.jar:7.0.2]
	at org.springframework.security.web.ObservationFilterChainDecorator$VirtualFilterChain.doFilter(ObservationFilterChainDecorator.java:141) ~[spring-security-web-7.0.2.jar:7.0.2]
	at org.springframework.security.web.servletapi.SecurityContextHolderAwareRequestFilter.doFilter(SecurityContextHolderAwareRequestFilter.java:181) ~[spring-security-web-7.0.2.jar:7.0.2]
	at org.springframework.security.web.ObservationFilterChainDecorator$ObservationFilter.wrapFilter(ObservationFilterChainDecorator.java:244) ~[spring-security-web-7.0.2.jar:7.0.2]
	at org.springframework.security.web.ObservationFilterChainDecorator$ObservationFilter.doFilter(ObservationFilterChainDecorator.java:231) ~[spring-security-web-7.0.2.jar:7.0.2]
	at org.springframework.security.web.ObservationFilterChainDecorator$VirtualFilterChain.doFilter(ObservationFilterChainDecorator.java:141) ~[spring-security-web-7.0.2.jar:7.0.2]
	at org.springframework.security.web.savedrequest.RequestCacheAwareFilter.doFilter(RequestCacheAwareFilter.java:63) ~[spring-security-web-7.0.2.jar:7.0.2]
	at org.springframework.security.web.ObservationFilterChainDecorator$ObservationFilter.wrapFilter(ObservationFilterChainDecorator.java:244) ~[spring-security-web-7.0.2.jar:7.0.2]
	at org.springframework.security.web.ObservationFilterChainDecorator$ObservationFilter.doFilter(ObservationFilterChainDecorator.java:231) ~[spring-security-web-7.0.2.jar:7.0.2]
	at org.springframework.security.web.ObservationFilterChainDecorator$VirtualFilterChain.doFilter(ObservationFilterChainDecorator.java:141) ~[spring-security-web-7.0.2.jar:7.0.2]
	at org.springframework.security.web.authentication.logout.LogoutFilter.doFilter(LogoutFilter.java:110) ~[spring-security-web-7.0.2.jar:7.0.2]
	at org.springframework.security.web.authentication.logout.LogoutFilter.doFilter(LogoutFilter.java:96) ~[spring-security-web-7.0.2.jar:7.0.2]
	at org.springframework.security.web.ObservationFilterChainDecorator$ObservationFilter.wrapFilter(ObservationFilterChainDecorator.java:244) ~[spring-security-web-7.0.2.jar:7.0.2]
	at org.springframework.security.web.ObservationFilterChainDecorator$ObservationFilter.doFilter(ObservationFilterChainDecorator.java:231) ~[spring-security-web-7.0.2.jar:7.0.2]
	at org.springframework.security.web.ObservationFilterChainDecorator$VirtualFilterChain.doFilter(ObservationFilterChainDecorator.java:141) ~[spring-security-web-7.0.2.jar:7.0.2]
	at org.springframework.security.web.header.HeaderWriterFilter.doHeadersAfter(HeaderWriterFilter.java:90) ~[spring-security-web-7.0.2.jar:7.0.2]
	at org.springframework.security.web.header.HeaderWriterFilter.doFilterInternal(HeaderWriterFilter.java:75) ~[spring-security-web-7.0.2.jar:7.0.2]
	at org.springframework.web.filter.OncePerRequestFilter.doFilter(OncePerRequestFilter.java:116) ~[spring-web-7.0.3.jar:7.0.3]
	at org.springframework.security.web.ObservationFilterChainDecorator$ObservationFilter.wrapFilter(ObservationFilterChainDecorator.java:244) ~[spring-security-web-7.0.2.jar:7.0.2]
	at org.springframework.security.web.ObservationFilterChainDecorator$ObservationFilter.doFilter(ObservationFilterChainDecorator.java:231) ~[spring-security-web-7.0.2.jar:7.0.2]
	at org.springframework.security.web.ObservationFilterChainDecorator$VirtualFilterChain.doFilter(ObservationFilterChainDecorator.java:141) ~[spring-security-web-7.0.2.jar:7.0.2]
	at org.springframework.security.web.context.SecurityContextHolderFilter.doFilter(SecurityContextHolderFilter.java:82) ~[spring-security-web-7.0.2.jar:7.0.2]
	at org.springframework.security.web.context.SecurityContextHolderFilter.doFilter(SecurityContextHolderFilter.java:69) ~[spring-security-web-7.0.2.jar:7.0.2]
	at org.springframework.security.web.ObservationFilterChainDecorator$ObservationFilter.wrapFilter(ObservationFilterChainDecorator.java:244) ~[spring-security-web-7.0.2.jar:7.0.2]
	at org.springframework.security.web.ObservationFilterChainDecorator$ObservationFilter.doFilter(ObservationFilterChainDecorator.java:231) ~[spring-security-web-7.0.2.jar:7.0.2]
	at org.springframework.security.web.ObservationFilterChainDecorator$VirtualFilterChain.doFilter(ObservationFilterChainDecorator.java:141) ~[spring-security-web-7.0.2.jar:7.0.2]
	at org.springframework.security.web.context.request.async.WebAsyncManagerIntegrationFilter.doFilterInternal(WebAsyncManagerIntegrationFilter.java:62) ~[spring-security-web-7.0.2.jar:7.0.2]
	at org.springframework.web.filter.OncePerRequestFilter.doFilter(OncePerRequestFilter.java:116) ~[spring-web-7.0.3.jar:7.0.3]
	at org.springframework.security.web.ObservationFilterChainDecorator$ObservationFilter.wrapFilter(ObservationFilterChainDecorator.java:244) ~[spring-security-web-7.0.2.jar:7.0.2]
	at org.springframework.security.web.ObservationFilterChainDecorator$ObservationFilter.doFilter(ObservationFilterChainDecorator.java:231) ~[spring-security-web-7.0.2.jar:7.0.2]
	at org.springframework.security.web.ObservationFilterChainDecorator$VirtualFilterChain.doFilter(ObservationFilterChainDecorator.java:141) ~[spring-security-web-7.0.2.jar:7.0.2]
	at org.springframework.security.web.session.DisableEncodeUrlFilter.doFilterInternal(DisableEncodeUrlFilter.java:42) ~[spring-security-web-7.0.2.jar:7.0.2]
	at org.springframework.web.filter.OncePerRequestFilter.doFilter(OncePerRequestFilter.java:116) ~[spring-web-7.0.3.jar:7.0.3]
	at org.springframework.security.web.ObservationFilterChainDecorator$ObservationFilter.wrapFilter(ObservationFilterChainDecorator.java:244) ~[spring-security-web-7.0.2.jar:7.0.2]
	at org.springframework.security.web.ObservationFilterChainDecorator$AroundFilterObservation$SimpleAroundFilterObservation.lambda$wrap$0(ObservationFilterChainDecorator.java:337) ~[spring-security-web-7.0.2.jar:7.0.2]
	at org.springframework.security.web.ObservationFilterChainDecorator$ObservationFilter.doFilter(ObservationFilterChainDecorator.java:228) ~[spring-security-web-7.0.2.jar:7.0.2]
	at org.springframework.security.web.ObservationFilterChainDecorator$VirtualFilterChain.doFilter(ObservationFilterChainDecorator.java:141) ~[spring-security-web-7.0.2.jar:7.0.2]
	at org.springframework.security.web.FilterChainProxy.doFilterInternal(FilterChainProxy.java:237) ~[spring-security-web-7.0.2.jar:7.0.2]
	at org.springframework.security.web.FilterChainProxy.doFilter(FilterChainProxy.java:195) ~[spring-security-web-7.0.2.jar:7.0.2]
	at org.springframework.web.filter.CompositeFilter$VirtualFilterChain.doFilter(CompositeFilter.java:113) ~[spring-web-7.0.3.jar:7.0.3]
	at org.springframework.web.filter.ServletRequestPathFilter.doFilter(ServletRequestPathFilter.java:52) ~[spring-web-7.0.3.jar:7.0.3]
	at org.springframework.web.filter.CompositeFilter$VirtualFilterChain.doFilter(CompositeFilter.java:113) ~[spring-web-7.0.3.jar:7.0.3]
	at org.springframework.web.filter.CompositeFilter.doFilter(CompositeFilter.java:74) ~[spring-web-7.0.3.jar:7.0.3]
	at org.springframework.security.config.annotation.web.configuration.WebSecurityConfiguration$CompositeFilterChainProxy.doFilter(WebSecurityConfiguration.java:317) ~[spring-security-config-7.0.2.jar:7.0.2]
	at org.springframework.web.filter.DelegatingFilterProxy.invokeDelegate(DelegatingFilterProxy.java:355) ~[spring-web-7.0.3.jar:7.0.3]
	at org.springframework.web.filter.DelegatingFilterProxy.doFilter(DelegatingFilterProxy.java:272) ~[spring-web-7.0.3.jar:7.0.3]
	at org.apache.catalina.core.ApplicationFilterChain.doFilter(ApplicationFilterChain.java:107) ~[tomcat-embed-core-11.0.15.jar:11.0.15]
	at org.springframework.web.filter.RequestContextFilter.doFilterInternal(RequestContextFilter.java:100) ~[spring-web-7.0.3.jar:7.0.3]
	at org.springframework.web.filter.OncePerRequestFilter.doFilter(OncePerRequestFilter.java:116) ~[spring-web-7.0.3.jar:7.0.3]
	at org.apache.catalina.core.ApplicationFilterChain.doFilter(ApplicationFilterChain.java:107) ~[tomcat-embed-core-11.0.15.jar:11.0.15]
	at org.springframework.web.filter.FormContentFilter.doFilterInternal(FormContentFilter.java:93) ~[spring-web-7.0.3.jar:7.0.3]
	at org.springframework.web.filter.OncePerRequestFilter.doFilter(OncePerRequestFilter.java:116) ~[spring-web-7.0.3.jar:7.0.3]
	at org.apache.catalina.core.ApplicationFilterChain.doFilter(ApplicationFilterChain.java:107) ~[tomcat-embed-core-11.0.15.jar:11.0.15]
	at org.springframework.web.filter.ServerHttpObservationFilter.doFilterInternal(ServerHttpObservationFilter.java:110) ~[spring-web-7.0.3.jar:7.0.3]
	at org.springframework.web.filter.OncePerRequestFilter.doFilter(OncePerRequestFilter.java:116) ~[spring-web-7.0.3.jar:7.0.3]
	at org.apache.catalina.core.ApplicationFilterChain.doFilter(ApplicationFilterChain.java:107) ~[tomcat-embed-core-11.0.15.jar:11.0.15]
	at org.springframework.web.filter.CharacterEncodingFilter.doFilterInternal(CharacterEncodingFilter.java:199) ~[spring-web-7.0.3.jar:7.0.3]
	at org.springframework.web.filter.OncePerRequestFilter.doFilter(OncePerRequestFilter.java:116) ~[spring-web-7.0.3.jar:7.0.3]
	at org.apache.catalina.core.ApplicationFilterChain.doFilter(ApplicationFilterChain.java:107) ~[tomcat-embed-core-11.0.15.jar:11.0.15]
	at org.apache.catalina.core.StandardWrapperValve.invoke(StandardWrapperValve.java:165) ~[tomcat-embed-core-11.0.15.jar:11.0.15]
	at org.apache.catalina.core.StandardContextValve.invoke(StandardContextValve.java:77) ~[tomcat-embed-core-11.0.15.jar:11.0.15]
	at org.apache.catalina.authenticator.AuthenticatorBase.invoke(AuthenticatorBase.java:482) ~[tomcat-embed-core-11.0.15.jar:11.0.15]
	at org.apache.catalina.core.StandardHostValve.invoke(StandardHostValve.java:113) ~[tomcat-embed-core-11.0.15.jar:11.0.15]
	at org.apache.catalina.valves.ErrorReportValve.invoke(ErrorReportValve.java:83) ~[tomcat-embed-core-11.0.15.jar:11.0.15]
	at org.apache.catalina.core.StandardEngineValve.invoke(StandardEngineValve.java:72) ~[tomcat-embed-core-11.0.15.jar:11.0.15]
	at org.apache.catalina.connector.CoyoteAdapter.service(CoyoteAdapter.java:341) ~[tomcat-embed-core-11.0.15.jar:11.0.15]
	at org.apache.coyote.http11.Http11Processor.service(Http11Processor.java:397) ~[tomcat-embed-core-11.0.15.jar:11.0.15]
	at org.apache.coyote.AbstractProcessorLight.process(AbstractProcessorLight.java:63) ~[tomcat-embed-core-11.0.15.jar:11.0.15]
	at org.apache.coyote.AbstractProtocol$ConnectionHandler.process(AbstractProtocol.java:903) ~[tomcat-embed-core-11.0.15.jar:11.0.15]
	at org.apache.tomcat.util.net.NioEndpoint$SocketProcessor.doRun(NioEndpoint.java:1778) ~[tomcat-embed-core-11.0.15.jar:11.0.15]
	at org.apache.tomcat.util.net.SocketProcessorBase.run(SocketProcessorBase.java:52) ~[tomcat-embed-core-11.0.15.jar:11.0.15]
	at org.apache.tomcat.util.threads.ThreadPoolExecutor.runWorker(ThreadPoolExecutor.java:946) ~[tomcat-embed-core-11.0.15.jar:11.0.15]
	at org.apache.tomcat.util.threads.ThreadPoolExecutor$Worker.run(ThreadPoolExecutor.java:480) ~[tomcat-embed-core-11.0.15.jar:11.0.15]
	at org.apache.tomcat.util.threads.TaskThread$WrappingRunnable.run(TaskThread.java:57) ~[tomcat-embed-core-11.0.15.jar:11.0.15]
	at java.base/java.lang.Thread.run(Thread.java:1570) ~[na:na]

2026-03-08T00:34:39.564+07:00  INFO 23836 --- [ielts] [http-nio-8081-exec-5] com.ddhva.ielts.util.JWTFilter           : RESPONSE: 500 - 5ms
2026-03-08T00:36:55.104+07:00  INFO 23836 --- [ielts] [Thread-1] com.zaxxer.hikari.HikariDataSource       : HikariPool-1 - Shutdown initiated...
2026-03-08T00:36:55.107+07:00  INFO 23836 --- [ielts] [Thread-1] com.zaxxer.hikari.HikariDataSource       : HikariPool-1 - Shutdown completed.
2026-03-08T00:36:55.174+07:00  INFO 23836 --- [ielts] [restartedMain] com.ddhva.ielts.IeltsApplication         : Starting IeltsApplication using Java 22.0.2 with PID 23836 (D:\DDHVA\Backend\ielts\target\classes started by Admin in D:\DDHVA\Backend\ielts)
2026-03-08T00:36:55.174+07:00 DEBUG 23836 --- [ielts] [restartedMain] com.ddhva.ielts.IeltsApplication         : Running with Spring Boot v4.0.2, Spring v7.0.3
2026-03-08T00:36:55.174+07:00  INFO 23836 --- [ielts] [restartedMain] com.ddhva.ielts.IeltsApplication         : No active profile set, falling back to 1 default profile: "default"
2026-03-08T00:36:55.516+07:00  INFO 23836 --- [ielts] [restartedMain] o.apache.catalina.core.StandardService   : Starting service [Tomcat]
2026-03-08T00:36:55.516+07:00  INFO 23836 --- [ielts] [restartedMain] o.apache.catalina.core.StandardEngine    : Starting Servlet engine: [Apache Tomcat/11.0.15]
2026-03-08T00:36:55.559+07:00 DEBUG 23836 --- [ielts] [restartedMain] com.ddhva.ielts.util.JWTFilter           : Filter 'JWTFilter' configured for use
2026-03-08T00:36:55.586+07:00  INFO 23836 --- [ielts] [restartedMain] org.hibernate.orm.jpa                    : HHH008540: Processing PersistenceUnitInfo [name: default]
2026-03-08T00:36:55.607+07:00  INFO 23836 --- [ielts] [restartedMain] com.zaxxer.hikari.HikariDataSource       : HikariPool-2 - Starting...
2026-03-08T00:36:55.617+07:00  INFO 23836 --- [ielts] [restartedMain] com.zaxxer.hikari.pool.HikariPool        : HikariPool-2 - Added connection com.mysql.cj.jdbc.ConnectionImpl@477f6bc0
2026-03-08T00:36:55.618+07:00  INFO 23836 --- [ielts] [restartedMain] com.zaxxer.hikari.HikariDataSource       : HikariPool-2 - Start completed.
2026-03-08T00:36:55.619+07:00  WARN 23836 --- [ielts] [restartedMain] org.hibernate.orm.deprecation            : HHH90000025: MySQLDialect does not need to be specified explicitly using 'hibernate.dialect' (remove the property setting and it will be selected by default)
2026-03-08T00:36:55.619+07:00  INFO 23836 --- [ielts] [restartedMain] org.hibernate.orm.connections.pooling    : HHH10001005: Database info:
	Database JDBC URL [jdbc:mysql://localhost:3306/db_ielts]
	Database driver: MySQL Connector/J
	Database dialect: MySQLDialect
	Database version: 8.0.37
	Default catalog/schema: db_ielts/undefined
	Autocommit mode: undefined/unknown
	Isolation level: REPEATABLE_READ [default REPEATABLE_READ]
	JDBC fetch size: none
	Pool: DataSourceConnectionProvider
	Minimum pool size: undefined/unknown
	Maximum pool size: undefined/unknown
2026-03-08T00:36:55.772+07:00  INFO 23836 --- [ielts] [restartedMain] org.hibernate.orm.core                   : HHH000489: No JTA platform available (set 'hibernate.transaction.jta.platform' to enable JTA platform integration)
2026-03-08T00:36:55.861+07:00  WARN 23836 --- [ielts] [restartedMain] ConfigServletWebServerApplicationContext : Exception encountered during context initialization - cancelling refresh attempt: org.springframework.beans.factory.UnsatisfiedDependencyException: Error creating bean with name 'vocabularyController' defined in file [D:\DDHVA\Backend\ielts\target\classes\com\ddhva\ielts\controller\VocabularyController.class]: Unsatisfied dependency expressed through constructor parameter 0: No qualifying bean of type 'com.ddhva.ielts.service.VocabularyService' available: expected at least 1 bean which qualifies as autowire candidate. Dependency annotations: {}
2026-03-08T00:36:55.862+07:00  INFO 23836 --- [ielts] [restartedMain] com.zaxxer.hikari.HikariDataSource       : HikariPool-2 - Shutdown initiated...
2026-03-08T00:36:55.864+07:00  INFO 23836 --- [ielts] [restartedMain] com.zaxxer.hikari.HikariDataSource       : HikariPool-2 - Shutdown completed.
2026-03-08T00:36:55.864+07:00  INFO 23836 --- [ielts] [restartedMain] o.apache.catalina.core.StandardService   : Stopping service [Tomcat]
2026-03-08T00:36:55.879+07:00 ERROR 23836 --- [ielts] [restartedMain] o.s.b.d.LoggingFailureAnalysisReporter   : 

***************************
APPLICATION FAILED TO START
***************************

Description:

Parameter 0 of constructor in com.ddhva.ielts.controller.VocabularyController required a bean of type 'com.ddhva.ielts.service.VocabularyService' that could not be found.


Action:

Consider defining a bean of type 'com.ddhva.ielts.service.VocabularyService' in your configuration.

2026-03-08T00:38:47.394+07:00  INFO 3168 --- [ielts] [restartedMain] com.ddhva.ielts.IeltsApplication         : Starting IeltsApplication using Java 22.0.2 with PID 3168 (D:\DDHVA\Backend\ielts\target\classes started by Admin in D:\DDHVA\Backend\ielts)
2026-03-08T00:38:47.397+07:00 DEBUG 3168 --- [ielts] [restartedMain] com.ddhva.ielts.IeltsApplication         : Running with Spring Boot v4.0.2, Spring v7.0.3
2026-03-08T00:38:47.397+07:00  INFO 3168 --- [ielts] [restartedMain] com.ddhva.ielts.IeltsApplication         : No active profile set, falling back to 1 default profile: "default"
2026-03-08T00:38:48.480+07:00  INFO 3168 --- [ielts] [restartedMain] o.apache.catalina.core.StandardService   : Starting service [Tomcat]
2026-03-08T00:38:48.481+07:00  INFO 3168 --- [ielts] [restartedMain] o.apache.catalina.core.StandardEngine    : Starting Servlet engine: [Apache Tomcat/11.0.15]
2026-03-08T00:38:48.595+07:00 DEBUG 3168 --- [ielts] [restartedMain] com.ddhva.ielts.util.JWTFilter           : Filter 'JWTFilter' configured for use
2026-03-08T00:38:48.669+07:00  INFO 3168 --- [ielts] [restartedMain] org.hibernate.orm.jpa                    : HHH008540: Processing PersistenceUnitInfo [name: default]
2026-03-08T00:38:48.712+07:00  INFO 3168 --- [ielts] [restartedMain] org.hibernate.orm.core                   : HHH000001: Hibernate ORM core version 7.2.1.Final
2026-03-08T00:38:49.016+07:00  INFO 3168 --- [ielts] [restartedMain] com.zaxxer.hikari.HikariDataSource       : HikariPool-1 - Starting...
2026-03-08T00:38:49.273+07:00  INFO 3168 --- [ielts] [restartedMain] com.zaxxer.hikari.pool.HikariPool        : HikariPool-1 - Added connection com.mysql.cj.jdbc.ConnectionImpl@7fca4c65
2026-03-08T00:38:49.275+07:00  INFO 3168 --- [ielts] [restartedMain] com.zaxxer.hikari.HikariDataSource       : HikariPool-1 - Start completed.
2026-03-08T00:38:49.313+07:00  WARN 3168 --- [ielts] [restartedMain] org.hibernate.orm.deprecation            : HHH90000025: MySQLDialect does not need to be specified explicitly using 'hibernate.dialect' (remove the property setting and it will be selected by default)
2026-03-08T00:38:49.325+07:00  INFO 3168 --- [ielts] [restartedMain] org.hibernate.orm.connections.pooling    : HHH10001005: Database info:
	Database JDBC URL [jdbc:mysql://localhost:3306/db_ielts]
	Database driver: MySQL Connector/J
	Database dialect: MySQLDialect
	Database version: 8.0.37
	Default catalog/schema: db_ielts/undefined
	Autocommit mode: undefined/unknown
	Isolation level: REPEATABLE_READ [default REPEATABLE_READ]
	JDBC fetch size: none
	Pool: DataSourceConnectionProvider
	Minimum pool size: undefined/unknown
	Maximum pool size: undefined/unknown
2026-03-08T00:38:50.459+07:00  INFO 3168 --- [ielts] [restartedMain] org.hibernate.orm.core                   : HHH000489: No JTA platform available (set 'hibernate.transaction.jta.platform' to enable JTA platform integration)
2026-03-08T00:38:51.697+07:00  WARN 3168 --- [ielts] [restartedMain] JpaBaseConfiguration$JpaWebConfiguration : spring.jpa.open-in-view is enabled by default. Therefore, database queries may be performed during view rendering. Explicitly configure spring.jpa.open-in-view to disable this warning
2026-03-08T00:38:52.639+07:00  INFO 3168 --- [ielts] [restartedMain] com.ddhva.ielts.IeltsApplication         : Started IeltsApplication in 5.619 seconds (process running for 6.085)
2026-03-08T00:38:52.841+07:00  INFO 3168 --- [ielts] [RMI TCP Connection(1)-192.168.1.3] o.a.c.c.C.[Tomcat].[localhost].[/]       : Initializing Spring DispatcherServlet 'dispatcherServlet'
2026-03-08T00:39:43.597+07:00  INFO 3168 --- [ielts] [http-nio-8081-exec-2] com.ddhva.ielts.util.JWTFilter           : REQUEST: GET - /api/v1/vocabularies/search
2026-03-08T00:39:43.710+07:00 ERROR 3168 --- [ielts] [http-nio-8081-exec-2] c.d.i.s.impl.VocabularyServiceImpl       : Error while fetching vocabularies from database

java.lang.ClassCastException: class java.lang.String cannot be cast to class com.ddhva.ielts.model.Vocabulary (java.lang.String is in module java.base of loader 'bootstrap'; com.ddhva.ielts.model.Vocabulary is in unnamed module of loader org.springframework.boot.devtools.restart.classloader.RestartClassLoader @40904c17)
	at java.base/java.util.stream.ReferencePipeline$3$1.accept(ReferencePipeline.java:212) ~[na:na]
	at java.base/java.util.ArrayList$Itr.forEachRemaining(ArrayList.java:1086) ~[na:na]
	at java.base/java.util.Spliterators$IteratorSpliterator.forEachRemaining(Spliterators.java:1939) ~[na:na]
	at java.base/java.util.stream.AbstractPipeline.copyInto(AbstractPipeline.java:556) ~[na:na]
	at java.base/java.util.stream.AbstractPipeline.wrapAndCopyInto(AbstractPipeline.java:546) ~[na:na]
	at java.base/java.util.stream.ReduceOps$ReduceOp.evaluateSequential(ReduceOps.java:921) ~[na:na]
	at java.base/java.util.stream.AbstractPipeline.evaluate(AbstractPipeline.java:265) ~[na:na]
	at java.base/java.util.stream.ReferencePipeline.collect(ReferencePipeline.java:702) ~[na:na]
	at com.ddhva.ielts.service.impl.VocabularyServiceImpl.getVocabularyResponsePagination(VocabularyServiceImpl.java:76) ~[classes/:na]
	at com.ddhva.ielts.service.impl.VocabularyServiceImpl.searchVocabulary(VocabularyServiceImpl.java:59) ~[classes/:na]
	at com.ddhva.ielts.controller.VocabularyController.search(VocabularyController.java:43) ~[classes/:na]
	at java.base/jdk.internal.reflect.DirectMethodHandleAccessor.invoke(DirectMethodHandleAccessor.java:103) ~[na:na]
	at java.base/java.lang.reflect.Method.invoke(Method.java:580) ~[na:na]
	at org.springframework.web.method.support.InvocableHandlerMethod.doInvoke(InvocableHandlerMethod.java:258) ~[spring-web-7.0.3.jar:7.0.3]
	at org.springframework.web.method.support.InvocableHandlerMethod.invokeForRequest(InvocableHandlerMethod.java:190) ~[spring-web-7.0.3.jar:7.0.3]
	at org.springframework.web.servlet.mvc.method.annotation.ServletInvocableHandlerMethod.invokeAndHandle(ServletInvocableHandlerMethod.java:117) ~[spring-webmvc-7.0.3.jar:7.0.3]
	at org.springframework.web.servlet.mvc.method.annotation.RequestMappingHandlerAdapter.invokeHandlerMethod(RequestMappingHandlerAdapter.java:934) ~[spring-webmvc-7.0.3.jar:7.0.3]
	at org.springframework.web.servlet.mvc.method.annotation.RequestMappingHandlerAdapter.handleInternal(RequestMappingHandlerAdapter.java:853) ~[spring-webmvc-7.0.3.jar:7.0.3]
	at org.springframework.web.servlet.mvc.method.AbstractHandlerMethodAdapter.handle(AbstractHandlerMethodAdapter.java:86) ~[spring-webmvc-7.0.3.jar:7.0.3]
	at org.springframework.web.servlet.DispatcherServlet.doDispatch(DispatcherServlet.java:963) ~[spring-webmvc-7.0.3.jar:7.0.3]
	at org.springframework.web.servlet.DispatcherServlet.doService(DispatcherServlet.java:866) ~[spring-webmvc-7.0.3.jar:7.0.3]
	at org.springframework.web.servlet.FrameworkServlet.processRequest(FrameworkServlet.java:1003) ~[spring-webmvc-7.0.3.jar:7.0.3]
	at org.springframework.web.servlet.FrameworkServlet.doGet(FrameworkServlet.java:892) ~[spring-webmvc-7.0.3.jar:7.0.3]
	at jakarta.servlet.http.HttpServlet.service(HttpServlet.java:622) ~[tomcat-embed-core-11.0.15.jar:6.1]
	at org.springframework.web.servlet.FrameworkServlet.service(FrameworkServlet.java:874) ~[spring-webmvc-7.0.3.jar:7.0.3]
	at jakarta.servlet.http.HttpServlet.service(HttpServlet.java:710) ~[tomcat-embed-core-11.0.15.jar:6.1]
	at org.apache.catalina.core.ApplicationFilterChain.doFilter(ApplicationFilterChain.java:128) ~[tomcat-embed-core-11.0.15.jar:11.0.15]
	at org.apache.tomcat.websocket.server.WsFilter.doFilter(WsFilter.java:53) ~[tomcat-embed-websocket-11.0.15.jar:11.0.15]
	at org.apache.catalina.core.ApplicationFilterChain.doFilter(ApplicationFilterChain.java:107) ~[tomcat-embed-core-11.0.15.jar:11.0.15]
	at com.ddhva.ielts.util.JWTFilter.doFilterInternal(JWTFilter.java:27) ~[classes/:na]
	at org.springframework.web.filter.OncePerRequestFilter.doFilter(OncePerRequestFilter.java:116) ~[spring-web-7.0.3.jar:7.0.3]
	at org.apache.catalina.core.ApplicationFilterChain.doFilter(ApplicationFilterChain.java:107) ~[tomcat-embed-core-11.0.15.jar:11.0.15]
	at org.springframework.web.filter.CompositeFilter$VirtualFilterChain.doFilter(CompositeFilter.java:108) ~[spring-web-7.0.3.jar:7.0.3]
	at org.springframework.security.web.FilterChainProxy.lambda$doFilterInternal$3(FilterChainProxy.java:235) ~[spring-security-web-7.0.2.jar:7.0.2]
	at org.springframework.security.web.ObservationFilterChainDecorator$FilterObservation$SimpleFilterObservation.lambda$wrap$1(ObservationFilterChainDecorator.java:493) ~[spring-security-web-7.0.2.jar:7.0.2]
	at org.springframework.security.web.ObservationFilterChainDecorator$AroundFilterObservation$SimpleAroundFilterObservation.lambda$wrap$1(ObservationFilterChainDecorator.java:354) ~[spring-security-web-7.0.2.jar:7.0.2]
	at org.springframework.security.web.ObservationFilterChainDecorator.lambda$wrapSecured$0(ObservationFilterChainDecorator.java:86) ~[spring-security-web-7.0.2.jar:7.0.2]
	at org.springframework.security.web.ObservationFilterChainDecorator$VirtualFilterChain.doFilter(ObservationFilterChainDecorator.java:132) ~[spring-security-web-7.0.2.jar:7.0.2]
	at org.springframework.security.web.access.intercept.AuthorizationFilter.doFilter(AuthorizationFilter.java:101) ~[spring-security-web-7.0.2.jar:7.0.2]
	at org.springframework.security.web.ObservationFilterChainDecorator$ObservationFilter.wrapFilter(ObservationFilterChainDecorator.java:244) ~[spring-security-web-7.0.2.jar:7.0.2]
	at org.springframework.security.web.ObservationFilterChainDecorator$ObservationFilter.doFilter(ObservationFilterChainDecorator.java:231) ~[spring-security-web-7.0.2.jar:7.0.2]
	at org.springframework.security.web.ObservationFilterChainDecorator$VirtualFilterChain.doFilter(ObservationFilterChainDecorator.java:141) ~[spring-security-web-7.0.2.jar:7.0.2]
	at org.springframework.security.web.access.ExceptionTranslationFilter.doFilter(ExceptionTranslationFilter.java:126) ~[spring-security-web-7.0.2.jar:7.0.2]
	at org.springframework.security.web.access.ExceptionTranslationFilter.doFilter(ExceptionTranslationFilter.java:120) ~[spring-security-web-7.0.2.jar:7.0.2]
	at org.springframework.security.web.ObservationFilterChainDecorator$ObservationFilter.wrapFilter(ObservationFilterChainDecorator.java:244) ~[spring-security-web-7.0.2.jar:7.0.2]
	at org.springframework.security.web.ObservationFilterChainDecorator$ObservationFilter.doFilter(ObservationFilterChainDecorator.java:231) ~[spring-security-web-7.0.2.jar:7.0.2]
	at org.springframework.security.web.ObservationFilterChainDecorator$VirtualFilterChain.doFilter(ObservationFilterChainDecorator.java:141) ~[spring-security-web-7.0.2.jar:7.0.2]
	at org.springframework.security.web.authentication.AnonymousAuthenticationFilter.doFilter(AnonymousAuthenticationFilter.java:100) ~[spring-security-web-7.0.2.jar:7.0.2]
	at org.springframework.security.web.ObservationFilterChainDecorator$ObservationFilter.wrapFilter(ObservationFilterChainDecorator.java:244) ~[spring-security-web-7.0.2.jar:7.0.2]
	at org.springframework.security.web.ObservationFilterChainDecorator$ObservationFilter.doFilter(ObservationFilterChainDecorator.java:231) ~[spring-security-web-7.0.2.jar:7.0.2]
	at org.springframework.security.web.ObservationFilterChainDecorator$VirtualFilterChain.doFilter(ObservationFilterChainDecorator.java:141) ~[spring-security-web-7.0.2.jar:7.0.2]
	at org.springframework.security.web.servletapi.SecurityContextHolderAwareRequestFilter.doFilter(SecurityContextHolderAwareRequestFilter.java:181) ~[spring-security-web-7.0.2.jar:7.0.2]
	at org.springframework.security.web.ObservationFilterChainDecorator$ObservationFilter.wrapFilter(ObservationFilterChainDecorator.java:244) ~[spring-security-web-7.0.2.jar:7.0.2]
	at org.springframework.security.web.ObservationFilterChainDecorator$ObservationFilter.doFilter(ObservationFilterChainDecorator.java:231) ~[spring-security-web-7.0.2.jar:7.0.2]
	at org.springframework.security.web.ObservationFilterChainDecorator$VirtualFilterChain.doFilter(ObservationFilterChainDecorator.java:141) ~[spring-security-web-7.0.2.jar:7.0.2]
	at org.springframework.security.web.savedrequest.RequestCacheAwareFilter.doFilter(RequestCacheAwareFilter.java:63) ~[spring-security-web-7.0.2.jar:7.0.2]
	at org.springframework.security.web.ObservationFilterChainDecorator$ObservationFilter.wrapFilter(ObservationFilterChainDecorator.java:244) ~[spring-security-web-7.0.2.jar:7.0.2]
	at org.springframework.security.web.ObservationFilterChainDecorator$ObservationFilter.doFilter(ObservationFilterChainDecorator.java:231) ~[spring-security-web-7.0.2.jar:7.0.2]
	at org.springframework.security.web.ObservationFilterChainDecorator$VirtualFilterChain.doFilter(ObservationFilterChainDecorator.java:141) ~[spring-security-web-7.0.2.jar:7.0.2]
	at org.springframework.security.web.authentication.logout.LogoutFilter.doFilter(LogoutFilter.java:110) ~[spring-security-web-7.0.2.jar:7.0.2]
	at org.springframework.security.web.authentication.logout.LogoutFilter.doFilter(LogoutFilter.java:96) ~[spring-security-web-7.0.2.jar:7.0.2]
	at org.springframework.security.web.ObservationFilterChainDecorator$ObservationFilter.wrapFilter(ObservationFilterChainDecorator.java:244) ~[spring-security-web-7.0.2.jar:7.0.2]
	at org.springframework.security.web.ObservationFilterChainDecorator$ObservationFilter.doFilter(ObservationFilterChainDecorator.java:231) ~[spring-security-web-7.0.2.jar:7.0.2]
	at org.springframework.security.web.ObservationFilterChainDecorator$VirtualFilterChain.doFilter(ObservationFilterChainDecorator.java:141) ~[spring-security-web-7.0.2.jar:7.0.2]
	at org.springframework.security.web.header.HeaderWriterFilter.doHeadersAfter(HeaderWriterFilter.java:90) ~[spring-security-web-7.0.2.jar:7.0.2]
	at org.springframework.security.web.header.HeaderWriterFilter.doFilterInternal(HeaderWriterFilter.java:75) ~[spring-security-web-7.0.2.jar:7.0.2]
	at org.springframework.web.filter.OncePerRequestFilter.doFilter(OncePerRequestFilter.java:116) ~[spring-web-7.0.3.jar:7.0.3]
	at org.springframework.security.web.ObservationFilterChainDecorator$ObservationFilter.wrapFilter(ObservationFilterChainDecorator.java:244) ~[spring-security-web-7.0.2.jar:7.0.2]
	at org.springframework.security.web.ObservationFilterChainDecorator$ObservationFilter.doFilter(ObservationFilterChainDecorator.java:231) ~[spring-security-web-7.0.2.jar:7.0.2]
	at org.springframework.security.web.ObservationFilterChainDecorator$VirtualFilterChain.doFilter(ObservationFilterChainDecorator.java:141) ~[spring-security-web-7.0.2.jar:7.0.2]
	at org.springframework.security.web.context.SecurityContextHolderFilter.doFilter(SecurityContextHolderFilter.java:82) ~[spring-security-web-7.0.2.jar:7.0.2]
	at org.springframework.security.web.context.SecurityContextHolderFilter.doFilter(SecurityContextHolderFilter.java:69) ~[spring-security-web-7.0.2.jar:7.0.2]
	at org.springframework.security.web.ObservationFilterChainDecorator$ObservationFilter.wrapFilter(ObservationFilterChainDecorator.java:244) ~[spring-security-web-7.0.2.jar:7.0.2]
	at org.springframework.security.web.ObservationFilterChainDecorator$ObservationFilter.doFilter(ObservationFilterChainDecorator.java:231) ~[spring-security-web-7.0.2.jar:7.0.2]
	at org.springframework.security.web.ObservationFilterChainDecorator$VirtualFilterChain.doFilter(ObservationFilterChainDecorator.java:141) ~[spring-security-web-7.0.2.jar:7.0.2]
	at org.springframework.security.web.context.request.async.WebAsyncManagerIntegrationFilter.doFilterInternal(WebAsyncManagerIntegrationFilter.java:62) ~[spring-security-web-7.0.2.jar:7.0.2]
	at org.springframework.web.filter.OncePerRequestFilter.doFilter(OncePerRequestFilter.java:116) ~[spring-web-7.0.3.jar:7.0.3]
	at org.springframework.security.web.ObservationFilterChainDecorator$ObservationFilter.wrapFilter(ObservationFilterChainDecorator.java:244) ~[spring-security-web-7.0.2.jar:7.0.2]
	at org.springframework.security.web.ObservationFilterChainDecorator$ObservationFilter.doFilter(ObservationFilterChainDecorator.java:231) ~[spring-security-web-7.0.2.jar:7.0.2]
	at org.springframework.security.web.ObservationFilterChainDecorator$VirtualFilterChain.doFilter(ObservationFilterChainDecorator.java:141) ~[spring-security-web-7.0.2.jar:7.0.2]
	at org.springframework.security.web.session.DisableEncodeUrlFilter.doFilterInternal(DisableEncodeUrlFilter.java:42) ~[spring-security-web-7.0.2.jar:7.0.2]
	at org.springframework.web.filter.OncePerRequestFilter.doFilter(OncePerRequestFilter.java:116) ~[spring-web-7.0.3.jar:7.0.3]
	at org.springframework.security.web.ObservationFilterChainDecorator$ObservationFilter.wrapFilter(ObservationFilterChainDecorator.java:244) ~[spring-security-web-7.0.2.jar:7.0.2]
	at org.springframework.security.web.ObservationFilterChainDecorator$AroundFilterObservation$SimpleAroundFilterObservation.lambda$wrap$0(ObservationFilterChainDecorator.java:337) ~[spring-security-web-7.0.2.jar:7.0.2]
	at org.springframework.security.web.ObservationFilterChainDecorator$ObservationFilter.doFilter(ObservationFilterChainDecorator.java:228) ~[spring-security-web-7.0.2.jar:7.0.2]
	at org.springframework.security.web.ObservationFilterChainDecorator$VirtualFilterChain.doFilter(ObservationFilterChainDecorator.java:141) ~[spring-security-web-7.0.2.jar:7.0.2]
	at org.springframework.security.web.FilterChainProxy.doFilterInternal(FilterChainProxy.java:237) ~[spring-security-web-7.0.2.jar:7.0.2]
	at org.springframework.security.web.FilterChainProxy.doFilter(FilterChainProxy.java:195) ~[spring-security-web-7.0.2.jar:7.0.2]
	at org.springframework.web.filter.CompositeFilter$VirtualFilterChain.doFilter(CompositeFilter.java:113) ~[spring-web-7.0.3.jar:7.0.3]
	at org.springframework.web.filter.ServletRequestPathFilter.doFilter(ServletRequestPathFilter.java:52) ~[spring-web-7.0.3.jar:7.0.3]
	at org.springframework.web.filter.CompositeFilter$VirtualFilterChain.doFilter(CompositeFilter.java:113) ~[spring-web-7.0.3.jar:7.0.3]
	at org.springframework.web.filter.CompositeFilter.doFilter(CompositeFilter.java:74) ~[spring-web-7.0.3.jar:7.0.3]
	at org.springframework.security.config.annotation.web.configuration.WebSecurityConfiguration$CompositeFilterChainProxy.doFilter(WebSecurityConfiguration.java:317) ~[spring-security-config-7.0.2.jar:7.0.2]
	at org.springframework.web.filter.DelegatingFilterProxy.invokeDelegate(DelegatingFilterProxy.java:355) ~[spring-web-7.0.3.jar:7.0.3]
	at org.springframework.web.filter.DelegatingFilterProxy.doFilter(DelegatingFilterProxy.java:272) ~[spring-web-7.0.3.jar:7.0.3]
	at org.apache.catalina.core.ApplicationFilterChain.doFilter(ApplicationFilterChain.java:107) ~[tomcat-embed-core-11.0.15.jar:11.0.15]
	at org.springframework.web.filter.RequestContextFilter.doFilterInternal(RequestContextFilter.java:100) ~[spring-web-7.0.3.jar:7.0.3]
	at org.springframework.web.filter.OncePerRequestFilter.doFilter(OncePerRequestFilter.java:116) ~[spring-web-7.0.3.jar:7.0.3]
	at org.apache.catalina.core.ApplicationFilterChain.doFilter(ApplicationFilterChain.java:107) ~[tomcat-embed-core-11.0.15.jar:11.0.15]
	at org.springframework.web.filter.FormContentFilter.doFilterInternal(FormContentFilter.java:93) ~[spring-web-7.0.3.jar:7.0.3]
	at org.springframework.web.filter.OncePerRequestFilter.doFilter(OncePerRequestFilter.java:116) ~[spring-web-7.0.3.jar:7.0.3]
	at org.apache.catalina.core.ApplicationFilterChain.doFilter(ApplicationFilterChain.java:107) ~[tomcat-embed-core-11.0.15.jar:11.0.15]
	at org.springframework.web.filter.ServerHttpObservationFilter.doFilterInternal(ServerHttpObservationFilter.java:110) ~[spring-web-7.0.3.jar:7.0.3]
	at org.springframework.web.filter.OncePerRequestFilter.doFilter(OncePerRequestFilter.java:116) ~[spring-web-7.0.3.jar:7.0.3]
	at org.apache.catalina.core.ApplicationFilterChain.doFilter(ApplicationFilterChain.java:107) ~[tomcat-embed-core-11.0.15.jar:11.0.15]
	at org.springframework.web.filter.CharacterEncodingFilter.doFilterInternal(CharacterEncodingFilter.java:199) ~[spring-web-7.0.3.jar:7.0.3]
	at org.springframework.web.filter.OncePerRequestFilter.doFilter(OncePerRequestFilter.java:116) ~[spring-web-7.0.3.jar:7.0.3]
	at org.apache.catalina.core.ApplicationFilterChain.doFilter(ApplicationFilterChain.java:107) ~[tomcat-embed-core-11.0.15.jar:11.0.15]
	at org.apache.catalina.core.StandardWrapperValve.invoke(StandardWrapperValve.java:165) ~[tomcat-embed-core-11.0.15.jar:11.0.15]
	at org.apache.catalina.core.StandardContextValve.invoke(StandardContextValve.java:77) ~[tomcat-embed-core-11.0.15.jar:11.0.15]
	at org.apache.catalina.authenticator.AuthenticatorBase.invoke(AuthenticatorBase.java:482) ~[tomcat-embed-core-11.0.15.jar:11.0.15]
	at org.apache.catalina.core.StandardHostValve.invoke(StandardHostValve.java:113) ~[tomcat-embed-core-11.0.15.jar:11.0.15]
	at org.apache.catalina.valves.ErrorReportValve.invoke(ErrorReportValve.java:83) ~[tomcat-embed-core-11.0.15.jar:11.0.15]
	at org.apache.catalina.core.StandardEngineValve.invoke(StandardEngineValve.java:72) ~[tomcat-embed-core-11.0.15.jar:11.0.15]
	at org.apache.catalina.connector.CoyoteAdapter.service(CoyoteAdapter.java:341) ~[tomcat-embed-core-11.0.15.jar:11.0.15]
	at org.apache.coyote.http11.Http11Processor.service(Http11Processor.java:397) ~[tomcat-embed-core-11.0.15.jar:11.0.15]
	at org.apache.coyote.AbstractProcessorLight.process(AbstractProcessorLight.java:63) ~[tomcat-embed-core-11.0.15.jar:11.0.15]
	at org.apache.coyote.AbstractProtocol$ConnectionHandler.process(AbstractProtocol.java:903) ~[tomcat-embed-core-11.0.15.jar:11.0.15]
	at org.apache.tomcat.util.net.NioEndpoint$SocketProcessor.doRun(NioEndpoint.java:1778) ~[tomcat-embed-core-11.0.15.jar:11.0.15]
	at org.apache.tomcat.util.net.SocketProcessorBase.run(SocketProcessorBase.java:52) ~[tomcat-embed-core-11.0.15.jar:11.0.15]
	at org.apache.tomcat.util.threads.ThreadPoolExecutor.runWorker(ThreadPoolExecutor.java:946) ~[tomcat-embed-core-11.0.15.jar:11.0.15]
	at org.apache.tomcat.util.threads.ThreadPoolExecutor$Worker.run(ThreadPoolExecutor.java:480) ~[tomcat-embed-core-11.0.15.jar:11.0.15]
	at org.apache.tomcat.util.threads.TaskThread$WrappingRunnable.run(TaskThread.java:57) ~[tomcat-embed-core-11.0.15.jar:11.0.15]
	at java.base/java.lang.Thread.run(Thread.java:1570) ~[na:na]

2026-03-08T00:39:43.742+07:00  INFO 3168 --- [ielts] [http-nio-8081-exec-2] com.ddhva.ielts.util.JWTFilter           : RESPONSE: 500 - 145ms
2026-03-08T00:41:17.932+07:00  INFO 3168 --- [ielts] [http-nio-8081-exec-4] com.ddhva.ielts.util.JWTFilter           : REQUEST: GET - /api/v1/vocabularies/09594234-8db5-4e7c-b309-faae51b3d65a
2026-03-08T00:41:18.013+07:00  INFO 3168 --- [ielts] [http-nio-8081-exec-4] c.d.i.s.impl.VocabularyServiceImpl       : Successfully mapped 09594234-8db5-4e7c-b309-faae51b3d65a vocabulary to VocabularyResponse
2026-03-08T00:41:18.018+07:00  INFO 3168 --- [ielts] [http-nio-8081-exec-4] com.ddhva.ielts.util.JWTFilter           : RESPONSE: 200 - 86ms
2026-03-08T00:41:35.917+07:00  INFO 3168 --- [ielts] [http-nio-8081-exec-5] com.ddhva.ielts.util.JWTFilter           : REQUEST: GET - /api/v1/vocabularies/search
2026-03-08T00:41:35.920+07:00 ERROR 3168 --- [ielts] [http-nio-8081-exec-5] c.d.i.s.impl.VocabularyServiceImpl       : Error while fetching vocabularies from database

java.lang.ClassCastException: class java.lang.String cannot be cast to class com.ddhva.ielts.model.Vocabulary (java.lang.String is in module java.base of loader 'bootstrap'; com.ddhva.ielts.model.Vocabulary is in unnamed module of loader org.springframework.boot.devtools.restart.classloader.RestartClassLoader @40904c17)
	at java.base/java.util.stream.ReferencePipeline$3$1.accept(ReferencePipeline.java:212) ~[na:na]
	at java.base/java.util.ArrayList$Itr.forEachRemaining(ArrayList.java:1086) ~[na:na]
	at java.base/java.util.Spliterators$IteratorSpliterator.forEachRemaining(Spliterators.java:1939) ~[na:na]
	at java.base/java.util.stream.AbstractPipeline.copyInto(AbstractPipeline.java:556) ~[na:na]
	at java.base/java.util.stream.AbstractPipeline.wrapAndCopyInto(AbstractPipeline.java:546) ~[na:na]
	at java.base/java.util.stream.ReduceOps$ReduceOp.evaluateSequential(ReduceOps.java:921) ~[na:na]
	at java.base/java.util.stream.AbstractPipeline.evaluate(AbstractPipeline.java:265) ~[na:na]
	at java.base/java.util.stream.ReferencePipeline.collect(ReferencePipeline.java:702) ~[na:na]
	at com.ddhva.ielts.service.impl.VocabularyServiceImpl.getVocabularyResponsePagination(VocabularyServiceImpl.java:76) ~[classes/:na]
	at com.ddhva.ielts.service.impl.VocabularyServiceImpl.searchVocabulary(VocabularyServiceImpl.java:59) ~[classes/:na]
	at com.ddhva.ielts.controller.VocabularyController.search(VocabularyController.java:43) ~[classes/:na]
	at java.base/jdk.internal.reflect.DirectMethodHandleAccessor.invoke(DirectMethodHandleAccessor.java:103) ~[na:na]
	at java.base/java.lang.reflect.Method.invoke(Method.java:580) ~[na:na]
	at org.springframework.web.method.support.InvocableHandlerMethod.doInvoke(InvocableHandlerMethod.java:258) ~[spring-web-7.0.3.jar:7.0.3]
	at org.springframework.web.method.support.InvocableHandlerMethod.invokeForRequest(InvocableHandlerMethod.java:190) ~[spring-web-7.0.3.jar:7.0.3]
	at org.springframework.web.servlet.mvc.method.annotation.ServletInvocableHandlerMethod.invokeAndHandle(ServletInvocableHandlerMethod.java:117) ~[spring-webmvc-7.0.3.jar:7.0.3]
	at org.springframework.web.servlet.mvc.method.annotation.RequestMappingHandlerAdapter.invokeHandlerMethod(RequestMappingHandlerAdapter.java:934) ~[spring-webmvc-7.0.3.jar:7.0.3]
	at org.springframework.web.servlet.mvc.method.annotation.RequestMappingHandlerAdapter.handleInternal(RequestMappingHandlerAdapter.java:853) ~[spring-webmvc-7.0.3.jar:7.0.3]
	at org.springframework.web.servlet.mvc.method.AbstractHandlerMethodAdapter.handle(AbstractHandlerMethodAdapter.java:86) ~[spring-webmvc-7.0.3.jar:7.0.3]
	at org.springframework.web.servlet.DispatcherServlet.doDispatch(DispatcherServlet.java:963) ~[spring-webmvc-7.0.3.jar:7.0.3]
	at org.springframework.web.servlet.DispatcherServlet.doService(DispatcherServlet.java:866) ~[spring-webmvc-7.0.3.jar:7.0.3]
	at org.springframework.web.servlet.FrameworkServlet.processRequest(FrameworkServlet.java:1003) ~[spring-webmvc-7.0.3.jar:7.0.3]
	at org.springframework.web.servlet.FrameworkServlet.doGet(FrameworkServlet.java:892) ~[spring-webmvc-7.0.3.jar:7.0.3]
	at jakarta.servlet.http.HttpServlet.service(HttpServlet.java:622) ~[tomcat-embed-core-11.0.15.jar:6.1]
	at org.springframework.web.servlet.FrameworkServlet.service(FrameworkServlet.java:874) ~[spring-webmvc-7.0.3.jar:7.0.3]
	at jakarta.servlet.http.HttpServlet.service(HttpServlet.java:710) ~[tomcat-embed-core-11.0.15.jar:6.1]
	at org.apache.catalina.core.ApplicationFilterChain.doFilter(ApplicationFilterChain.java:128) ~[tomcat-embed-core-11.0.15.jar:11.0.15]
	at org.apache.tomcat.websocket.server.WsFilter.doFilter(WsFilter.java:53) ~[tomcat-embed-websocket-11.0.15.jar:11.0.15]
	at org.apache.catalina.core.ApplicationFilterChain.doFilter(ApplicationFilterChain.java:107) ~[tomcat-embed-core-11.0.15.jar:11.0.15]
	at com.ddhva.ielts.util.JWTFilter.doFilterInternal(JWTFilter.java:27) ~[classes/:na]
	at org.springframework.web.filter.OncePerRequestFilter.doFilter(OncePerRequestFilter.java:116) ~[spring-web-7.0.3.jar:7.0.3]
	at org.apache.catalina.core.ApplicationFilterChain.doFilter(ApplicationFilterChain.java:107) ~[tomcat-embed-core-11.0.15.jar:11.0.15]
	at org.springframework.web.filter.CompositeFilter$VirtualFilterChain.doFilter(CompositeFilter.java:108) ~[spring-web-7.0.3.jar:7.0.3]
	at org.springframework.security.web.FilterChainProxy.lambda$doFilterInternal$3(FilterChainProxy.java:235) ~[spring-security-web-7.0.2.jar:7.0.2]
	at org.springframework.security.web.ObservationFilterChainDecorator$FilterObservation$SimpleFilterObservation.lambda$wrap$1(ObservationFilterChainDecorator.java:493) ~[spring-security-web-7.0.2.jar:7.0.2]
	at org.springframework.security.web.ObservationFilterChainDecorator$AroundFilterObservation$SimpleAroundFilterObservation.lambda$wrap$1(ObservationFilterChainDecorator.java:354) ~[spring-security-web-7.0.2.jar:7.0.2]
	at org.springframework.security.web.ObservationFilterChainDecorator.lambda$wrapSecured$0(ObservationFilterChainDecorator.java:86) ~[spring-security-web-7.0.2.jar:7.0.2]
	at org.springframework.security.web.ObservationFilterChainDecorator$VirtualFilterChain.doFilter(ObservationFilterChainDecorator.java:132) ~[spring-security-web-7.0.2.jar:7.0.2]
	at org.springframework.security.web.access.intercept.AuthorizationFilter.doFilter(AuthorizationFilter.java:101) ~[spring-security-web-7.0.2.jar:7.0.2]
	at org.springframework.security.web.ObservationFilterChainDecorator$ObservationFilter.wrapFilter(ObservationFilterChainDecorator.java:244) ~[spring-security-web-7.0.2.jar:7.0.2]
	at org.springframework.security.web.ObservationFilterChainDecorator$ObservationFilter.doFilter(ObservationFilterChainDecorator.java:231) ~[spring-security-web-7.0.2.jar:7.0.2]
	at org.springframework.security.web.ObservationFilterChainDecorator$VirtualFilterChain.doFilter(ObservationFilterChainDecorator.java:141) ~[spring-security-web-7.0.2.jar:7.0.2]
	at org.springframework.security.web.access.ExceptionTranslationFilter.doFilter(ExceptionTranslationFilter.java:126) ~[spring-security-web-7.0.2.jar:7.0.2]
	at org.springframework.security.web.access.ExceptionTranslationFilter.doFilter(ExceptionTranslationFilter.java:120) ~[spring-security-web-7.0.2.jar:7.0.2]
	at org.springframework.security.web.ObservationFilterChainDecorator$ObservationFilter.wrapFilter(ObservationFilterChainDecorator.java:244) ~[spring-security-web-7.0.2.jar:7.0.2]
	at org.springframework.security.web.ObservationFilterChainDecorator$ObservationFilter.doFilter(ObservationFilterChainDecorator.java:231) ~[spring-security-web-7.0.2.jar:7.0.2]
	at org.springframework.security.web.ObservationFilterChainDecorator$VirtualFilterChain.doFilter(ObservationFilterChainDecorator.java:141) ~[spring-security-web-7.0.2.jar:7.0.2]
	at org.springframework.security.web.authentication.AnonymousAuthenticationFilter.doFilter(AnonymousAuthenticationFilter.java:100) ~[spring-security-web-7.0.2.jar:7.0.2]
	at org.springframework.security.web.ObservationFilterChainDecorator$ObservationFilter.wrapFilter(ObservationFilterChainDecorator.java:244) ~[spring-security-web-7.0.2.jar:7.0.2]
	at org.springframework.security.web.ObservationFilterChainDecorator$ObservationFilter.doFilter(ObservationFilterChainDecorator.java:231) ~[spring-security-web-7.0.2.jar:7.0.2]
	at org.springframework.security.web.ObservationFilterChainDecorator$VirtualFilterChain.doFilter(ObservationFilterChainDecorator.java:141) ~[spring-security-web-7.0.2.jar:7.0.2]
	at org.springframework.security.web.servletapi.SecurityContextHolderAwareRequestFilter.doFilter(SecurityContextHolderAwareRequestFilter.java:181) ~[spring-security-web-7.0.2.jar:7.0.2]
	at org.springframework.security.web.ObservationFilterChainDecorator$ObservationFilter.wrapFilter(ObservationFilterChainDecorator.java:244) ~[spring-security-web-7.0.2.jar:7.0.2]
	at org.springframework.security.web.ObservationFilterChainDecorator$ObservationFilter.doFilter(ObservationFilterChainDecorator.java:231) ~[spring-security-web-7.0.2.jar:7.0.2]
	at org.springframework.security.web.ObservationFilterChainDecorator$VirtualFilterChain.doFilter(ObservationFilterChainDecorator.java:141) ~[spring-security-web-7.0.2.jar:7.0.2]
	at org.springframework.security.web.savedrequest.RequestCacheAwareFilter.doFilter(RequestCacheAwareFilter.java:63) ~[spring-security-web-7.0.2.jar:7.0.2]
	at org.springframework.security.web.ObservationFilterChainDecorator$ObservationFilter.wrapFilter(ObservationFilterChainDecorator.java:244) ~[spring-security-web-7.0.2.jar:7.0.2]
	at org.springframework.security.web.ObservationFilterChainDecorator$ObservationFilter.doFilter(ObservationFilterChainDecorator.java:231) ~[spring-security-web-7.0.2.jar:7.0.2]
	at org.springframework.security.web.ObservationFilterChainDecorator$VirtualFilterChain.doFilter(ObservationFilterChainDecorator.java:141) ~[spring-security-web-7.0.2.jar:7.0.2]
	at org.springframework.security.web.authentication.logout.LogoutFilter.doFilter(LogoutFilter.java:110) ~[spring-security-web-7.0.2.jar:7.0.2]
	at org.springframework.security.web.authentication.logout.LogoutFilter.doFilter(LogoutFilter.java:96) ~[spring-security-web-7.0.2.jar:7.0.2]
	at org.springframework.security.web.ObservationFilterChainDecorator$ObservationFilter.wrapFilter(ObservationFilterChainDecorator.java:244) ~[spring-security-web-7.0.2.jar:7.0.2]
	at org.springframework.security.web.ObservationFilterChainDecorator$ObservationFilter.doFilter(ObservationFilterChainDecorator.java:231) ~[spring-security-web-7.0.2.jar:7.0.2]
	at org.springframework.security.web.ObservationFilterChainDecorator$VirtualFilterChain.doFilter(ObservationFilterChainDecorator.java:141) ~[spring-security-web-7.0.2.jar:7.0.2]
	at org.springframework.security.web.header.HeaderWriterFilter.doHeadersAfter(HeaderWriterFilter.java:90) ~[spring-security-web-7.0.2.jar:7.0.2]
	at org.springframework.security.web.header.HeaderWriterFilter.doFilterInternal(HeaderWriterFilter.java:75) ~[spring-security-web-7.0.2.jar:7.0.2]
	at org.springframework.web.filter.OncePerRequestFilter.doFilter(OncePerRequestFilter.java:116) ~[spring-web-7.0.3.jar:7.0.3]
	at org.springframework.security.web.ObservationFilterChainDecorator$ObservationFilter.wrapFilter(ObservationFilterChainDecorator.java:244) ~[spring-security-web-7.0.2.jar:7.0.2]
	at org.springframework.security.web.ObservationFilterChainDecorator$ObservationFilter.doFilter(ObservationFilterChainDecorator.java:231) ~[spring-security-web-7.0.2.jar:7.0.2]
	at org.springframework.security.web.ObservationFilterChainDecorator$VirtualFilterChain.doFilter(ObservationFilterChainDecorator.java:141) ~[spring-security-web-7.0.2.jar:7.0.2]
	at org.springframework.security.web.context.SecurityContextHolderFilter.doFilter(SecurityContextHolderFilter.java:82) ~[spring-security-web-7.0.2.jar:7.0.2]
	at org.springframework.security.web.context.SecurityContextHolderFilter.doFilter(SecurityContextHolderFilter.java:69) ~[spring-security-web-7.0.2.jar:7.0.2]
	at org.springframework.security.web.ObservationFilterChainDecorator$ObservationFilter.wrapFilter(ObservationFilterChainDecorator.java:244) ~[spring-security-web-7.0.2.jar:7.0.2]
	at org.springframework.security.web.ObservationFilterChainDecorator$ObservationFilter.doFilter(ObservationFilterChainDecorator.java:231) ~[spring-security-web-7.0.2.jar:7.0.2]
	at org.springframework.security.web.ObservationFilterChainDecorator$VirtualFilterChain.doFilter(ObservationFilterChainDecorator.java:141) ~[spring-security-web-7.0.2.jar:7.0.2]
	at org.springframework.security.web.context.request.async.WebAsyncManagerIntegrationFilter.doFilterInternal(WebAsyncManagerIntegrationFilter.java:62) ~[spring-security-web-7.0.2.jar:7.0.2]
	at org.springframework.web.filter.OncePerRequestFilter.doFilter(OncePerRequestFilter.java:116) ~[spring-web-7.0.3.jar:7.0.3]
	at org.springframework.security.web.ObservationFilterChainDecorator$ObservationFilter.wrapFilter(ObservationFilterChainDecorator.java:244) ~[spring-security-web-7.0.2.jar:7.0.2]
	at org.springframework.security.web.ObservationFilterChainDecorator$ObservationFilter.doFilter(ObservationFilterChainDecorator.java:231) ~[spring-security-web-7.0.2.jar:7.0.2]
	at org.springframework.security.web.ObservationFilterChainDecorator$VirtualFilterChain.doFilter(ObservationFilterChainDecorator.java:141) ~[spring-security-web-7.0.2.jar:7.0.2]
	at org.springframework.security.web.session.DisableEncodeUrlFilter.doFilterInternal(DisableEncodeUrlFilter.java:42) ~[spring-security-web-7.0.2.jar:7.0.2]
	at org.springframework.web.filter.OncePerRequestFilter.doFilter(OncePerRequestFilter.java:116) ~[spring-web-7.0.3.jar:7.0.3]
	at org.springframework.security.web.ObservationFilterChainDecorator$ObservationFilter.wrapFilter(ObservationFilterChainDecorator.java:244) ~[spring-security-web-7.0.2.jar:7.0.2]
	at org.springframework.security.web.ObservationFilterChainDecorator$AroundFilterObservation$SimpleAroundFilterObservation.lambda$wrap$0(ObservationFilterChainDecorator.java:337) ~[spring-security-web-7.0.2.jar:7.0.2]
	at org.springframework.security.web.ObservationFilterChainDecorator$ObservationFilter.doFilter(ObservationFilterChainDecorator.java:228) ~[spring-security-web-7.0.2.jar:7.0.2]
	at org.springframework.security.web.ObservationFilterChainDecorator$VirtualFilterChain.doFilter(ObservationFilterChainDecorator.java:141) ~[spring-security-web-7.0.2.jar:7.0.2]
	at org.springframework.security.web.FilterChainProxy.doFilterInternal(FilterChainProxy.java:237) ~[spring-security-web-7.0.2.jar:7.0.2]
	at org.springframework.security.web.FilterChainProxy.doFilter(FilterChainProxy.java:195) ~[spring-security-web-7.0.2.jar:7.0.2]
	at org.springframework.web.filter.CompositeFilter$VirtualFilterChain.doFilter(CompositeFilter.java:113) ~[spring-web-7.0.3.jar:7.0.3]
	at org.springframework.web.filter.ServletRequestPathFilter.doFilter(ServletRequestPathFilter.java:52) ~[spring-web-7.0.3.jar:7.0.3]
	at org.springframework.web.filter.CompositeFilter$VirtualFilterChain.doFilter(CompositeFilter.java:113) ~[spring-web-7.0.3.jar:7.0.3]
	at org.springframework.web.filter.CompositeFilter.doFilter(CompositeFilter.java:74) ~[spring-web-7.0.3.jar:7.0.3]
	at org.springframework.security.config.annotation.web.configuration.WebSecurityConfiguration$CompositeFilterChainProxy.doFilter(WebSecurityConfiguration.java:317) ~[spring-security-config-7.0.2.jar:7.0.2]
	at org.springframework.web.filter.DelegatingFilterProxy.invokeDelegate(DelegatingFilterProxy.java:355) ~[spring-web-7.0.3.jar:7.0.3]
	at org.springframework.web.filter.DelegatingFilterProxy.doFilter(DelegatingFilterProxy.java:272) ~[spring-web-7.0.3.jar:7.0.3]
	at org.apache.catalina.core.ApplicationFilterChain.doFilter(ApplicationFilterChain.java:107) ~[tomcat-embed-core-11.0.15.jar:11.0.15]
	at org.springframework.web.filter.RequestContextFilter.doFilterInternal(RequestContextFilter.java:100) ~[spring-web-7.0.3.jar:7.0.3]
	at org.springframework.web.filter.OncePerRequestFilter.doFilter(OncePerRequestFilter.java:116) ~[spring-web-7.0.3.jar:7.0.3]
	at org.apache.catalina.core.ApplicationFilterChain.doFilter(ApplicationFilterChain.java:107) ~[tomcat-embed-core-11.0.15.jar:11.0.15]
	at org.springframework.web.filter.FormContentFilter.doFilterInternal(FormContentFilter.java:93) ~[spring-web-7.0.3.jar:7.0.3]
	at org.springframework.web.filter.OncePerRequestFilter.doFilter(OncePerRequestFilter.java:116) ~[spring-web-7.0.3.jar:7.0.3]
	at org.apache.catalina.core.ApplicationFilterChain.doFilter(ApplicationFilterChain.java:107) ~[tomcat-embed-core-11.0.15.jar:11.0.15]
	at org.springframework.web.filter.ServerHttpObservationFilter.doFilterInternal(ServerHttpObservationFilter.java:110) ~[spring-web-7.0.3.jar:7.0.3]
	at org.springframework.web.filter.OncePerRequestFilter.doFilter(OncePerRequestFilter.java:116) ~[spring-web-7.0.3.jar:7.0.3]
	at org.apache.catalina.core.ApplicationFilterChain.doFilter(ApplicationFilterChain.java:107) ~[tomcat-embed-core-11.0.15.jar:11.0.15]
	at org.springframework.web.filter.CharacterEncodingFilter.doFilterInternal(CharacterEncodingFilter.java:199) ~[spring-web-7.0.3.jar:7.0.3]
	at org.springframework.web.filter.OncePerRequestFilter.doFilter(OncePerRequestFilter.java:116) ~[spring-web-7.0.3.jar:7.0.3]
	at org.apache.catalina.core.ApplicationFilterChain.doFilter(ApplicationFilterChain.java:107) ~[tomcat-embed-core-11.0.15.jar:11.0.15]
	at org.apache.catalina.core.StandardWrapperValve.invoke(StandardWrapperValve.java:165) ~[tomcat-embed-core-11.0.15.jar:11.0.15]
	at org.apache.catalina.core.StandardContextValve.invoke(StandardContextValve.java:77) ~[tomcat-embed-core-11.0.15.jar:11.0.15]
	at org.apache.catalina.authenticator.AuthenticatorBase.invoke(AuthenticatorBase.java:482) ~[tomcat-embed-core-11.0.15.jar:11.0.15]
	at org.apache.catalina.core.StandardHostValve.invoke(StandardHostValve.java:113) ~[tomcat-embed-core-11.0.15.jar:11.0.15]
	at org.apache.catalina.valves.ErrorReportValve.invoke(ErrorReportValve.java:83) ~[tomcat-embed-core-11.0.15.jar:11.0.15]
	at org.apache.catalina.core.StandardEngineValve.invoke(StandardEngineValve.java:72) ~[tomcat-embed-core-11.0.15.jar:11.0.15]
	at org.apache.catalina.connector.CoyoteAdapter.service(CoyoteAdapter.java:341) ~[tomcat-embed-core-11.0.15.jar:11.0.15]
	at org.apache.coyote.http11.Http11Processor.service(Http11Processor.java:397) ~[tomcat-embed-core-11.0.15.jar:11.0.15]
	at org.apache.coyote.AbstractProcessorLight.process(AbstractProcessorLight.java:63) ~[tomcat-embed-core-11.0.15.jar:11.0.15]
	at org.apache.coyote.AbstractProtocol$ConnectionHandler.process(AbstractProtocol.java:903) ~[tomcat-embed-core-11.0.15.jar:11.0.15]
	at org.apache.tomcat.util.net.NioEndpoint$SocketProcessor.doRun(NioEndpoint.java:1778) ~[tomcat-embed-core-11.0.15.jar:11.0.15]
	at org.apache.tomcat.util.net.SocketProcessorBase.run(SocketProcessorBase.java:52) ~[tomcat-embed-core-11.0.15.jar:11.0.15]
	at org.apache.tomcat.util.threads.ThreadPoolExecutor.runWorker(ThreadPoolExecutor.java:946) ~[tomcat-embed-core-11.0.15.jar:11.0.15]
	at org.apache.tomcat.util.threads.ThreadPoolExecutor$Worker.run(ThreadPoolExecutor.java:480) ~[tomcat-embed-core-11.0.15.jar:11.0.15]
	at org.apache.tomcat.util.threads.TaskThread$WrappingRunnable.run(TaskThread.java:57) ~[tomcat-embed-core-11.0.15.jar:11.0.15]
	at java.base/java.lang.Thread.run(Thread.java:1570) ~[na:na]

2026-03-08T00:41:35.923+07:00  INFO 3168 --- [ielts] [http-nio-8081-exec-5] com.ddhva.ielts.util.JWTFilter           : RESPONSE: 500 - 6ms
2026-03-08T00:45:45.568+07:00  INFO 3168 --- [ielts] [SpringApplicationShutdownHook] com.zaxxer.hikari.HikariDataSource       : HikariPool-1 - Shutdown initiated...
2026-03-08T00:45:45.573+07:00  INFO 3168 --- [ielts] [SpringApplicationShutdownHook] com.zaxxer.hikari.HikariDataSource       : HikariPool-1 - Shutdown completed.
2026-03-08T00:45:48.672+07:00  INFO 23340 --- [ielts] [restartedMain] com.ddhva.ielts.IeltsApplication         : Starting IeltsApplication using Java 22.0.2 with PID 23340 (D:\DDHVA\Backend\ielts\target\classes started by Admin in D:\DDHVA\Backend\ielts)
2026-03-08T00:45:48.674+07:00 DEBUG 23340 --- [ielts] [restartedMain] com.ddhva.ielts.IeltsApplication         : Running with Spring Boot v4.0.2, Spring v7.0.3
2026-03-08T00:45:48.674+07:00  INFO 23340 --- [ielts] [restartedMain] com.ddhva.ielts.IeltsApplication         : No active profile set, falling back to 1 default profile: "default"
2026-03-08T00:45:49.709+07:00  INFO 23340 --- [ielts] [restartedMain] o.apache.catalina.core.StandardService   : Starting service [Tomcat]
2026-03-08T00:45:49.709+07:00  INFO 23340 --- [ielts] [restartedMain] o.apache.catalina.core.StandardEngine    : Starting Servlet engine: [Apache Tomcat/11.0.15]
2026-03-08T00:45:49.808+07:00 DEBUG 23340 --- [ielts] [restartedMain] com.ddhva.ielts.util.JWTFilter           : Filter 'JWTFilter' configured for use
2026-03-08T00:45:49.876+07:00  INFO 23340 --- [ielts] [restartedMain] org.hibernate.orm.jpa                    : HHH008540: Processing PersistenceUnitInfo [name: default]
2026-03-08T00:45:49.922+07:00  INFO 23340 --- [ielts] [restartedMain] org.hibernate.orm.core                   : HHH000001: Hibernate ORM core version 7.2.1.Final
2026-03-08T00:45:50.230+07:00  INFO 23340 --- [ielts] [restartedMain] com.zaxxer.hikari.HikariDataSource       : HikariPool-1 - Starting...
2026-03-08T00:45:50.477+07:00  INFO 23340 --- [ielts] [restartedMain] com.zaxxer.hikari.pool.HikariPool        : HikariPool-1 - Added connection com.mysql.cj.jdbc.ConnectionImpl@1266e45f
2026-03-08T00:45:50.478+07:00  INFO 23340 --- [ielts] [restartedMain] com.zaxxer.hikari.HikariDataSource       : HikariPool-1 - Start completed.
2026-03-08T00:45:50.522+07:00  WARN 23340 --- [ielts] [restartedMain] org.hibernate.orm.deprecation            : HHH90000025: MySQLDialect does not need to be specified explicitly using 'hibernate.dialect' (remove the property setting and it will be selected by default)
2026-03-08T00:45:50.534+07:00  INFO 23340 --- [ielts] [restartedMain] org.hibernate.orm.connections.pooling    : HHH10001005: Database info:
	Database JDBC URL [jdbc:mysql://localhost:3306/db_ielts]
	Database driver: MySQL Connector/J
	Database dialect: MySQLDialect
	Database version: 8.0.37
	Default catalog/schema: db_ielts/undefined
	Autocommit mode: undefined/unknown
	Isolation level: REPEATABLE_READ [default REPEATABLE_READ]
	JDBC fetch size: none
	Pool: DataSourceConnectionProvider
	Minimum pool size: undefined/unknown
	Maximum pool size: undefined/unknown
2026-03-08T00:45:51.404+07:00  INFO 23340 --- [ielts] [restartedMain] org.hibernate.orm.core                   : HHH000489: No JTA platform available (set 'hibernate.transaction.jta.platform' to enable JTA platform integration)
2026-03-08T00:45:52.115+07:00  WARN 23340 --- [ielts] [restartedMain] JpaBaseConfiguration$JpaWebConfiguration : spring.jpa.open-in-view is enabled by default. Therefore, database queries may be performed during view rendering. Explicitly configure spring.jpa.open-in-view to disable this warning
2026-03-08T00:45:52.657+07:00  INFO 23340 --- [ielts] [restartedMain] com.ddhva.ielts.IeltsApplication         : Started IeltsApplication in 4.305 seconds (process running for 4.737)
2026-03-08T00:45:53.129+07:00  INFO 23340 --- [ielts] [RMI TCP Connection(4)-192.168.1.3] o.a.c.c.C.[Tomcat].[localhost].[/]       : Initializing Spring DispatcherServlet 'dispatcherServlet'
2026-03-08T00:46:03.617+07:00  INFO 23340 --- [ielts] [http-nio-8081-exec-2] com.ddhva.ielts.util.JWTFilter           : REQUEST: GET - /api/v1/vocabularies/search
2026-03-08T00:46:03.793+07:00  INFO 23340 --- [ielts] [http-nio-8081-exec-2] c.d.i.s.impl.VocabularyServiceImpl       : Successfully mapped 1 vocabularies to VocabularyResponse
2026-03-08T00:46:03.827+07:00  INFO 23340 --- [ielts] [http-nio-8081-exec-2] com.ddhva.ielts.util.JWTFilter           : RESPONSE: 200 - 210ms
2026-03-08T00:46:12.243+07:00  INFO 23340 --- [ielts] [http-nio-8081-exec-3] com.ddhva.ielts.util.JWTFilter           : REQUEST: GET - /api/v1/vocabularies/search
2026-03-08T00:46:12.251+07:00  INFO 23340 --- [ielts] [http-nio-8081-exec-3] c.d.i.s.impl.VocabularyServiceImpl       : Successfully mapped 4 vocabularies to VocabularyResponse
2026-03-08T00:46:12.254+07:00  INFO 23340 --- [ielts] [http-nio-8081-exec-3] com.ddhva.ielts.util.JWTFilter           : RESPONSE: 200 - 11ms
2026-03-08T00:48:19.879+07:00  INFO 23340 --- [ielts] [SpringApplicationShutdownHook] com.zaxxer.hikari.HikariDataSource       : HikariPool-1 - Shutdown initiated...
2026-03-08T00:48:19.884+07:00  INFO 23340 --- [ielts] [SpringApplicationShutdownHook] com.zaxxer.hikari.HikariDataSource       : HikariPool-1 - Shutdown completed.
2026-03-08T00:48:22.686+07:00  INFO 2088 --- [ielts] [restartedMain] com.ddhva.ielts.IeltsApplication         : Starting IeltsApplication using Java 22.0.2 with PID 2088 (D:\DDHVA\Backend\ielts\target\classes started by Admin in D:\DDHVA\Backend\ielts)
2026-03-08T00:48:22.688+07:00 DEBUG 2088 --- [ielts] [restartedMain] com.ddhva.ielts.IeltsApplication         : Running with Spring Boot v4.0.2, Spring v7.0.3
2026-03-08T00:48:22.688+07:00  INFO 2088 --- [ielts] [restartedMain] com.ddhva.ielts.IeltsApplication         : No active profile set, falling back to 1 default profile: "default"
2026-03-08T00:48:23.779+07:00  INFO 2088 --- [ielts] [restartedMain] o.apache.catalina.core.StandardService   : Starting service [Tomcat]
2026-03-08T00:48:23.780+07:00  INFO 2088 --- [ielts] [restartedMain] o.apache.catalina.core.StandardEngine    : Starting Servlet engine: [Apache Tomcat/11.0.15]
2026-03-08T00:48:23.872+07:00 DEBUG 2088 --- [ielts] [restartedMain] com.ddhva.ielts.util.JWTFilter           : Filter 'JWTFilter' configured for use
2026-03-08T00:48:23.942+07:00  INFO 2088 --- [ielts] [restartedMain] org.hibernate.orm.jpa                    : HHH008540: Processing PersistenceUnitInfo [name: default]
2026-03-08T00:48:23.974+07:00  INFO 2088 --- [ielts] [restartedMain] org.hibernate.orm.core                   : HHH000001: Hibernate ORM core version 7.2.1.Final
2026-03-08T00:48:24.243+07:00  INFO 2088 --- [ielts] [restartedMain] com.zaxxer.hikari.HikariDataSource       : HikariPool-1 - Starting...
2026-03-08T00:48:24.430+07:00  INFO 2088 --- [ielts] [restartedMain] com.zaxxer.hikari.pool.HikariPool        : HikariPool-1 - Added connection com.mysql.cj.jdbc.ConnectionImpl@53a8d8c0
2026-03-08T00:48:24.431+07:00  INFO 2088 --- [ielts] [restartedMain] com.zaxxer.hikari.HikariDataSource       : HikariPool-1 - Start completed.
2026-03-08T00:48:24.466+07:00  WARN 2088 --- [ielts] [restartedMain] org.hibernate.orm.deprecation            : HHH90000025: MySQLDialect does not need to be specified explicitly using 'hibernate.dialect' (remove the property setting and it will be selected by default)
2026-03-08T00:48:24.477+07:00  INFO 2088 --- [ielts] [restartedMain] org.hibernate.orm.connections.pooling    : HHH10001005: Database info:
	Database JDBC URL [jdbc:mysql://localhost:3306/db_ielts]
	Database driver: MySQL Connector/J
	Database dialect: MySQLDialect
	Database version: 8.0.37
	Default catalog/schema: db_ielts/undefined
	Autocommit mode: undefined/unknown
	Isolation level: REPEATABLE_READ [default REPEATABLE_READ]
	JDBC fetch size: none
	Pool: DataSourceConnectionProvider
	Minimum pool size: undefined/unknown
	Maximum pool size: undefined/unknown
2026-03-08T00:48:25.316+07:00  INFO 2088 --- [ielts] [restartedMain] org.hibernate.orm.core                   : HHH000489: No JTA platform available (set 'hibernate.transaction.jta.platform' to enable JTA platform integration)
2026-03-08T00:48:26.028+07:00  WARN 2088 --- [ielts] [restartedMain] JpaBaseConfiguration$JpaWebConfiguration : spring.jpa.open-in-view is enabled by default. Therefore, database queries may be performed during view rendering. Explicitly configure spring.jpa.open-in-view to disable this warning
2026-03-08T00:48:26.586+07:00  INFO 2088 --- [ielts] [restartedMain] com.ddhva.ielts.IeltsApplication         : Started IeltsApplication in 4.242 seconds (process running for 4.66)
2026-03-08T00:48:27.109+07:00  INFO 2088 --- [ielts] [RMI TCP Connection(1)-192.168.1.3] o.a.c.c.C.[Tomcat].[localhost].[/]       : Initializing Spring DispatcherServlet 'dispatcherServlet'
2026-03-08T00:48:31.400+07:00  INFO 2088 --- [ielts] [http-nio-8081-exec-5] com.ddhva.ielts.util.JWTFilter           : REQUEST: GET - /api/v1/vocabularies/search
2026-03-08T00:48:31.561+07:00  INFO 2088 --- [ielts] [http-nio-8081-exec-5] c.d.i.s.impl.VocabularyServiceImpl       : Successfully fetched 4 vocabularies
2026-03-08T00:48:31.596+07:00  INFO 2088 --- [ielts] [http-nio-8081-exec-5] com.ddhva.ielts.util.JWTFilter           : RESPONSE: 200 - 196ms
2026-03-08T00:52:36.493+07:00  INFO 2088 --- [ielts] [Thread-1] com.zaxxer.hikari.HikariDataSource       : HikariPool-1 - Shutdown initiated...
2026-03-08T00:52:36.508+07:00  INFO 2088 --- [ielts] [Thread-1] com.zaxxer.hikari.HikariDataSource       : HikariPool-1 - Shutdown completed.
2026-03-08T00:52:36.596+07:00  INFO 2088 --- [ielts] [restartedMain] com.ddhva.ielts.IeltsApplication         : Starting IeltsApplication using Java 22.0.2 with PID 2088 (D:\DDHVA\Backend\ielts\target\classes started by Admin in D:\DDHVA\Backend\ielts)
2026-03-08T00:52:36.596+07:00 DEBUG 2088 --- [ielts] [restartedMain] com.ddhva.ielts.IeltsApplication         : Running with Spring Boot v4.0.2, Spring v7.0.3
2026-03-08T00:52:36.596+07:00  INFO 2088 --- [ielts] [restartedMain] com.ddhva.ielts.IeltsApplication         : No active profile set, falling back to 1 default profile: "default"
2026-03-08T00:52:37.041+07:00  INFO 2088 --- [ielts] [restartedMain] o.apache.catalina.core.StandardService   : Starting service [Tomcat]
2026-03-08T00:52:37.041+07:00  INFO 2088 --- [ielts] [restartedMain] o.apache.catalina.core.StandardEngine    : Starting Servlet engine: [Apache Tomcat/11.0.15]
2026-03-08T00:52:37.097+07:00 DEBUG 2088 --- [ielts] [restartedMain] com.ddhva.ielts.util.JWTFilter           : Filter 'JWTFilter' configured for use
2026-03-08T00:52:37.126+07:00  INFO 2088 --- [ielts] [restartedMain] org.hibernate.orm.jpa                    : HHH008540: Processing PersistenceUnitInfo [name: default]
2026-03-08T00:52:37.154+07:00  INFO 2088 --- [ielts] [restartedMain] com.zaxxer.hikari.HikariDataSource       : HikariPool-2 - Starting...
2026-03-08T00:52:37.171+07:00  INFO 2088 --- [ielts] [restartedMain] com.zaxxer.hikari.pool.HikariPool        : HikariPool-2 - Added connection com.mysql.cj.jdbc.ConnectionImpl@4390af1a
2026-03-08T00:52:37.171+07:00  INFO 2088 --- [ielts] [restartedMain] com.zaxxer.hikari.HikariDataSource       : HikariPool-2 - Start completed.
2026-03-08T00:52:37.172+07:00  WARN 2088 --- [ielts] [restartedMain] org.hibernate.orm.deprecation            : HHH90000025: MySQLDialect does not need to be specified explicitly using 'hibernate.dialect' (remove the property setting and it will be selected by default)
2026-03-08T00:52:37.173+07:00  INFO 2088 --- [ielts] [restartedMain] org.hibernate.orm.connections.pooling    : HHH10001005: Database info:
	Database JDBC URL [jdbc:mysql://localhost:3306/db_ielts]
	Database driver: MySQL Connector/J
	Database dialect: MySQLDialect
	Database version: 8.0.37
	Default catalog/schema: db_ielts/undefined
	Autocommit mode: undefined/unknown
	Isolation level: REPEATABLE_READ [default REPEATABLE_READ]
	JDBC fetch size: none
	Pool: DataSourceConnectionProvider
	Minimum pool size: undefined/unknown
	Maximum pool size: undefined/unknown
2026-03-08T00:52:37.408+07:00  INFO 2088 --- [ielts] [restartedMain] org.hibernate.orm.core                   : HHH000489: No JTA platform available (set 'hibernate.transaction.jta.platform' to enable JTA platform integration)
2026-03-08T00:52:37.576+07:00  WARN 2088 --- [ielts] [restartedMain] JpaBaseConfiguration$JpaWebConfiguration : spring.jpa.open-in-view is enabled by default. Therefore, database queries may be performed during view rendering. Explicitly configure spring.jpa.open-in-view to disable this warning
2026-03-08T00:52:37.987+07:00  INFO 2088 --- [ielts] [restartedMain] com.ddhva.ielts.IeltsApplication         : Started IeltsApplication in 1.415 seconds (process running for 256.06)
2026-03-08T00:52:39.388+07:00  INFO 2088 --- [ielts] [Thread-5] com.zaxxer.hikari.HikariDataSource       : HikariPool-2 - Shutdown initiated...
2026-03-08T00:52:39.391+07:00  INFO 2088 --- [ielts] [Thread-5] com.zaxxer.hikari.HikariDataSource       : HikariPool-2 - Shutdown completed.
2026-03-08T00:52:39.457+07:00  INFO 2088 --- [ielts] [restartedMain] com.ddhva.ielts.IeltsApplication         : Starting IeltsApplication using Java 22.0.2 with PID 2088 (D:\DDHVA\Backend\ielts\target\classes started by Admin in D:\DDHVA\Backend\ielts)
2026-03-08T00:52:39.459+07:00 DEBUG 2088 --- [ielts] [restartedMain] com.ddhva.ielts.IeltsApplication         : Running with Spring Boot v4.0.2, Spring v7.0.3
2026-03-08T00:52:39.459+07:00  INFO 2088 --- [ielts] [restartedMain] com.ddhva.ielts.IeltsApplication         : No active profile set, falling back to 1 default profile: "default"
2026-03-08T00:52:39.823+07:00  INFO 2088 --- [ielts] [restartedMain] o.apache.catalina.core.StandardService   : Starting service [Tomcat]
2026-03-08T00:52:39.823+07:00  INFO 2088 --- [ielts] [restartedMain] o.apache.catalina.core.StandardEngine    : Starting Servlet engine: [Apache Tomcat/11.0.15]
2026-03-08T00:52:39.878+07:00 DEBUG 2088 --- [ielts] [restartedMain] com.ddhva.ielts.util.JWTFilter           : Filter 'JWTFilter' configured for use
2026-03-08T00:52:39.935+07:00  INFO 2088 --- [ielts] [restartedMain] org.hibernate.orm.jpa                    : HHH008540: Processing PersistenceUnitInfo [name: default]
2026-03-08T00:52:39.960+07:00  INFO 2088 --- [ielts] [restartedMain] com.zaxxer.hikari.HikariDataSource       : HikariPool-3 - Starting...
2026-03-08T00:52:39.975+07:00  INFO 2088 --- [ielts] [restartedMain] com.zaxxer.hikari.pool.HikariPool        : HikariPool-3 - Added connection com.mysql.cj.jdbc.ConnectionImpl@2cadafd4
2026-03-08T00:52:39.976+07:00  INFO 2088 --- [ielts] [restartedMain] com.zaxxer.hikari.HikariDataSource       : HikariPool-3 - Start completed.
2026-03-08T00:52:39.981+07:00  WARN 2088 --- [ielts] [restartedMain] org.hibernate.orm.deprecation            : HHH90000025: MySQLDialect does not need to be specified explicitly using 'hibernate.dialect' (remove the property setting and it will be selected by default)
2026-03-08T00:52:39.982+07:00  INFO 2088 --- [ielts] [restartedMain] org.hibernate.orm.connections.pooling    : HHH10001005: Database info:
	Database JDBC URL [jdbc:mysql://localhost:3306/db_ielts]
	Database driver: MySQL Connector/J
	Database dialect: MySQLDialect
	Database version: 8.0.37
	Default catalog/schema: db_ielts/undefined
	Autocommit mode: undefined/unknown
	Isolation level: REPEATABLE_READ [default REPEATABLE_READ]
	JDBC fetch size: none
	Pool: DataSourceConnectionProvider
	Minimum pool size: undefined/unknown
	Maximum pool size: undefined/unknown
2026-03-08T00:52:40.193+07:00  INFO 2088 --- [ielts] [restartedMain] org.hibernate.orm.core                   : HHH000489: No JTA platform available (set 'hibernate.transaction.jta.platform' to enable JTA platform integration)
2026-03-08T00:52:40.358+07:00  WARN 2088 --- [ielts] [restartedMain] JpaBaseConfiguration$JpaWebConfiguration : spring.jpa.open-in-view is enabled by default. Therefore, database queries may be performed during view rendering. Explicitly configure spring.jpa.open-in-view to disable this warning
2026-03-08T00:52:40.718+07:00  INFO 2088 --- [ielts] [restartedMain] com.ddhva.ielts.IeltsApplication         : Started IeltsApplication in 1.284 seconds (process running for 258.792)
2026-03-08T00:55:57.672+07:00  INFO 2088 --- [ielts] [Thread-9] com.zaxxer.hikari.HikariDataSource       : HikariPool-3 - Shutdown initiated...
2026-03-08T00:55:57.674+07:00  INFO 2088 --- [ielts] [Thread-9] com.zaxxer.hikari.HikariDataSource       : HikariPool-3 - Shutdown completed.
2026-03-08T00:55:57.740+07:00  INFO 2088 --- [ielts] [restartedMain] com.ddhva.ielts.IeltsApplication         : Starting IeltsApplication using Java 22.0.2 with PID 2088 (D:\DDHVA\Backend\ielts\target\classes started by Admin in D:\DDHVA\Backend\ielts)
2026-03-08T00:55:57.740+07:00 DEBUG 2088 --- [ielts] [restartedMain] com.ddhva.ielts.IeltsApplication         : Running with Spring Boot v4.0.2, Spring v7.0.3
2026-03-08T00:55:57.741+07:00  INFO 2088 --- [ielts] [restartedMain] com.ddhva.ielts.IeltsApplication         : No active profile set, falling back to 1 default profile: "default"
2026-03-08T00:55:58.109+07:00  INFO 2088 --- [ielts] [restartedMain] o.apache.catalina.core.StandardService   : Starting service [Tomcat]
2026-03-08T00:55:58.110+07:00  INFO 2088 --- [ielts] [restartedMain] o.apache.catalina.core.StandardEngine    : Starting Servlet engine: [Apache Tomcat/11.0.15]
2026-03-08T00:55:58.168+07:00 DEBUG 2088 --- [ielts] [restartedMain] com.ddhva.ielts.util.JWTFilter           : Filter 'JWTFilter' configured for use
2026-03-08T00:55:58.215+07:00  INFO 2088 --- [ielts] [restartedMain] org.hibernate.orm.jpa                    : HHH008540: Processing PersistenceUnitInfo [name: default]
2026-03-08T00:55:58.236+07:00  INFO 2088 --- [ielts] [restartedMain] com.zaxxer.hikari.HikariDataSource       : HikariPool-4 - Starting...
2026-03-08T00:55:58.250+07:00  INFO 2088 --- [ielts] [restartedMain] com.zaxxer.hikari.pool.HikariPool        : HikariPool-4 - Added connection com.mysql.cj.jdbc.ConnectionImpl@6273c7f0
2026-03-08T00:55:58.251+07:00  INFO 2088 --- [ielts] [restartedMain] com.zaxxer.hikari.HikariDataSource       : HikariPool-4 - Start completed.
2026-03-08T00:55:58.252+07:00  WARN 2088 --- [ielts] [restartedMain] org.hibernate.orm.deprecation            : HHH90000025: MySQLDialect does not need to be specified explicitly using 'hibernate.dialect' (remove the property setting and it will be selected by default)
2026-03-08T00:55:58.252+07:00  INFO 2088 --- [ielts] [restartedMain] org.hibernate.orm.connections.pooling    : HHH10001005: Database info:
	Database JDBC URL [jdbc:mysql://localhost:3306/db_ielts]
	Database driver: MySQL Connector/J
	Database dialect: MySQLDialect
	Database version: 8.0.37
	Default catalog/schema: db_ielts/undefined
	Autocommit mode: undefined/unknown
	Isolation level: REPEATABLE_READ [default REPEATABLE_READ]
	JDBC fetch size: none
	Pool: DataSourceConnectionProvider
	Minimum pool size: undefined/unknown
	Maximum pool size: undefined/unknown
2026-03-08T00:55:58.420+07:00  INFO 2088 --- [ielts] [restartedMain] org.hibernate.orm.core                   : HHH000489: No JTA platform available (set 'hibernate.transaction.jta.platform' to enable JTA platform integration)
2026-03-08T00:55:58.562+07:00  WARN 2088 --- [ielts] [restartedMain] JpaBaseConfiguration$JpaWebConfiguration : spring.jpa.open-in-view is enabled by default. Therefore, database queries may be performed during view rendering. Explicitly configure spring.jpa.open-in-view to disable this warning
2026-03-08T00:55:59.007+07:00  INFO 2088 --- [ielts] [restartedMain] com.ddhva.ielts.IeltsApplication         : Started IeltsApplication in 1.287 seconds (process running for 457.082)
2026-03-08T01:00:27.041+07:00  INFO 2088 --- [ielts] [SpringApplicationShutdownHook] com.zaxxer.hikari.HikariDataSource       : HikariPool-4 - Shutdown initiated...
2026-03-08T01:00:27.044+07:00  INFO 2088 --- [ielts] [SpringApplicationShutdownHook] com.zaxxer.hikari.HikariDataSource       : HikariPool-4 - Shutdown completed.
2026-03-08T10:09:00.509+07:00  INFO 19028 --- [ielts] [restartedMain] com.ddhva.ielts.IeltsApplication         : Starting IeltsApplication using Java 22.0.2 with PID 19028 (D:\DDHVA\Backend\ielts\target\classes started by Admin in D:\DDHVA\Backend\ielts)
2026-03-08T10:09:00.511+07:00 DEBUG 19028 --- [ielts] [restartedMain] com.ddhva.ielts.IeltsApplication         : Running with Spring Boot v4.0.2, Spring v7.0.3
2026-03-08T10:09:00.511+07:00  INFO 19028 --- [ielts] [restartedMain] com.ddhva.ielts.IeltsApplication         : No active profile set, falling back to 1 default profile: "default"
2026-03-08T10:09:01.823+07:00  INFO 19028 --- [ielts] [restartedMain] o.apache.catalina.core.StandardService   : Starting service [Tomcat]
2026-03-08T10:09:01.824+07:00  INFO 19028 --- [ielts] [restartedMain] o.apache.catalina.core.StandardEngine    : Starting Servlet engine: [Apache Tomcat/11.0.15]
2026-03-08T10:09:01.933+07:00 DEBUG 19028 --- [ielts] [restartedMain] com.ddhva.ielts.util.JWTFilter           : Filter 'JWTFilter' configured for use
2026-03-08T10:09:02.002+07:00  INFO 19028 --- [ielts] [restartedMain] org.hibernate.orm.jpa                    : HHH008540: Processing PersistenceUnitInfo [name: default]
2026-03-08T10:09:02.049+07:00  INFO 19028 --- [ielts] [restartedMain] org.hibernate.orm.core                   : HHH000001: Hibernate ORM core version 7.2.1.Final
2026-03-08T10:09:02.392+07:00  INFO 19028 --- [ielts] [restartedMain] com.zaxxer.hikari.HikariDataSource       : HikariPool-1 - Starting...
2026-03-08T10:09:02.722+07:00  INFO 19028 --- [ielts] [restartedMain] com.zaxxer.hikari.pool.HikariPool        : HikariPool-1 - Added connection com.mysql.cj.jdbc.ConnectionImpl@290c8cbb
2026-03-08T10:09:02.723+07:00  INFO 19028 --- [ielts] [restartedMain] com.zaxxer.hikari.HikariDataSource       : HikariPool-1 - Start completed.
2026-03-08T10:09:02.774+07:00  WARN 19028 --- [ielts] [restartedMain] org.hibernate.orm.deprecation            : HHH90000025: MySQLDialect does not need to be specified explicitly using 'hibernate.dialect' (remove the property setting and it will be selected by default)
2026-03-08T10:09:02.788+07:00  INFO 19028 --- [ielts] [restartedMain] org.hibernate.orm.connections.pooling    : HHH10001005: Database info:
	Database JDBC URL [jdbc:mysql://localhost:3306/db_ielts]
	Database driver: MySQL Connector/J
	Database dialect: MySQLDialect
	Database version: 8.0.37
	Default catalog/schema: db_ielts/undefined
	Autocommit mode: undefined/unknown
	Isolation level: REPEATABLE_READ [default REPEATABLE_READ]
	JDBC fetch size: none
	Pool: DataSourceConnectionProvider
	Minimum pool size: undefined/unknown
	Maximum pool size: undefined/unknown
2026-03-08T10:09:03.728+07:00  INFO 19028 --- [ielts] [restartedMain] org.hibernate.orm.core                   : HHH000489: No JTA platform available (set 'hibernate.transaction.jta.platform' to enable JTA platform integration)
2026-03-08T10:09:04.518+07:00  WARN 19028 --- [ielts] [restartedMain] JpaBaseConfiguration$JpaWebConfiguration : spring.jpa.open-in-view is enabled by default. Therefore, database queries may be performed during view rendering. Explicitly configure spring.jpa.open-in-view to disable this warning
2026-03-08T10:09:05.082+07:00  INFO 19028 --- [ielts] [restartedMain] com.ddhva.ielts.IeltsApplication         : Started IeltsApplication in 4.955 seconds (process running for 6.845)
2026-03-08T10:09:21.800+07:00  INFO 19028 --- [ielts] [http-nio-8081-exec-2] o.a.c.c.C.[Tomcat].[localhost].[/]       : Initializing Spring DispatcherServlet 'dispatcherServlet'
2026-03-08T10:09:21.830+07:00  INFO 19028 --- [ielts] [http-nio-8081-exec-2] com.ddhva.ielts.util.JWTFilter           : REQUEST: GET - /api/v1/vocabularies/search
2026-03-08T10:09:21.972+07:00  INFO 19028 --- [ielts] [http-nio-8081-exec-2] c.d.i.s.impl.VocabularyServiceImpl       : Successfully fetched 4 vocabularies
2026-03-08T10:09:22.032+07:00  INFO 19028 --- [ielts] [http-nio-8081-exec-2] com.ddhva.ielts.util.JWTFilter           : RESPONSE: 200 - 202ms
2026-03-08T10:10:14.873+07:00  INFO 19028 --- [ielts] [http-nio-8081-exec-3] com.ddhva.ielts.util.JWTFilter           : REQUEST: GET - /api/v1/vocabularies/topic/aa317a4d-e9e3-41ee-8ea7-e0ee840835a3
2026-03-08T10:10:14.916+07:00  INFO 19028 --- [ielts] [http-nio-8081-exec-3] c.d.i.s.impl.VocabularyServiceImpl       : Successfully fetched 30 vocabularies
2026-03-08T10:10:14.919+07:00  INFO 19028 --- [ielts] [http-nio-8081-exec-3] com.ddhva.ielts.util.JWTFilter           : RESPONSE: 200 - 46ms
2026-03-08T10:10:27.870+07:00  INFO 19028 --- [ielts] [http-nio-8081-exec-4] com.ddhva.ielts.util.JWTFilter           : REQUEST: GET - /api/v1/vocabularies/search
2026-03-08T10:10:27.873+07:00  INFO 19028 --- [ielts] [http-nio-8081-exec-4] c.d.i.s.impl.VocabularyServiceImpl       : Successfully fetched 0 vocabularies
2026-03-08T10:10:27.875+07:00  INFO 19028 --- [ielts] [http-nio-8081-exec-4] com.ddhva.ielts.util.JWTFilter           : RESPONSE: 200 - 5ms
2026-03-08T10:10:32.634+07:00  INFO 19028 --- [ielts] [http-nio-8081-exec-5] com.ddhva.ielts.util.JWTFilter           : REQUEST: GET - /api/v1/vocabularies/search
2026-03-08T10:10:32.646+07:00  INFO 19028 --- [ielts] [http-nio-8081-exec-5] c.d.i.s.impl.VocabularyServiceImpl       : Successfully fetched 22 vocabularies
2026-03-08T10:10:32.648+07:00  INFO 19028 --- [ielts] [http-nio-8081-exec-5] com.ddhva.ielts.util.JWTFilter           : RESPONSE: 200 - 14ms
2026-03-08T10:10:40.604+07:00  INFO 19028 --- [ielts] [http-nio-8081-exec-6] com.ddhva.ielts.util.JWTFilter           : REQUEST: DELETE - /api/v1/vocabularies/02cb0637-4b3b-45b5-a205-eb23907430bc
2026-03-08T10:10:40.663+07:00  INFO 19028 --- [ielts] [http-nio-8081-exec-6] c.d.i.s.impl.VocabularyServiceImpl       : Successfully deleted vocabulary 02cb0637-4b3b-45b5-a205-eb23907430bc
2026-03-08T10:10:40.665+07:00  INFO 19028 --- [ielts] [http-nio-8081-exec-6] com.ddhva.ielts.util.JWTFilter           : RESPONSE: 200 - 61ms
2026-03-08T10:10:46.086+07:00  INFO 19028 --- [ielts] [http-nio-8081-exec-7] com.ddhva.ielts.util.JWTFilter           : REQUEST: GET - /api/v1/vocabularies/search
2026-03-08T10:10:46.095+07:00  INFO 19028 --- [ielts] [http-nio-8081-exec-7] c.d.i.s.impl.VocabularyServiceImpl       : Successfully fetched 22 vocabularies
2026-03-08T10:10:46.096+07:00  INFO 19028 --- [ielts] [http-nio-8081-exec-7] com.ddhva.ielts.util.JWTFilter           : RESPONSE: 200 - 10ms
2026-03-08T10:14:43.048+07:00  INFO 19028 --- [ielts] [Thread-1] com.zaxxer.hikari.HikariDataSource       : HikariPool-1 - Shutdown initiated...
2026-03-08T10:14:43.051+07:00  INFO 19028 --- [ielts] [Thread-1] com.zaxxer.hikari.HikariDataSource       : HikariPool-1 - Shutdown completed.
2026-03-08T10:14:43.109+07:00  INFO 19028 --- [ielts] [restartedMain] com.ddhva.ielts.IeltsApplication         : Starting IeltsApplication using Java 22.0.2 with PID 19028 (D:\DDHVA\Backend\ielts\target\classes started by Admin in D:\DDHVA\Backend\ielts)
2026-03-08T10:14:43.109+07:00 DEBUG 19028 --- [ielts] [restartedMain] com.ddhva.ielts.IeltsApplication         : Running with Spring Boot v4.0.2, Spring v7.0.3
2026-03-08T10:14:43.109+07:00  INFO 19028 --- [ielts] [restartedMain] com.ddhva.ielts.IeltsApplication         : No active profile set, falling back to 1 default profile: "default"
2026-03-08T10:14:43.406+07:00  INFO 19028 --- [ielts] [restartedMain] o.apache.catalina.core.StandardService   : Starting service [Tomcat]
2026-03-08T10:14:43.407+07:00  INFO 19028 --- [ielts] [restartedMain] o.apache.catalina.core.StandardEngine    : Starting Servlet engine: [Apache Tomcat/11.0.15]
2026-03-08T10:14:43.440+07:00 DEBUG 19028 --- [ielts] [restartedMain] com.ddhva.ielts.util.JWTFilter           : Filter 'JWTFilter' configured for use
2026-03-08T10:14:43.462+07:00  INFO 19028 --- [ielts] [restartedMain] org.hibernate.orm.jpa                    : HHH008540: Processing PersistenceUnitInfo [name: default]
2026-03-08T10:14:43.476+07:00  INFO 19028 --- [ielts] [restartedMain] com.zaxxer.hikari.HikariDataSource       : HikariPool-2 - Starting...
2026-03-08T10:14:43.490+07:00  INFO 19028 --- [ielts] [restartedMain] com.zaxxer.hikari.pool.HikariPool        : HikariPool-2 - Added connection com.mysql.cj.jdbc.ConnectionImpl@79c0d639
2026-03-08T10:14:43.492+07:00  INFO 19028 --- [ielts] [restartedMain] com.zaxxer.hikari.HikariDataSource       : HikariPool-2 - Start completed.
2026-03-08T10:14:43.493+07:00  WARN 19028 --- [ielts] [restartedMain] org.hibernate.orm.deprecation            : HHH90000025: MySQLDialect does not need to be specified explicitly using 'hibernate.dialect' (remove the property setting and it will be selected by default)
2026-03-08T10:14:43.493+07:00  INFO 19028 --- [ielts] [restartedMain] org.hibernate.orm.connections.pooling    : HHH10001005: Database info:
	Database JDBC URL [jdbc:mysql://localhost:3306/db_ielts]
	Database driver: MySQL Connector/J
	Database dialect: MySQLDialect
	Database version: 8.0.37
	Default catalog/schema: db_ielts/undefined
	Autocommit mode: undefined/unknown
	Isolation level: REPEATABLE_READ [default REPEATABLE_READ]
	JDBC fetch size: none
	Pool: DataSourceConnectionProvider
	Minimum pool size: undefined/unknown
	Maximum pool size: undefined/unknown
2026-03-08T10:14:43.678+07:00  INFO 19028 --- [ielts] [restartedMain] org.hibernate.orm.core                   : HHH000489: No JTA platform available (set 'hibernate.transaction.jta.platform' to enable JTA platform integration)
2026-03-08T10:14:43.772+07:00  WARN 19028 --- [ielts] [restartedMain] ConfigServletWebServerApplicationContext : Exception encountered during context initialization - cancelling refresh attempt: org.springframework.beans.factory.UnsatisfiedDependencyException: Error creating bean with name 'vocabularyController' defined in file [D:\DDHVA\Backend\ielts\target\classes\com\ddhva\ielts\controller\VocabularyController.class]: Unsatisfied dependency expressed through constructor parameter 0: No qualifying bean of type 'com.ddhva.ielts.service.VocabularyService' available: expected at least 1 bean which qualifies as autowire candidate. Dependency annotations: {}
2026-03-08T10:14:43.772+07:00  INFO 19028 --- [ielts] [restartedMain] com.zaxxer.hikari.HikariDataSource       : HikariPool-2 - Shutdown initiated...
2026-03-08T10:14:43.793+07:00  INFO 19028 --- [ielts] [restartedMain] com.zaxxer.hikari.HikariDataSource       : HikariPool-2 - Shutdown completed.
2026-03-08T10:14:43.794+07:00  INFO 19028 --- [ielts] [restartedMain] o.apache.catalina.core.StandardService   : Stopping service [Tomcat]
2026-03-08T10:14:43.814+07:00 ERROR 19028 --- [ielts] [restartedMain] o.s.b.d.LoggingFailureAnalysisReporter   : 

***************************
APPLICATION FAILED TO START
***************************

Description:

Parameter 0 of constructor in com.ddhva.ielts.controller.VocabularyController required a bean of type 'com.ddhva.ielts.service.VocabularyService' that could not be found.


Action:

Consider defining a bean of type 'com.ddhva.ielts.service.VocabularyService' in your configuration.

2026-03-08T10:14:45.260+07:00  INFO 19028 --- [ielts] [restartedMain] com.ddhva.ielts.IeltsApplication         : Starting IeltsApplication using Java 22.0.2 with PID 19028 (D:\DDHVA\Backend\ielts\target\classes started by Admin in D:\DDHVA\Backend\ielts)
2026-03-08T10:14:45.260+07:00 DEBUG 19028 --- [ielts] [restartedMain] com.ddhva.ielts.IeltsApplication         : Running with Spring Boot v4.0.2, Spring v7.0.3
2026-03-08T10:14:45.260+07:00  INFO 19028 --- [ielts] [restartedMain] com.ddhva.ielts.IeltsApplication         : No active profile set, falling back to 1 default profile: "default"
2026-03-08T10:14:45.529+07:00  INFO 19028 --- [ielts] [restartedMain] o.apache.catalina.core.StandardService   : Starting service [Tomcat]
2026-03-08T10:14:45.530+07:00  INFO 19028 --- [ielts] [restartedMain] o.apache.catalina.core.StandardEngine    : Starting Servlet engine: [Apache Tomcat/11.0.15]
2026-03-08T10:14:45.561+07:00 DEBUG 19028 --- [ielts] [restartedMain] com.ddhva.ielts.util.JWTFilter           : Filter 'JWTFilter' configured for use
2026-03-08T10:14:45.580+07:00  INFO 19028 --- [ielts] [restartedMain] org.hibernate.orm.jpa                    : HHH008540: Processing PersistenceUnitInfo [name: default]
2026-03-08T10:14:45.598+07:00  INFO 19028 --- [ielts] [restartedMain] com.zaxxer.hikari.HikariDataSource       : HikariPool-3 - Starting...
2026-03-08T10:14:45.613+07:00  INFO 19028 --- [ielts] [restartedMain] com.zaxxer.hikari.pool.HikariPool        : HikariPool-3 - Added connection com.mysql.cj.jdbc.ConnectionImpl@55786f3a
2026-03-08T10:14:45.614+07:00  INFO 19028 --- [ielts] [restartedMain] com.zaxxer.hikari.HikariDataSource       : HikariPool-3 - Start completed.
2026-03-08T10:14:45.615+07:00  WARN 19028 --- [ielts] [restartedMain] org.hibernate.orm.deprecation            : HHH90000025: MySQLDialect does not need to be specified explicitly using 'hibernate.dialect' (remove the property setting and it will be selected by default)
2026-03-08T10:14:45.615+07:00  INFO 19028 --- [ielts] [restartedMain] org.hibernate.orm.connections.pooling    : HHH10001005: Database info:
	Database JDBC URL [jdbc:mysql://localhost:3306/db_ielts]
	Database driver: MySQL Connector/J
	Database dialect: MySQLDialect
	Database version: 8.0.37
	Default catalog/schema: db_ielts/undefined
	Autocommit mode: undefined/unknown
	Isolation level: REPEATABLE_READ [default REPEATABLE_READ]
	JDBC fetch size: none
	Pool: DataSourceConnectionProvider
	Minimum pool size: undefined/unknown
	Maximum pool size: undefined/unknown
2026-03-08T10:14:45.735+07:00  INFO 19028 --- [ielts] [restartedMain] org.hibernate.orm.core                   : HHH000489: No JTA platform available (set 'hibernate.transaction.jta.platform' to enable JTA platform integration)
2026-03-08T10:14:45.877+07:00  WARN 19028 --- [ielts] [restartedMain] ConfigServletWebServerApplicationContext : Exception encountered during context initialization - cancelling refresh attempt: org.springframework.beans.factory.UnsatisfiedDependencyException: Error creating bean with name 'vocabularyController' defined in file [D:\DDHVA\Backend\ielts\target\classes\com\ddhva\ielts\controller\VocabularyController.class]: Unsatisfied dependency expressed through constructor parameter 0: Error creating bean with name 'vocabularyServiceImpl' defined in file [D:\DDHVA\Backend\ielts\target\classes\com\ddhva\ielts\service\impl\VocabularyServiceImpl.class]: Unsatisfied dependency expressed through constructor parameter 0: Error creating bean with name 'vocabularyRepository' defined in com.ddhva.ielts.repositories.VocabularyRepository defined in @EnableJpaRepositories declared on DataJpaRepositoriesRegistrar.EnableJpaRepositoriesConfiguration: At 4:4 and token 'AND', extraneous input 'AND' expecting <EOF>; Bad HQL grammar [    SELECT v
    FROM Vocabulary v
    WHERE LOWER(v.word) LIKE LOWER(CONCAT('%', :word, '%'))
    AND
]
2026-03-08T10:14:45.877+07:00  INFO 19028 --- [ielts] [restartedMain] com.zaxxer.hikari.HikariDataSource       : HikariPool-3 - Shutdown initiated...
2026-03-08T10:14:45.898+07:00  INFO 19028 --- [ielts] [restartedMain] com.zaxxer.hikari.HikariDataSource       : HikariPool-3 - Shutdown completed.
2026-03-08T10:14:45.898+07:00  INFO 19028 --- [ielts] [restartedMain] o.apache.catalina.core.StandardService   : Stopping service [Tomcat]
2026-03-08T10:14:45.901+07:00 ERROR 19028 --- [ielts] [restartedMain] o.s.boot.SpringApplication               : Application run failed

org.springframework.beans.factory.UnsatisfiedDependencyException: Error creating bean with name 'vocabularyController' defined in file [D:\DDHVA\Backend\ielts\target\classes\com\ddhva\ielts\controller\VocabularyController.class]: Unsatisfied dependency expressed through constructor parameter 0: Error creating bean with name 'vocabularyServiceImpl' defined in file [D:\DDHVA\Backend\ielts\target\classes\com\ddhva\ielts\service\impl\VocabularyServiceImpl.class]: Unsatisfied dependency expressed through constructor parameter 0: Error creating bean with name 'vocabularyRepository' defined in com.ddhva.ielts.repositories.VocabularyRepository defined in @EnableJpaRepositories declared on DataJpaRepositoriesRegistrar.EnableJpaRepositoriesConfiguration: At 4:4 and token 'AND', extraneous input 'AND' expecting <EOF>; Bad HQL grammar [    SELECT v
    FROM Vocabulary v
    WHERE LOWER(v.word) LIKE LOWER(CONCAT('%', :word, '%'))
    AND
]
	at org.springframework.beans.factory.support.ConstructorResolver.createArgumentArray(ConstructorResolver.java:804) ~[spring-beans-7.0.3.jar:7.0.3]
	at org.springframework.beans.factory.support.ConstructorResolver.autowireConstructor(ConstructorResolver.java:240) ~[spring-beans-7.0.3.jar:7.0.3]
	at org.springframework.beans.factory.support.AbstractAutowireCapableBeanFactory.autowireConstructor(AbstractAutowireCapableBeanFactory.java:1382) ~[spring-beans-7.0.3.jar:7.0.3]
	at org.springframework.beans.factory.support.AbstractAutowireCapableBeanFactory.createBeanInstance(AbstractAutowireCapableBeanFactory.java:1221) ~[spring-beans-7.0.3.jar:7.0.3]
	at org.springframework.beans.factory.support.AbstractAutowireCapableBeanFactory.doCreateBean(AbstractAutowireCapableBeanFactory.java:565) ~[spring-beans-7.0.3.jar:7.0.3]
	at org.springframework.beans.factory.support.AbstractAutowireCapableBeanFactory.createBean(AbstractAutowireCapableBeanFactory.java:525) ~[spring-beans-7.0.3.jar:7.0.3]
	at org.springframework.beans.factory.support.AbstractBeanFactory.lambda$doGetBean$0(AbstractBeanFactory.java:333) ~[spring-beans-7.0.3.jar:7.0.3]
	at org.springframework.beans.factory.support.DefaultSingletonBeanRegistry.getSingleton(DefaultSingletonBeanRegistry.java:371) ~[spring-beans-7.0.3.jar:7.0.3]
	at org.springframework.beans.factory.support.AbstractBeanFactory.doGetBean(AbstractBeanFactory.java:331) ~[spring-beans-7.0.3.jar:7.0.3]
	at org.springframework.beans.factory.support.AbstractBeanFactory.getBean(AbstractBeanFactory.java:196) ~[spring-beans-7.0.3.jar:7.0.3]
	at org.springframework.beans.factory.support.DefaultListableBeanFactory.instantiateSingleton(DefaultListableBeanFactory.java:1218) ~[spring-beans-7.0.3.jar:7.0.3]
	at org.springframework.beans.factory.support.DefaultListableBeanFactory.preInstantiateSingleton(DefaultListableBeanFactory.java:1184) ~[spring-beans-7.0.3.jar:7.0.3]
	at org.springframework.beans.factory.support.DefaultListableBeanFactory.preInstantiateSingletons(DefaultListableBeanFactory.java:1121) ~[spring-beans-7.0.3.jar:7.0.3]
	at org.springframework.context.support.AbstractApplicationContext.finishBeanFactoryInitialization(AbstractApplicationContext.java:993) ~[spring-context-7.0.3.jar:7.0.3]
	at org.springframework.context.support.AbstractApplicationContext.refresh(AbstractApplicationContext.java:620) ~[spring-context-7.0.3.jar:7.0.3]
	at org.springframework.boot.web.server.servlet.context.ServletWebServerApplicationContext.refresh(ServletWebServerApplicationContext.java:143) ~[spring-boot-web-server-4.0.2.jar:4.0.2]
	at org.springframework.boot.SpringApplication.refresh(SpringApplication.java:756) ~[spring-boot-4.0.2.jar:4.0.2]
	at org.springframework.boot.SpringApplication.refreshContext(SpringApplication.java:445) ~[spring-boot-4.0.2.jar:4.0.2]
	at org.springframework.boot.SpringApplication.run(SpringApplication.java:321) ~[spring-boot-4.0.2.jar:4.0.2]
	at org.springframework.boot.SpringApplication.run(SpringApplication.java:1365) ~[spring-boot-4.0.2.jar:4.0.2]
	at org.springframework.boot.SpringApplication.run(SpringApplication.java:1354) ~[spring-boot-4.0.2.jar:4.0.2]
	at com.ddhva.ielts.IeltsApplication.main(IeltsApplication.java:16) ~[classes/:na]
	at java.base/jdk.internal.reflect.DirectMethodHandleAccessor.invoke(DirectMethodHandleAccessor.java:103) ~[na:na]
	at java.base/java.lang.reflect.Method.invoke(Method.java:580) ~[na:na]
	at org.springframework.boot.devtools.restart.RestartLauncher.run(RestartLauncher.java:52) ~[spring-boot-devtools-4.0.2.jar:4.0.2]
Caused by: org.springframework.beans.factory.UnsatisfiedDependencyException: Error creating bean with name 'vocabularyServiceImpl' defined in file [D:\DDHVA\Backend\ielts\target\classes\com\ddhva\ielts\service\impl\VocabularyServiceImpl.class]: Unsatisfied dependency expressed through constructor parameter 0: Error creating bean with name 'vocabularyRepository' defined in com.ddhva.ielts.repositories.VocabularyRepository defined in @EnableJpaRepositories declared on DataJpaRepositoriesRegistrar.EnableJpaRepositoriesConfiguration: At 4:4 and token 'AND', extraneous input 'AND' expecting <EOF>; Bad HQL grammar [    SELECT v
    FROM Vocabulary v
    WHERE LOWER(v.word) LIKE LOWER(CONCAT('%', :word, '%'))
    AND
]
	at org.springframework.beans.factory.support.ConstructorResolver.createArgumentArray(ConstructorResolver.java:804) ~[spring-beans-7.0.3.jar:7.0.3]
	at org.springframework.beans.factory.support.ConstructorResolver.autowireConstructor(ConstructorResolver.java:240) ~[spring-beans-7.0.3.jar:7.0.3]
	at org.springframework.beans.factory.support.AbstractAutowireCapableBeanFactory.autowireConstructor(AbstractAutowireCapableBeanFactory.java:1382) ~[spring-beans-7.0.3.jar:7.0.3]
	at org.springframework.beans.factory.support.AbstractAutowireCapableBeanFactory.createBeanInstance(AbstractAutowireCapableBeanFactory.java:1221) ~[spring-beans-7.0.3.jar:7.0.3]
	at org.springframework.beans.factory.support.AbstractAutowireCapableBeanFactory.doCreateBean(AbstractAutowireCapableBeanFactory.java:565) ~[spring-beans-7.0.3.jar:7.0.3]
	at org.springframework.beans.factory.support.AbstractAutowireCapableBeanFactory.createBean(AbstractAutowireCapableBeanFactory.java:525) ~[spring-beans-7.0.3.jar:7.0.3]
	at org.springframework.beans.factory.support.AbstractBeanFactory.lambda$doGetBean$0(AbstractBeanFactory.java:333) ~[spring-beans-7.0.3.jar:7.0.3]
	at org.springframework.beans.factory.support.DefaultSingletonBeanRegistry.getSingleton(DefaultSingletonBeanRegistry.java:371) ~[spring-beans-7.0.3.jar:7.0.3]
	at org.springframework.beans.factory.support.AbstractBeanFactory.doGetBean(AbstractBeanFactory.java:331) ~[spring-beans-7.0.3.jar:7.0.3]
	at org.springframework.beans.factory.support.AbstractBeanFactory.getBean(AbstractBeanFactory.java:201) ~[spring-beans-7.0.3.jar:7.0.3]
	at org.springframework.beans.factory.config.DependencyDescriptor.resolveCandidate(DependencyDescriptor.java:229) ~[spring-beans-7.0.3.jar:7.0.3]
	at org.springframework.beans.factory.support.DefaultListableBeanFactory.doResolveDependency(DefaultListableBeanFactory.java:1762) ~[spring-beans-7.0.3.jar:7.0.3]
	at org.springframework.beans.factory.support.DefaultListableBeanFactory.resolveDependency(DefaultListableBeanFactory.java:1651) ~[spring-beans-7.0.3.jar:7.0.3]
	at org.springframework.beans.factory.support.ConstructorResolver.resolveAutowiredArgument(ConstructorResolver.java:912) ~[spring-beans-7.0.3.jar:7.0.3]
	at org.springframework.beans.factory.support.ConstructorResolver.createArgumentArray(ConstructorResolver.java:791) ~[spring-beans-7.0.3.jar:7.0.3]
	... 24 common frames omitted
Caused by: org.springframework.beans.factory.BeanCreationException: Error creating bean with name 'vocabularyRepository' defined in com.ddhva.ielts.repositories.VocabularyRepository defined in @EnableJpaRepositories declared on DataJpaRepositoriesRegistrar.EnableJpaRepositoriesConfiguration: At 4:4 and token 'AND', extraneous input 'AND' expecting <EOF>; Bad HQL grammar [    SELECT v
    FROM Vocabulary v
    WHERE LOWER(v.word) LIKE LOWER(CONCAT('%', :word, '%'))
    AND
]
	at org.springframework.beans.factory.support.AbstractAutowireCapableBeanFactory.initializeBean(AbstractAutowireCapableBeanFactory.java:1817) ~[spring-beans-7.0.3.jar:7.0.3]
	at org.springframework.beans.factory.support.AbstractAutowireCapableBeanFactory.doCreateBean(AbstractAutowireCapableBeanFactory.java:603) ~[spring-beans-7.0.3.jar:7.0.3]
	at org.springframework.beans.factory.support.AbstractAutowireCapableBeanFactory.createBean(AbstractAutowireCapableBeanFactory.java:525) ~[spring-beans-7.0.3.jar:7.0.3]
	at org.springframework.beans.factory.support.AbstractBeanFactory.lambda$doGetBean$0(AbstractBeanFactory.java:333) ~[spring-beans-7.0.3.jar:7.0.3]
	at org.springframework.beans.factory.support.DefaultSingletonBeanRegistry.getSingleton(DefaultSingletonBeanRegistry.java:371) ~[spring-beans-7.0.3.jar:7.0.3]
	at org.springframework.beans.factory.support.AbstractBeanFactory.doGetBean(AbstractBeanFactory.java:331) ~[spring-beans-7.0.3.jar:7.0.3]
	at org.springframework.beans.factory.support.AbstractBeanFactory.getBean(AbstractBeanFactory.java:201) ~[spring-beans-7.0.3.jar:7.0.3]
	at org.springframework.beans.factory.support.DefaultListableBeanFactory.resolveBean(DefaultListableBeanFactory.java:1225) ~[spring-beans-7.0.3.jar:7.0.3]
	at org.springframework.beans.factory.support.DefaultListableBeanFactory.doResolveDependency(DefaultListableBeanFactory.java:1704) ~[spring-beans-7.0.3.jar:7.0.3]
	at org.springframework.beans.factory.support.DefaultListableBeanFactory.resolveDependency(DefaultListableBeanFactory.java:1651) ~[spring-beans-7.0.3.jar:7.0.3]
	at org.springframework.beans.factory.support.ConstructorResolver.resolveAutowiredArgument(ConstructorResolver.java:912) ~[spring-beans-7.0.3.jar:7.0.3]
	at org.springframework.beans.factory.support.ConstructorResolver.createArgumentArray(ConstructorResolver.java:791) ~[spring-beans-7.0.3.jar:7.0.3]
	... 38 common frames omitted
Caused by: org.springframework.data.repository.query.QueryCreationException: Cannot create query for method [VocabularyRepository.searchWord(java.lang.String,org.springframework.data.domain.Pageable)]; At 4:4 and token 'AND', extraneous input 'AND' expecting <EOF>; Bad HQL grammar [    SELECT v
    FROM Vocabulary v
    WHERE LOWER(v.word) LIKE LOWER(CONCAT('%', :word, '%'))
    AND
]
	at org.springframework.data.repository.query.QueryCreationException.create(QueryCreationException.java:139) ~[spring-data-commons-4.0.2.jar:4.0.2]
	at org.springframework.data.repository.core.support.QueryExecutorMethodInterceptor.lookupQuery(QueryExecutorMethodInterceptor.java:118) ~[spring-data-commons-4.0.2.jar:4.0.2]
	at org.springframework.data.repository.core.support.QueryExecutorMethodInterceptor.mapMethodsToQuery(QueryExecutorMethodInterceptor.java:102) ~[spring-data-commons-4.0.2.jar:4.0.2]
	at org.springframework.data.repository.core.support.QueryExecutorMethodInterceptor.<init>(QueryExecutorMethodInterceptor.java:90) ~[spring-data-commons-4.0.2.jar:4.0.2]
	at org.springframework.data.repository.core.support.RepositoryFactorySupport.getRepository(RepositoryFactorySupport.java:413) ~[spring-data-commons-4.0.2.jar:4.0.2]
	at org.springframework.data.repository.core.support.RepositoryFactoryBeanSupport.lambda$afterPropertiesSet$1(RepositoryFactoryBeanSupport.java:361) ~[spring-data-commons-4.0.2.jar:4.0.2]
	at org.springframework.data.util.Lazy.getNullable(Lazy.java:136) ~[spring-data-commons-4.0.2.jar:4.0.2]
	at org.springframework.data.util.Lazy.get(Lazy.java:114) ~[spring-data-commons-4.0.2.jar:4.0.2]
	at org.springframework.data.repository.core.support.RepositoryFactoryBeanSupport.afterPropertiesSet(RepositoryFactoryBeanSupport.java:370) ~[spring-data-commons-4.0.2.jar:4.0.2]
	at org.springframework.data.jpa.repository.support.JpaRepositoryFactoryBean.afterPropertiesSet(JpaRepositoryFactoryBean.java:212) ~[spring-data-jpa-4.0.2.jar:4.0.2]
	at org.springframework.beans.factory.support.AbstractAutowireCapableBeanFactory.invokeInitMethods(AbstractAutowireCapableBeanFactory.java:1864) ~[spring-beans-7.0.3.jar:7.0.3]
	at org.springframework.beans.factory.support.AbstractAutowireCapableBeanFactory.initializeBean(AbstractAutowireCapableBeanFactory.java:1813) ~[spring-beans-7.0.3.jar:7.0.3]
	... 49 common frames omitted
Caused by: org.springframework.data.jpa.repository.query.BadJpqlGrammarException: At 4:4 and token 'AND', extraneous input 'AND' expecting <EOF>; Bad HQL grammar [    SELECT v
    FROM Vocabulary v
    WHERE LOWER(v.word) LIKE LOWER(CONCAT('%', :word, '%'))
    AND
]
	at org.springframework.data.jpa.repository.query.BadJpqlGrammarErrorListener.syntaxError(BadJpqlGrammarErrorListener.java:53) ~[spring-data-jpa-4.0.2.jar:4.0.2]
	at org.antlr.v4.runtime.ProxyErrorListener.syntaxError(ProxyErrorListener.java:41) ~[antlr4-runtime-4.13.2.jar:4.13.2]
	at org.antlr.v4.runtime.Parser.notifyErrorListeners(Parser.java:544) ~[antlr4-runtime-4.13.2.jar:4.13.2]
	at org.antlr.v4.runtime.DefaultErrorStrategy.reportUnwantedToken(DefaultErrorStrategy.java:377) ~[antlr4-runtime-4.13.2.jar:4.13.2]
	at org.antlr.v4.runtime.DefaultErrorStrategy.singleTokenDeletion(DefaultErrorStrategy.java:548) ~[antlr4-runtime-4.13.2.jar:4.13.2]
	at org.antlr.v4.runtime.DefaultErrorStrategy.recoverInline(DefaultErrorStrategy.java:467) ~[antlr4-runtime-4.13.2.jar:4.13.2]
	at org.antlr.v4.runtime.Parser.match(Parser.java:208) ~[antlr4-runtime-4.13.2.jar:4.13.2]
	at org.springframework.data.jpa.repository.query.HqlParser.start(HqlParser.java:388) ~[spring-data-jpa-4.0.2.jar:4.0.2]
	at org.springframework.data.jpa.repository.query.JpaQueryEnhancer.parse(JpaQueryEnhancer.java:102) ~[spring-data-jpa-4.0.2.jar:4.0.2]
	at org.springframework.data.jpa.repository.query.JpaQueryEnhancer$HqlQueryParser.<init>(JpaQueryEnhancer.java:286) ~[spring-data-jpa-4.0.2.jar:4.0.2]
	at org.springframework.data.jpa.repository.query.JpaQueryEnhancer$HqlQueryParser.parseQuery(JpaQueryEnhancer.java:298) ~[spring-data-jpa-4.0.2.jar:4.0.2]
	at org.springframework.data.jpa.repository.query.JpaQueryEnhancer.forHql(JpaQueryEnhancer.java:159) ~[spring-data-jpa-4.0.2.jar:4.0.2]
	at org.springframework.data.jpa.repository.query.QueryEnhancerFactories$BuiltinQueryEnhancerFactories$3.create(QueryEnhancerFactories.java:91) ~[spring-data-jpa-4.0.2.jar:4.0.2]
	at org.springframework.data.jpa.repository.query.DefaultEntityQuery.<init>(DefaultEntityQuery.java:50) ~[spring-data-jpa-4.0.2.jar:4.0.2]
	at org.springframework.data.jpa.repository.query.EntityQuery.create(EntityQuery.java:47) ~[spring-data-jpa-4.0.2.jar:4.0.2]
	at org.springframework.data.jpa.repository.query.TemplatedQuery.create(TemplatedQuery.java:91) ~[spring-data-jpa-4.0.2.jar:4.0.2]
	at org.springframework.data.jpa.repository.query.AbstractStringBasedJpaQuery.<init>(AbstractStringBasedJpaQuery.java:101) ~[spring-data-jpa-4.0.2.jar:4.0.2]
	at org.springframework.data.jpa.repository.query.SimpleJpaQuery.<init>(SimpleJpaQuery.java:50) ~[spring-data-jpa-4.0.2.jar:4.0.2]
	at org.springframework.data.jpa.repository.query.JpaQueryLookupStrategy$DeclaredQueryLookupStrategy.createStringQuery(JpaQueryLookupStrategy.java:228) ~[spring-data-jpa-4.0.2.jar:4.0.2]
	at org.springframework.data.jpa.repository.query.JpaQueryLookupStrategy$DeclaredQueryLookupStrategy.resolveQuery(JpaQueryLookupStrategy.java:160) ~[spring-data-jpa-4.0.2.jar:4.0.2]
	at org.springframework.data.jpa.repository.query.JpaQueryLookupStrategy$CreateIfNotFoundQueryLookupStrategy.resolveQuery(JpaQueryLookupStrategy.java:285) ~[spring-data-jpa-4.0.2.jar:4.0.2]
	at org.springframework.data.jpa.repository.query.JpaQueryLookupStrategy$AbstractQueryLookupStrategy.resolveQuery(JpaQueryLookupStrategy.java:93) ~[spring-data-jpa-4.0.2.jar:4.0.2]
	at org.springframework.data.repository.core.support.QueryExecutorMethodInterceptor.lookupQuery(QueryExecutorMethodInterceptor.java:114) ~[spring-data-commons-4.0.2.jar:4.0.2]
	... 59 common frames omitted

2026-03-08T10:14:59.945+07:00  INFO 22380 --- [ielts] [restartedMain] com.ddhva.ielts.IeltsApplication         : Starting IeltsApplication using Java 22.0.2 with PID 22380 (D:\DDHVA\Backend\ielts\target\classes started by Admin in D:\DDHVA\Backend\ielts)
2026-03-08T10:14:59.947+07:00 DEBUG 22380 --- [ielts] [restartedMain] com.ddhva.ielts.IeltsApplication         : Running with Spring Boot v4.0.2, Spring v7.0.3
2026-03-08T10:14:59.947+07:00  INFO 22380 --- [ielts] [restartedMain] com.ddhva.ielts.IeltsApplication         : No active profile set, falling back to 1 default profile: "default"
2026-03-08T10:15:01.009+07:00  INFO 22380 --- [ielts] [restartedMain] o.apache.catalina.core.StandardService   : Starting service [Tomcat]
2026-03-08T10:15:01.010+07:00  INFO 22380 --- [ielts] [restartedMain] o.apache.catalina.core.StandardEngine    : Starting Servlet engine: [Apache Tomcat/11.0.15]
2026-03-08T10:15:01.107+07:00 DEBUG 22380 --- [ielts] [restartedMain] com.ddhva.ielts.util.JWTFilter           : Filter 'JWTFilter' configured for use
2026-03-08T10:15:01.171+07:00  INFO 22380 --- [ielts] [restartedMain] org.hibernate.orm.jpa                    : HHH008540: Processing PersistenceUnitInfo [name: default]
2026-03-08T10:15:01.199+07:00  INFO 22380 --- [ielts] [restartedMain] org.hibernate.orm.core                   : HHH000001: Hibernate ORM core version 7.2.1.Final
2026-03-08T10:15:01.463+07:00  INFO 22380 --- [ielts] [restartedMain] com.zaxxer.hikari.HikariDataSource       : HikariPool-1 - Starting...
2026-03-08T10:15:01.647+07:00  INFO 22380 --- [ielts] [restartedMain] com.zaxxer.hikari.pool.HikariPool        : HikariPool-1 - Added connection com.mysql.cj.jdbc.ConnectionImpl@26e381b2
2026-03-08T10:15:01.648+07:00  INFO 22380 --- [ielts] [restartedMain] com.zaxxer.hikari.HikariDataSource       : HikariPool-1 - Start completed.
2026-03-08T10:15:01.684+07:00  WARN 22380 --- [ielts] [restartedMain] org.hibernate.orm.deprecation            : HHH90000025: MySQLDialect does not need to be specified explicitly using 'hibernate.dialect' (remove the property setting and it will be selected by default)
2026-03-08T10:15:01.696+07:00  INFO 22380 --- [ielts] [restartedMain] org.hibernate.orm.connections.pooling    : HHH10001005: Database info:
	Database JDBC URL [jdbc:mysql://localhost:3306/db_ielts]
	Database driver: MySQL Connector/J
	Database dialect: MySQLDialect
	Database version: 8.0.37
	Default catalog/schema: db_ielts/undefined
	Autocommit mode: undefined/unknown
	Isolation level: REPEATABLE_READ [default REPEATABLE_READ]
	JDBC fetch size: none
	Pool: DataSourceConnectionProvider
	Minimum pool size: undefined/unknown
	Maximum pool size: undefined/unknown
2026-03-08T10:15:02.513+07:00  INFO 22380 --- [ielts] [restartedMain] org.hibernate.orm.core                   : HHH000489: No JTA platform available (set 'hibernate.transaction.jta.platform' to enable JTA platform integration)
2026-03-08T10:15:03.239+07:00  WARN 22380 --- [ielts] [restartedMain] JpaBaseConfiguration$JpaWebConfiguration : spring.jpa.open-in-view is enabled by default. Therefore, database queries may be performed during view rendering. Explicitly configure spring.jpa.open-in-view to disable this warning
2026-03-08T10:15:03.827+07:00  INFO 22380 --- [ielts] [restartedMain] com.ddhva.ielts.IeltsApplication         : Started IeltsApplication in 4.225 seconds (process running for 4.674)
2026-03-08T10:15:04.430+07:00  INFO 22380 --- [ielts] [RMI TCP Connection(3)-192.168.1.3] o.a.c.c.C.[Tomcat].[localhost].[/]       : Initializing Spring DispatcherServlet 'dispatcherServlet'
2026-03-08T10:15:46.020+07:00  INFO 22380 --- [ielts] [Thread-1] com.zaxxer.hikari.HikariDataSource       : HikariPool-1 - Shutdown initiated...
2026-03-08T10:15:46.026+07:00  INFO 22380 --- [ielts] [Thread-1] com.zaxxer.hikari.HikariDataSource       : HikariPool-1 - Shutdown completed.
2026-03-08T10:15:46.114+07:00  INFO 22380 --- [ielts] [restartedMain] com.ddhva.ielts.IeltsApplication         : Starting IeltsApplication using Java 22.0.2 with PID 22380 (D:\DDHVA\Backend\ielts\target\classes started by Admin in D:\DDHVA\Backend\ielts)
2026-03-08T10:15:46.114+07:00 DEBUG 22380 --- [ielts] [restartedMain] com.ddhva.ielts.IeltsApplication         : Running with Spring Boot v4.0.2, Spring v7.0.3
2026-03-08T10:15:46.114+07:00  INFO 22380 --- [ielts] [restartedMain] com.ddhva.ielts.IeltsApplication         : No active profile set, falling back to 1 default profile: "default"
2026-03-08T10:15:46.397+07:00  WARN 22380 --- [ielts] [restartedMain] ConfigServletWebServerApplicationContext : Exception encountered during context initialization - cancelling refresh attempt: java.lang.TypeNotPresentException: Type com.ddhva.ielts.model.Vocabulary not present
2026-03-08T10:15:46.418+07:00 ERROR 22380 --- [ielts] [restartedMain] o.s.boot.SpringApplication               : Application run failed

java.lang.TypeNotPresentException: Type com.ddhva.ielts.model.Vocabulary not present
	at java.base/sun.reflect.generics.factory.CoreReflectionFactory.makeNamedType(CoreReflectionFactory.java:116) ~[na:na]
	at java.base/sun.reflect.generics.visitor.Reifier.visitClassTypeSignature(Reifier.java:125) ~[na:na]
	at java.base/sun.reflect.generics.tree.ClassTypeSignature.accept(ClassTypeSignature.java:49) ~[na:na]
	at java.base/sun.reflect.generics.visitor.Reifier.reifyTypeArguments(Reifier.java:68) ~[na:na]
	at java.base/sun.reflect.generics.visitor.Reifier.visitClassTypeSignature(Reifier.java:138) ~[na:na]
	at java.base/sun.reflect.generics.tree.ClassTypeSignature.accept(ClassTypeSignature.java:49) ~[na:na]
	at java.base/sun.reflect.generics.repository.ClassRepository.computeSuperInterfaces(ClassRepository.java:117) ~[na:na]
	at java.base/sun.reflect.generics.repository.ClassRepository.getSuperInterfaces(ClassRepository.java:95) ~[na:na]
	at java.base/java.lang.Class.getGenericInterfaces(Class.java:1336) ~[na:na]
	at org.springframework.core.ResolvableType.getInterfaces(ResolvableType.java:544) ~[spring-core-7.0.3.jar:7.0.3]
	at org.springframework.core.ResolvableType.as(ResolvableType.java:492) ~[spring-core-7.0.3.jar:7.0.3]
	at org.springframework.data.core.TypeDiscoverer.getSuperTypeInformation(TypeDiscoverer.java:264) ~[spring-data-commons-4.0.2.jar:4.0.2]
	at org.springframework.data.core.TypeInformation.getRequiredSuperTypeInformation(TypeInformation.java:328) ~[spring-data-commons-4.0.2.jar:4.0.2]
	at org.springframework.data.repository.core.support.DefaultRepositoryMetadata.<init>(DefaultRepositoryMetadata.java:55) ~[spring-data-commons-4.0.2.jar:4.0.2]
	at org.springframework.data.repository.core.support.AbstractRepositoryMetadata.getMetadata(AbstractRepositoryMetadata.java:79) ~[spring-data-commons-4.0.2.jar:4.0.2]
	at org.springframework.data.repository.config.RepositoryConfigurationExtensionSupport.getRepositoryConfigurations(RepositoryConfigurationExtensionSupport.java:93) ~[spring-data-commons-4.0.2.jar:4.0.2]
	at org.springframework.data.repository.config.RepositoryConfigurationDelegate.registerRepositoriesIn(RepositoryConfigurationDelegate.java:170) ~[spring-data-commons-4.0.2.jar:4.0.2]
	at org.springframework.boot.autoconfigure.data.AbstractRepositoryConfigurationSourceSupport.registerBeanDefinitions(AbstractRepositoryConfigurationSourceSupport.java:67) ~[spring-boot-autoconfigure-4.0.2.jar:4.0.2]
	at org.springframework.context.annotation.ConfigurationClassBeanDefinitionReader.lambda$loadBeanDefinitionsFromImportBeanDefinitionRegistrars$0(ConfigurationClassBeanDefinitionReader.java:422) ~[spring-context-7.0.3.jar:7.0.3]
	at java.base/java.util.LinkedHashMap.forEach(LinkedHashMap.java:986) ~[na:na]
	at org.springframework.context.annotation.ConfigurationClassBeanDefinitionReader.loadBeanDefinitionsFromImportBeanDefinitionRegistrars(ConfigurationClassBeanDefinitionReader.java:421) ~[spring-context-7.0.3.jar:7.0.3]
	at org.springframework.context.annotation.ConfigurationClassBeanDefinitionReader.loadBeanDefinitionsForConfigurationClass(ConfigurationClassBeanDefinitionReader.java:152) ~[spring-context-7.0.3.jar:7.0.3]
	at org.springframework.context.annotation.ConfigurationClassBeanDefinitionReader.loadBeanDefinitions(ConfigurationClassBeanDefinitionReader.java:124) ~[spring-context-7.0.3.jar:7.0.3]
	at org.springframework.context.annotation.ConfigurationClassPostProcessor.processConfigBeanDefinitions(ConfigurationClassPostProcessor.java:458) ~[spring-context-7.0.3.jar:7.0.3]
	at org.springframework.context.annotation.ConfigurationClassPostProcessor.postProcessBeanDefinitionRegistry(ConfigurationClassPostProcessor.java:310) ~[spring-context-7.0.3.jar:7.0.3]
	at org.springframework.context.support.PostProcessorRegistrationDelegate.invokeBeanDefinitionRegistryPostProcessors(PostProcessorRegistrationDelegate.java:349) ~[spring-context-7.0.3.jar:7.0.3]
	at org.springframework.context.support.PostProcessorRegistrationDelegate.invokeBeanFactoryPostProcessors(PostProcessorRegistrationDelegate.java:118) ~[spring-context-7.0.3.jar:7.0.3]
	at org.springframework.context.support.AbstractApplicationContext.invokeBeanFactoryPostProcessors(AbstractApplicationContext.java:794) ~[spring-context-7.0.3.jar:7.0.3]
	at org.springframework.context.support.AbstractApplicationContext.refresh(AbstractApplicationContext.java:602) ~[spring-context-7.0.3.jar:7.0.3]
	at org.springframework.boot.web.server.servlet.context.ServletWebServerApplicationContext.refresh(ServletWebServerApplicationContext.java:143) ~[spring-boot-web-server-4.0.2.jar:4.0.2]
	at org.springframework.boot.SpringApplication.refresh(SpringApplication.java:756) ~[spring-boot-4.0.2.jar:4.0.2]
	at org.springframework.boot.SpringApplication.refreshContext(SpringApplication.java:445) ~[spring-boot-4.0.2.jar:4.0.2]
	at org.springframework.boot.SpringApplication.run(SpringApplication.java:321) ~[spring-boot-4.0.2.jar:4.0.2]
	at org.springframework.boot.SpringApplication.run(SpringApplication.java:1365) ~[spring-boot-4.0.2.jar:4.0.2]
	at org.springframework.boot.SpringApplication.run(SpringApplication.java:1354) ~[spring-boot-4.0.2.jar:4.0.2]
	at com.ddhva.ielts.IeltsApplication.main(IeltsApplication.java:16) ~[classes/:na]
	at java.base/jdk.internal.reflect.DirectMethodHandleAccessor.invoke(DirectMethodHandleAccessor.java:103) ~[na:na]
	at java.base/java.lang.reflect.Method.invoke(Method.java:580) ~[na:na]
	at org.springframework.boot.devtools.restart.RestartLauncher.run(RestartLauncher.java:52) ~[spring-boot-devtools-4.0.2.jar:4.0.2]
Caused by: java.lang.ClassNotFoundException: com.ddhva.ielts.model.Vocabulary
	at java.base/jdk.internal.loader.BuiltinClassLoader.loadClass(BuiltinClassLoader.java:641) ~[na:na]
	at java.base/jdk.internal.loader.ClassLoaders$AppClassLoader.loadClass(ClassLoaders.java:188) ~[na:na]
	at java.base/java.lang.ClassLoader.loadClass(ClassLoader.java:525) ~[na:na]
	at java.base/java.lang.Class.forName0(Native Method) ~[na:na]
	at java.base/java.lang.Class.forName(Class.java:529) ~[na:na]
	at java.base/java.lang.Class.forName(Class.java:508) ~[na:na]
	at org.springframework.boot.devtools.restart.classloader.RestartClassLoader.loadClass(RestartClassLoader.java:123) ~[spring-boot-devtools-4.0.2.jar:4.0.2]
	at java.base/java.lang.ClassLoader.loadClass(ClassLoader.java:525) ~[na:na]
	at java.base/java.lang.Class.forName0(Native Method) ~[na:na]
	at java.base/java.lang.Class.forName(Class.java:529) ~[na:na]
	at java.base/java.lang.Class.forName(Class.java:508) ~[na:na]
	at java.base/sun.reflect.generics.factory.CoreReflectionFactory.makeNamedType(CoreReflectionFactory.java:113) ~[na:na]
	... 38 common frames omitted

2026-03-08T10:16:16.425+07:00  INFO 22380 --- [ielts] [restartedMain] com.ddhva.ielts.IeltsApplication         : Starting IeltsApplication using Java 22.0.2 with PID 22380 (D:\DDHVA\Backend\ielts\target\classes started by Admin in D:\DDHVA\Backend\ielts)
2026-03-08T10:16:16.425+07:00 DEBUG 22380 --- [ielts] [restartedMain] com.ddhva.ielts.IeltsApplication         : Running with Spring Boot v4.0.2, Spring v7.0.3
2026-03-08T10:16:16.426+07:00  INFO 22380 --- [ielts] [restartedMain] com.ddhva.ielts.IeltsApplication         : No active profile set, falling back to 1 default profile: "default"
2026-03-08T10:16:16.819+07:00  INFO 22380 --- [ielts] [restartedMain] o.apache.catalina.core.StandardService   : Starting service [Tomcat]
2026-03-08T10:16:16.820+07:00  INFO 22380 --- [ielts] [restartedMain] o.apache.catalina.core.StandardEngine    : Starting Servlet engine: [Apache Tomcat/11.0.15]
2026-03-08T10:16:16.875+07:00 DEBUG 22380 --- [ielts] [restartedMain] com.ddhva.ielts.util.JWTFilter           : Filter 'JWTFilter' configured for use
2026-03-08T10:16:16.929+07:00  INFO 22380 --- [ielts] [restartedMain] org.hibernate.orm.jpa                    : HHH008540: Processing PersistenceUnitInfo [name: default]
2026-03-08T10:16:16.953+07:00  INFO 22380 --- [ielts] [restartedMain] com.zaxxer.hikari.HikariDataSource       : HikariPool-2 - Starting...
2026-03-08T10:16:16.964+07:00  INFO 22380 --- [ielts] [restartedMain] com.zaxxer.hikari.pool.HikariPool        : HikariPool-2 - Added connection com.mysql.cj.jdbc.ConnectionImpl@f023e0a
2026-03-08T10:16:16.966+07:00  INFO 22380 --- [ielts] [restartedMain] com.zaxxer.hikari.HikariDataSource       : HikariPool-2 - Start completed.
2026-03-08T10:16:16.967+07:00  WARN 22380 --- [ielts] [restartedMain] org.hibernate.orm.deprecation            : HHH90000025: MySQLDialect does not need to be specified explicitly using 'hibernate.dialect' (remove the property setting and it will be selected by default)
2026-03-08T10:16:16.968+07:00  INFO 22380 --- [ielts] [restartedMain] org.hibernate.orm.connections.pooling    : HHH10001005: Database info:
	Database JDBC URL [jdbc:mysql://localhost:3306/db_ielts]
	Database driver: MySQL Connector/J
	Database dialect: MySQLDialect
	Database version: 8.0.37
	Default catalog/schema: db_ielts/undefined
	Autocommit mode: undefined/unknown
	Isolation level: REPEATABLE_READ [default REPEATABLE_READ]
	JDBC fetch size: none
	Pool: DataSourceConnectionProvider
	Minimum pool size: undefined/unknown
	Maximum pool size: undefined/unknown
2026-03-08T10:16:17.172+07:00  INFO 22380 --- [ielts] [restartedMain] org.hibernate.orm.core                   : HHH000489: No JTA platform available (set 'hibernate.transaction.jta.platform' to enable JTA platform integration)
2026-03-08T10:16:17.367+07:00  WARN 22380 --- [ielts] [restartedMain] JpaBaseConfiguration$JpaWebConfiguration : spring.jpa.open-in-view is enabled by default. Therefore, database queries may be performed during view rendering. Explicitly configure spring.jpa.open-in-view to disable this warning
2026-03-08T10:16:17.862+07:00  INFO 22380 --- [ielts] [restartedMain] com.ddhva.ielts.IeltsApplication         : Started IeltsApplication in 1.467 seconds (process running for 78.709)
2026-03-08T10:17:02.035+07:00  INFO 22380 --- [ielts] [Thread-5] com.zaxxer.hikari.HikariDataSource       : HikariPool-2 - Shutdown initiated...
2026-03-08T10:17:02.037+07:00  INFO 22380 --- [ielts] [Thread-5] com.zaxxer.hikari.HikariDataSource       : HikariPool-2 - Shutdown completed.
2026-03-08T10:17:02.085+07:00  INFO 22380 --- [ielts] [restartedMain] com.ddhva.ielts.IeltsApplication         : Starting IeltsApplication using Java 22.0.2 with PID 22380 (D:\DDHVA\Backend\ielts\target\classes started by Admin in D:\DDHVA\Backend\ielts)
2026-03-08T10:17:02.085+07:00 DEBUG 22380 --- [ielts] [restartedMain] com.ddhva.ielts.IeltsApplication         : Running with Spring Boot v4.0.2, Spring v7.0.3
2026-03-08T10:17:02.086+07:00  INFO 22380 --- [ielts] [restartedMain] com.ddhva.ielts.IeltsApplication         : No active profile set, falling back to 1 default profile: "default"
2026-03-08T10:17:02.306+07:00  INFO 22380 --- [ielts] [restartedMain] o.apache.catalina.core.StandardService   : Starting service [Tomcat]
2026-03-08T10:17:02.307+07:00  INFO 22380 --- [ielts] [restartedMain] o.apache.catalina.core.StandardEngine    : Starting Servlet engine: [Apache Tomcat/11.0.15]
2026-03-08T10:17:02.339+07:00 DEBUG 22380 --- [ielts] [restartedMain] com.ddhva.ielts.util.JWTFilter           : Filter 'JWTFilter' configured for use
2026-03-08T10:17:02.360+07:00  INFO 22380 --- [ielts] [restartedMain] org.hibernate.orm.jpa                    : HHH008540: Processing PersistenceUnitInfo [name: default]
2026-03-08T10:17:02.371+07:00  INFO 22380 --- [ielts] [restartedMain] com.zaxxer.hikari.HikariDataSource       : HikariPool-3 - Starting...
2026-03-08T10:17:02.380+07:00  INFO 22380 --- [ielts] [restartedMain] com.zaxxer.hikari.pool.HikariPool        : HikariPool-3 - Added connection com.mysql.cj.jdbc.ConnectionImpl@15c29d
2026-03-08T10:17:02.380+07:00  INFO 22380 --- [ielts] [restartedMain] com.zaxxer.hikari.HikariDataSource       : HikariPool-3 - Start completed.
2026-03-08T10:17:02.381+07:00  WARN 22380 --- [ielts] [restartedMain] org.hibernate.orm.deprecation            : HHH90000025: MySQLDialect does not need to be specified explicitly using 'hibernate.dialect' (remove the property setting and it will be selected by default)
2026-03-08T10:17:02.382+07:00  INFO 22380 --- [ielts] [restartedMain] org.hibernate.orm.connections.pooling    : HHH10001005: Database info:
	Database JDBC URL [jdbc:mysql://localhost:3306/db_ielts]
	Database driver: MySQL Connector/J
	Database dialect: MySQLDialect
	Database version: 8.0.37
	Default catalog/schema: db_ielts/undefined
	Autocommit mode: undefined/unknown
	Isolation level: REPEATABLE_READ [default REPEATABLE_READ]
	JDBC fetch size: none
	Pool: DataSourceConnectionProvider
	Minimum pool size: undefined/unknown
	Maximum pool size: undefined/unknown
2026-03-08T10:17:02.489+07:00  INFO 22380 --- [ielts] [restartedMain] org.hibernate.orm.core                   : HHH000489: No JTA platform available (set 'hibernate.transaction.jta.platform' to enable JTA platform integration)
2026-03-08T10:17:02.614+07:00  WARN 22380 --- [ielts] [restartedMain] ConfigServletWebServerApplicationContext : Exception encountered during context initialization - cancelling refresh attempt: org.springframework.beans.factory.UnsatisfiedDependencyException: Error creating bean with name 'vocabularyController' defined in file [D:\DDHVA\Backend\ielts\target\classes\com\ddhva\ielts\controller\VocabularyController.class]: Unsatisfied dependency expressed through constructor parameter 0: Error creating bean with name 'vocabularyServiceImpl' defined in file [D:\DDHVA\Backend\ielts\target\classes\com\ddhva\ielts\service\impl\VocabularyServiceImpl.class]: Unsatisfied dependency expressed through constructor parameter 0: Error creating bean with name 'vocabularyRepository' defined in com.ddhva.ielts.repositories.VocabularyRepository defined in @EnableJpaRepositories declared on DataJpaRepositoriesRegistrar.EnableJpaRepositoriesConfiguration: At 4:0 and token '<EOF>', mismatched input '<EOF>', expecting one of the following tokens: '(', '[', ':', '{', '?', ID, VERSION, VERSIONED, NATURALID, FK, ABSENT, ALL, AND, ANY, ARRAY, AS, ASC, AVG, BETWEEN, BOTH, BREADTH, BY, CASE, CAST, COLLATE, COLUMN, COLUMNS, CONDITIONAL, CONFLICT, CONSTRAINT, CONTAINS, COUNT, CROSS, CUBE, CURRENT, CURRENT_DATE, CURRENT_INSTANT, CURRENT_TIME, CURRENT_TIMESTAMP, CYCLE, DATE, DATETIME, DAY, DEFAULT, DELETE, DEPTH, DESC, DISTINCT, DO, ELEMENT, ELEMENTS, ELSE, EMPTY, END, ENTRY, EPOCH, ERROR, ESCAPE, EVERY, EXCEPT, EXCLUDE, EXISTS, EXTRACT, FETCH, FILTER, FIRST, FOLLOWING, FOR, FORMAT, FROM, FULL, FUNCTION, GROUP, GROUPS, HAVING, HOUR, IGNORE, ILIKE, IN, INCLUDES, INDEX, INDICES, INNER, INSERT, INSTANT, INTERSECT, INTERSECTS, INTO, IS, JOIN, JSON, JSON_ARRAY, JSON_ARRAYAGG, JSON_EXISTS, JSON_OBJECT, JSON_OBJECTAGG, JSON_QUERY, JSON_TABLE, JSON_VALUE, KEY, KEYS, LAST, LATERAL, LEADING, LEFT, LIKE, LIMIT, LIST, LISTAGG, LOCAL, LOCAL_DATE, LOCAL_DATETIME, LOCAL_TIME, MAP, MATERIALIZED, MAX, MAXELEMENT, MAXINDEX, MEMBER, MICROSECOND, MILLISECOND, MIN, MINELEMENT, MININDEX, MINUTE, MONTH, NAME, NANOSECOND, NEW, NESTED, NEXT, NO, NOT, NOTHING, NULLS, OBJECT, OF, OFFSET, OFFSET_DATETIME, ON, ONLY, OR, ORDER, ORDINALITY, OTHERS, OUTER, OVER, OVERFLOW, OVERLAY, PAD, PATH, PARTITION, PASSING, PERCENT, PLACING, POSITION, PRECEDING, QUARTER, RANGE, RESPECT, RETURNING, RIGHT, ROLLUP, ROW, ROWS, SEARCH, SECOND, SELECT, SET, SIZE, SOME, SUBSTRING, SUM, THEN, TIES, TIME, TIMESTAMP, TIMEZONE_HOUR, TIMEZONE_MINUTE, TO, TRAILING, TREAT, TRIM, TRUNC, TRUNCATE, TYPE, UNBOUNDED, UNCONDITIONAL, UNION, UNIQUE, UPDATE, USING, VALUE, VALUES, WEEK, WHEN, WHERE, WITH, WITHIN, WITHOUT, WRAPPER, XML, XMLAGG, XMLATTRIBUTES, XMLELEMENT, XMLEXISTS, XMLFOREST, XMLPI, XMLQUERY, XMLTABLE, YEAR, ZONED, NULL, TRUE, FALSE, STRING_LITERAL, JAVA_STRING_LITERAL, INTEGER_LITERAL, LONG_LITERAL, FLOAT_LITERAL, DOUBLE_LITERAL, BIG_INTEGER_LITERAL, BIG_DECIMAL_LITERAL, HEX_LITERAL, BINARY_LITERAL, '{ts', '{d', '{t', '+', '-', IDENTIFIER, QUOTED_IDENTIFIER; Bad HQL grammar [    SELECT v
    FROM Vocabulary v
    WHERE
]
2026-03-08T10:17:02.614+07:00  INFO 22380 --- [ielts] [restartedMain] com.zaxxer.hikari.HikariDataSource       : HikariPool-3 - Shutdown initiated...
2026-03-08T10:17:02.638+07:00  INFO 22380 --- [ielts] [restartedMain] com.zaxxer.hikari.HikariDataSource       : HikariPool-3 - Shutdown completed.
2026-03-08T10:17:02.638+07:00  INFO 22380 --- [ielts] [restartedMain] o.apache.catalina.core.StandardService   : Stopping service [Tomcat]
2026-03-08T10:17:02.641+07:00 ERROR 22380 --- [ielts] [restartedMain] o.s.boot.SpringApplication               : Application run failed

org.springframework.beans.factory.UnsatisfiedDependencyException: Error creating bean with name 'vocabularyController' defined in file [D:\DDHVA\Backend\ielts\target\classes\com\ddhva\ielts\controller\VocabularyController.class]: Unsatisfied dependency expressed through constructor parameter 0: Error creating bean with name 'vocabularyServiceImpl' defined in file [D:\DDHVA\Backend\ielts\target\classes\com\ddhva\ielts\service\impl\VocabularyServiceImpl.class]: Unsatisfied dependency expressed through constructor parameter 0: Error creating bean with name 'vocabularyRepository' defined in com.ddhva.ielts.repositories.VocabularyRepository defined in @EnableJpaRepositories declared on DataJpaRepositoriesRegistrar.EnableJpaRepositoriesConfiguration: At 4:0 and token '<EOF>', mismatched input '<EOF>', expecting one of the following tokens: '(', '[', ':', '{', '?', ID, VERSION, VERSIONED, NATURALID, FK, ABSENT, ALL, AND, ANY, ARRAY, AS, ASC, AVG, BETWEEN, BOTH, BREADTH, BY, CASE, CAST, COLLATE, COLUMN, COLUMNS, CONDITIONAL, CONFLICT, CONSTRAINT, CONTAINS, COUNT, CROSS, CUBE, CURRENT, CURRENT_DATE, CURRENT_INSTANT, CURRENT_TIME, CURRENT_TIMESTAMP, CYCLE, DATE, DATETIME, DAY, DEFAULT, DELETE, DEPTH, DESC, DISTINCT, DO, ELEMENT, ELEMENTS, ELSE, EMPTY, END, ENTRY, EPOCH, ERROR, ESCAPE, EVERY, EXCEPT, EXCLUDE, EXISTS, EXTRACT, FETCH, FILTER, FIRST, FOLLOWING, FOR, FORMAT, FROM, FULL, FUNCTION, GROUP, GROUPS, HAVING, HOUR, IGNORE, ILIKE, IN, INCLUDES, INDEX, INDICES, INNER, INSERT, INSTANT, INTERSECT, INTERSECTS, INTO, IS, JOIN, JSON, JSON_ARRAY, JSON_ARRAYAGG, JSON_EXISTS, JSON_OBJECT, JSON_OBJECTAGG, JSON_QUERY, JSON_TABLE, JSON_VALUE, KEY, KEYS, LAST, LATERAL, LEADING, LEFT, LIKE, LIMIT, LIST, LISTAGG, LOCAL, LOCAL_DATE, LOCAL_DATETIME, LOCAL_TIME, MAP, MATERIALIZED, MAX, MAXELEMENT, MAXINDEX, MEMBER, MICROSECOND, MILLISECOND, MIN, MINELEMENT, MININDEX, MINUTE, MONTH, NAME, NANOSECOND, NEW, NESTED, NEXT, NO, NOT, NOTHING, NULLS, OBJECT, OF, OFFSET, OFFSET_DATETIME, ON, ONLY, OR, ORDER, ORDINALITY, OTHERS, OUTER, OVER, OVERFLOW, OVERLAY, PAD, PATH, PARTITION, PASSING, PERCENT, PLACING, POSITION, PRECEDING, QUARTER, RANGE, RESPECT, RETURNING, RIGHT, ROLLUP, ROW, ROWS, SEARCH, SECOND, SELECT, SET, SIZE, SOME, SUBSTRING, SUM, THEN, TIES, TIME, TIMESTAMP, TIMEZONE_HOUR, TIMEZONE_MINUTE, TO, TRAILING, TREAT, TRIM, TRUNC, TRUNCATE, TYPE, UNBOUNDED, UNCONDITIONAL, UNION, UNIQUE, UPDATE, USING, VALUE, VALUES, WEEK, WHEN, WHERE, WITH, WITHIN, WITHOUT, WRAPPER, XML, XMLAGG, XMLATTRIBUTES, XMLELEMENT, XMLEXISTS, XMLFOREST, XMLPI, XMLQUERY, XMLTABLE, YEAR, ZONED, NULL, TRUE, FALSE, STRING_LITERAL, JAVA_STRING_LITERAL, INTEGER_LITERAL, LONG_LITERAL, FLOAT_LITERAL, DOUBLE_LITERAL, BIG_INTEGER_LITERAL, BIG_DECIMAL_LITERAL, HEX_LITERAL, BINARY_LITERAL, '{ts', '{d', '{t', '+', '-', IDENTIFIER, QUOTED_IDENTIFIER; Bad HQL grammar [    SELECT v
    FROM Vocabulary v
    WHERE
]
	at org.springframework.beans.factory.support.ConstructorResolver.createArgumentArray(ConstructorResolver.java:804) ~[spring-beans-7.0.3.jar:7.0.3]
	at org.springframework.beans.factory.support.ConstructorResolver.autowireConstructor(ConstructorResolver.java:240) ~[spring-beans-7.0.3.jar:7.0.3]
	at org.springframework.beans.factory.support.AbstractAutowireCapableBeanFactory.autowireConstructor(AbstractAutowireCapableBeanFactory.java:1382) ~[spring-beans-7.0.3.jar:7.0.3]
	at org.springframework.beans.factory.support.AbstractAutowireCapableBeanFactory.createBeanInstance(AbstractAutowireCapableBeanFactory.java:1221) ~[spring-beans-7.0.3.jar:7.0.3]
	at org.springframework.beans.factory.support.AbstractAutowireCapableBeanFactory.doCreateBean(AbstractAutowireCapableBeanFactory.java:565) ~[spring-beans-7.0.3.jar:7.0.3]
	at org.springframework.beans.factory.support.AbstractAutowireCapableBeanFactory.createBean(AbstractAutowireCapableBeanFactory.java:525) ~[spring-beans-7.0.3.jar:7.0.3]
	at org.springframework.beans.factory.support.AbstractBeanFactory.lambda$doGetBean$0(AbstractBeanFactory.java:333) ~[spring-beans-7.0.3.jar:7.0.3]
	at org.springframework.beans.factory.support.DefaultSingletonBeanRegistry.getSingleton(DefaultSingletonBeanRegistry.java:371) ~[spring-beans-7.0.3.jar:7.0.3]
	at org.springframework.beans.factory.support.AbstractBeanFactory.doGetBean(AbstractBeanFactory.java:331) ~[spring-beans-7.0.3.jar:7.0.3]
	at org.springframework.beans.factory.support.AbstractBeanFactory.getBean(AbstractBeanFactory.java:196) ~[spring-beans-7.0.3.jar:7.0.3]
	at org.springframework.beans.factory.support.DefaultListableBeanFactory.instantiateSingleton(DefaultListableBeanFactory.java:1218) ~[spring-beans-7.0.3.jar:7.0.3]
	at org.springframework.beans.factory.support.DefaultListableBeanFactory.preInstantiateSingleton(DefaultListableBeanFactory.java:1184) ~[spring-beans-7.0.3.jar:7.0.3]
	at org.springframework.beans.factory.support.DefaultListableBeanFactory.preInstantiateSingletons(DefaultListableBeanFactory.java:1121) ~[spring-beans-7.0.3.jar:7.0.3]
	at org.springframework.context.support.AbstractApplicationContext.finishBeanFactoryInitialization(AbstractApplicationContext.java:993) ~[spring-context-7.0.3.jar:7.0.3]
	at org.springframework.context.support.AbstractApplicationContext.refresh(AbstractApplicationContext.java:620) ~[spring-context-7.0.3.jar:7.0.3]
	at org.springframework.boot.web.server.servlet.context.ServletWebServerApplicationContext.refresh(ServletWebServerApplicationContext.java:143) ~[spring-boot-web-server-4.0.2.jar:4.0.2]
	at org.springframework.boot.SpringApplication.refresh(SpringApplication.java:756) ~[spring-boot-4.0.2.jar:4.0.2]
	at org.springframework.boot.SpringApplication.refreshContext(SpringApplication.java:445) ~[spring-boot-4.0.2.jar:4.0.2]
	at org.springframework.boot.SpringApplication.run(SpringApplication.java:321) ~[spring-boot-4.0.2.jar:4.0.2]
	at org.springframework.boot.SpringApplication.run(SpringApplication.java:1365) ~[spring-boot-4.0.2.jar:4.0.2]
	at org.springframework.boot.SpringApplication.run(SpringApplication.java:1354) ~[spring-boot-4.0.2.jar:4.0.2]
	at com.ddhva.ielts.IeltsApplication.main(IeltsApplication.java:16) ~[classes/:na]
	at java.base/jdk.internal.reflect.DirectMethodHandleAccessor.invoke(DirectMethodHandleAccessor.java:103) ~[na:na]
	at java.base/java.lang.reflect.Method.invoke(Method.java:580) ~[na:na]
	at org.springframework.boot.devtools.restart.RestartLauncher.run(RestartLauncher.java:52) ~[spring-boot-devtools-4.0.2.jar:4.0.2]
Caused by: org.springframework.beans.factory.UnsatisfiedDependencyException: Error creating bean with name 'vocabularyServiceImpl' defined in file [D:\DDHVA\Backend\ielts\target\classes\com\ddhva\ielts\service\impl\VocabularyServiceImpl.class]: Unsatisfied dependency expressed through constructor parameter 0: Error creating bean with name 'vocabularyRepository' defined in com.ddhva.ielts.repositories.VocabularyRepository defined in @EnableJpaRepositories declared on DataJpaRepositoriesRegistrar.EnableJpaRepositoriesConfiguration: At 4:0 and token '<EOF>', mismatched input '<EOF>', expecting one of the following tokens: '(', '[', ':', '{', '?', ID, VERSION, VERSIONED, NATURALID, FK, ABSENT, ALL, AND, ANY, ARRAY, AS, ASC, AVG, BETWEEN, BOTH, BREADTH, BY, CASE, CAST, COLLATE, COLUMN, COLUMNS, CONDITIONAL, CONFLICT, CONSTRAINT, CONTAINS, COUNT, CROSS, CUBE, CURRENT, CURRENT_DATE, CURRENT_INSTANT, CURRENT_TIME, CURRENT_TIMESTAMP, CYCLE, DATE, DATETIME, DAY, DEFAULT, DELETE, DEPTH, DESC, DISTINCT, DO, ELEMENT, ELEMENTS, ELSE, EMPTY, END, ENTRY, EPOCH, ERROR, ESCAPE, EVERY, EXCEPT, EXCLUDE, EXISTS, EXTRACT, FETCH, FILTER, FIRST, FOLLOWING, FOR, FORMAT, FROM, FULL, FUNCTION, GROUP, GROUPS, HAVING, HOUR, IGNORE, ILIKE, IN, INCLUDES, INDEX, INDICES, INNER, INSERT, INSTANT, INTERSECT, INTERSECTS, INTO, IS, JOIN, JSON, JSON_ARRAY, JSON_ARRAYAGG, JSON_EXISTS, JSON_OBJECT, JSON_OBJECTAGG, JSON_QUERY, JSON_TABLE, JSON_VALUE, KEY, KEYS, LAST, LATERAL, LEADING, LEFT, LIKE, LIMIT, LIST, LISTAGG, LOCAL, LOCAL_DATE, LOCAL_DATETIME, LOCAL_TIME, MAP, MATERIALIZED, MAX, MAXELEMENT, MAXINDEX, MEMBER, MICROSECOND, MILLISECOND, MIN, MINELEMENT, MININDEX, MINUTE, MONTH, NAME, NANOSECOND, NEW, NESTED, NEXT, NO, NOT, NOTHING, NULLS, OBJECT, OF, OFFSET, OFFSET_DATETIME, ON, ONLY, OR, ORDER, ORDINALITY, OTHERS, OUTER, OVER, OVERFLOW, OVERLAY, PAD, PATH, PARTITION, PASSING, PERCENT, PLACING, POSITION, PRECEDING, QUARTER, RANGE, RESPECT, RETURNING, RIGHT, ROLLUP, ROW, ROWS, SEARCH, SECOND, SELECT, SET, SIZE, SOME, SUBSTRING, SUM, THEN, TIES, TIME, TIMESTAMP, TIMEZONE_HOUR, TIMEZONE_MINUTE, TO, TRAILING, TREAT, TRIM, TRUNC, TRUNCATE, TYPE, UNBOUNDED, UNCONDITIONAL, UNION, UNIQUE, UPDATE, USING, VALUE, VALUES, WEEK, WHEN, WHERE, WITH, WITHIN, WITHOUT, WRAPPER, XML, XMLAGG, XMLATTRIBUTES, XMLELEMENT, XMLEXISTS, XMLFOREST, XMLPI, XMLQUERY, XMLTABLE, YEAR, ZONED, NULL, TRUE, FALSE, STRING_LITERAL, JAVA_STRING_LITERAL, INTEGER_LITERAL, LONG_LITERAL, FLOAT_LITERAL, DOUBLE_LITERAL, BIG_INTEGER_LITERAL, BIG_DECIMAL_LITERAL, HEX_LITERAL, BINARY_LITERAL, '{ts', '{d', '{t', '+', '-', IDENTIFIER, QUOTED_IDENTIFIER; Bad HQL grammar [    SELECT v
    FROM Vocabulary v
    WHERE
]
	at org.springframework.beans.factory.support.ConstructorResolver.createArgumentArray(ConstructorResolver.java:804) ~[spring-beans-7.0.3.jar:7.0.3]
	at org.springframework.beans.factory.support.ConstructorResolver.autowireConstructor(ConstructorResolver.java:240) ~[spring-beans-7.0.3.jar:7.0.3]
	at org.springframework.beans.factory.support.AbstractAutowireCapableBeanFactory.autowireConstructor(AbstractAutowireCapableBeanFactory.java:1382) ~[spring-beans-7.0.3.jar:7.0.3]
	at org.springframework.beans.factory.support.AbstractAutowireCapableBeanFactory.createBeanInstance(AbstractAutowireCapableBeanFactory.java:1221) ~[spring-beans-7.0.3.jar:7.0.3]
	at org.springframework.beans.factory.support.AbstractAutowireCapableBeanFactory.doCreateBean(AbstractAutowireCapableBeanFactory.java:565) ~[spring-beans-7.0.3.jar:7.0.3]
	at org.springframework.beans.factory.support.AbstractAutowireCapableBeanFactory.createBean(AbstractAutowireCapableBeanFactory.java:525) ~[spring-beans-7.0.3.jar:7.0.3]
	at org.springframework.beans.factory.support.AbstractBeanFactory.lambda$doGetBean$0(AbstractBeanFactory.java:333) ~[spring-beans-7.0.3.jar:7.0.3]
	at org.springframework.beans.factory.support.DefaultSingletonBeanRegistry.getSingleton(DefaultSingletonBeanRegistry.java:371) ~[spring-beans-7.0.3.jar:7.0.3]
	at org.springframework.beans.factory.support.AbstractBeanFactory.doGetBean(AbstractBeanFactory.java:331) ~[spring-beans-7.0.3.jar:7.0.3]
	at org.springframework.beans.factory.support.AbstractBeanFactory.getBean(AbstractBeanFactory.java:201) ~[spring-beans-7.0.3.jar:7.0.3]
	at org.springframework.beans.factory.config.DependencyDescriptor.resolveCandidate(DependencyDescriptor.java:229) ~[spring-beans-7.0.3.jar:7.0.3]
	at org.springframework.beans.factory.support.DefaultListableBeanFactory.doResolveDependency(DefaultListableBeanFactory.java:1762) ~[spring-beans-7.0.3.jar:7.0.3]
	at org.springframework.beans.factory.support.DefaultListableBeanFactory.resolveDependency(DefaultListableBeanFactory.java:1651) ~[spring-beans-7.0.3.jar:7.0.3]
	at org.springframework.beans.factory.support.ConstructorResolver.resolveAutowiredArgument(ConstructorResolver.java:912) ~[spring-beans-7.0.3.jar:7.0.3]
	at org.springframework.beans.factory.support.ConstructorResolver.createArgumentArray(ConstructorResolver.java:791) ~[spring-beans-7.0.3.jar:7.0.3]
	... 24 common frames omitted
Caused by: org.springframework.beans.factory.BeanCreationException: Error creating bean with name 'vocabularyRepository' defined in com.ddhva.ielts.repositories.VocabularyRepository defined in @EnableJpaRepositories declared on DataJpaRepositoriesRegistrar.EnableJpaRepositoriesConfiguration: At 4:0 and token '<EOF>', mismatched input '<EOF>', expecting one of the following tokens: '(', '[', ':', '{', '?', ID, VERSION, VERSIONED, NATURALID, FK, ABSENT, ALL, AND, ANY, ARRAY, AS, ASC, AVG, BETWEEN, BOTH, BREADTH, BY, CASE, CAST, COLLATE, COLUMN, COLUMNS, CONDITIONAL, CONFLICT, CONSTRAINT, CONTAINS, COUNT, CROSS, CUBE, CURRENT, CURRENT_DATE, CURRENT_INSTANT, CURRENT_TIME, CURRENT_TIMESTAMP, CYCLE, DATE, DATETIME, DAY, DEFAULT, DELETE, DEPTH, DESC, DISTINCT, DO, ELEMENT, ELEMENTS, ELSE, EMPTY, END, ENTRY, EPOCH, ERROR, ESCAPE, EVERY, EXCEPT, EXCLUDE, EXISTS, EXTRACT, FETCH, FILTER, FIRST, FOLLOWING, FOR, FORMAT, FROM, FULL, FUNCTION, GROUP, GROUPS, HAVING, HOUR, IGNORE, ILIKE, IN, INCLUDES, INDEX, INDICES, INNER, INSERT, INSTANT, INTERSECT, INTERSECTS, INTO, IS, JOIN, JSON, JSON_ARRAY, JSON_ARRAYAGG, JSON_EXISTS, JSON_OBJECT, JSON_OBJECTAGG, JSON_QUERY, JSON_TABLE, JSON_VALUE, KEY, KEYS, LAST, LATERAL, LEADING, LEFT, LIKE, LIMIT, LIST, LISTAGG, LOCAL, LOCAL_DATE, LOCAL_DATETIME, LOCAL_TIME, MAP, MATERIALIZED, MAX, MAXELEMENT, MAXINDEX, MEMBER, MICROSECOND, MILLISECOND, MIN, MINELEMENT, MININDEX, MINUTE, MONTH, NAME, NANOSECOND, NEW, NESTED, NEXT, NO, NOT, NOTHING, NULLS, OBJECT, OF, OFFSET, OFFSET_DATETIME, ON, ONLY, OR, ORDER, ORDINALITY, OTHERS, OUTER, OVER, OVERFLOW, OVERLAY, PAD, PATH, PARTITION, PASSING, PERCENT, PLACING, POSITION, PRECEDING, QUARTER, RANGE, RESPECT, RETURNING, RIGHT, ROLLUP, ROW, ROWS, SEARCH, SECOND, SELECT, SET, SIZE, SOME, SUBSTRING, SUM, THEN, TIES, TIME, TIMESTAMP, TIMEZONE_HOUR, TIMEZONE_MINUTE, TO, TRAILING, TREAT, TRIM, TRUNC, TRUNCATE, TYPE, UNBOUNDED, UNCONDITIONAL, UNION, UNIQUE, UPDATE, USING, VALUE, VALUES, WEEK, WHEN, WHERE, WITH, WITHIN, WITHOUT, WRAPPER, XML, XMLAGG, XMLATTRIBUTES, XMLELEMENT, XMLEXISTS, XMLFOREST, XMLPI, XMLQUERY, XMLTABLE, YEAR, ZONED, NULL, TRUE, FALSE, STRING_LITERAL, JAVA_STRING_LITERAL, INTEGER_LITERAL, LONG_LITERAL, FLOAT_LITERAL, DOUBLE_LITERAL, BIG_INTEGER_LITERAL, BIG_DECIMAL_LITERAL, HEX_LITERAL, BINARY_LITERAL, '{ts', '{d', '{t', '+', '-', IDENTIFIER, QUOTED_IDENTIFIER; Bad HQL grammar [    SELECT v
    FROM Vocabulary v
    WHERE
]
	at org.springframework.beans.factory.support.AbstractAutowireCapableBeanFactory.initializeBean(AbstractAutowireCapableBeanFactory.java:1817) ~[spring-beans-7.0.3.jar:7.0.3]
	at org.springframework.beans.factory.support.AbstractAutowireCapableBeanFactory.doCreateBean(AbstractAutowireCapableBeanFactory.java:603) ~[spring-beans-7.0.3.jar:7.0.3]
	at org.springframework.beans.factory.support.AbstractAutowireCapableBeanFactory.createBean(AbstractAutowireCapableBeanFactory.java:525) ~[spring-beans-7.0.3.jar:7.0.3]
	at org.springframework.beans.factory.support.AbstractBeanFactory.lambda$doGetBean$0(AbstractBeanFactory.java:333) ~[spring-beans-7.0.3.jar:7.0.3]
	at org.springframework.beans.factory.support.DefaultSingletonBeanRegistry.getSingleton(DefaultSingletonBeanRegistry.java:371) ~[spring-beans-7.0.3.jar:7.0.3]
	at org.springframework.beans.factory.support.AbstractBeanFactory.doGetBean(AbstractBeanFactory.java:331) ~[spring-beans-7.0.3.jar:7.0.3]
	at org.springframework.beans.factory.support.AbstractBeanFactory.getBean(AbstractBeanFactory.java:201) ~[spring-beans-7.0.3.jar:7.0.3]
	at org.springframework.beans.factory.support.DefaultListableBeanFactory.resolveBean(DefaultListableBeanFactory.java:1225) ~[spring-beans-7.0.3.jar:7.0.3]
	at org.springframework.beans.factory.support.DefaultListableBeanFactory.doResolveDependency(DefaultListableBeanFactory.java:1704) ~[spring-beans-7.0.3.jar:7.0.3]
	at org.springframework.beans.factory.support.DefaultListableBeanFactory.resolveDependency(DefaultListableBeanFactory.java:1651) ~[spring-beans-7.0.3.jar:7.0.3]
	at org.springframework.beans.factory.support.ConstructorResolver.resolveAutowiredArgument(ConstructorResolver.java:912) ~[spring-beans-7.0.3.jar:7.0.3]
	at org.springframework.beans.factory.support.ConstructorResolver.createArgumentArray(ConstructorResolver.java:791) ~[spring-beans-7.0.3.jar:7.0.3]
	... 38 common frames omitted
Caused by: org.springframework.data.repository.query.QueryCreationException: Cannot create query for method [VocabularyRepository.findByTopic_Id(java.util.UUID,org.springframework.data.domain.Pageable)]; At 4:0 and token '<EOF>', mismatched input '<EOF>', expecting one of the following tokens: '(', '[', ':', '{', '?', ID, VERSION, VERSIONED, NATURALID, FK, ABSENT, ALL, AND, ANY, ARRAY, AS, ASC, AVG, BETWEEN, BOTH, BREADTH, BY, CASE, CAST, COLLATE, COLUMN, COLUMNS, CONDITIONAL, CONFLICT, CONSTRAINT, CONTAINS, COUNT, CROSS, CUBE, CURRENT, CURRENT_DATE, CURRENT_INSTANT, CURRENT_TIME, CURRENT_TIMESTAMP, CYCLE, DATE, DATETIME, DAY, DEFAULT, DELETE, DEPTH, DESC, DISTINCT, DO, ELEMENT, ELEMENTS, ELSE, EMPTY, END, ENTRY, EPOCH, ERROR, ESCAPE, EVERY, EXCEPT, EXCLUDE, EXISTS, EXTRACT, FETCH, FILTER, FIRST, FOLLOWING, FOR, FORMAT, FROM, FULL, FUNCTION, GROUP, GROUPS, HAVING, HOUR, IGNORE, ILIKE, IN, INCLUDES, INDEX, INDICES, INNER, INSERT, INSTANT, INTERSECT, INTERSECTS, INTO, IS, JOIN, JSON, JSON_ARRAY, JSON_ARRAYAGG, JSON_EXISTS, JSON_OBJECT, JSON_OBJECTAGG, JSON_QUERY, JSON_TABLE, JSON_VALUE, KEY, KEYS, LAST, LATERAL, LEADING, LEFT, LIKE, LIMIT, LIST, LISTAGG, LOCAL, LOCAL_DATE, LOCAL_DATETIME, LOCAL_TIME, MAP, MATERIALIZED, MAX, MAXELEMENT, MAXINDEX, MEMBER, MICROSECOND, MILLISECOND, MIN, MINELEMENT, MININDEX, MINUTE, MONTH, NAME, NANOSECOND, NEW, NESTED, NEXT, NO, NOT, NOTHING, NULLS, OBJECT, OF, OFFSET, OFFSET_DATETIME, ON, ONLY, OR, ORDER, ORDINALITY, OTHERS, OUTER, OVER, OVERFLOW, OVERLAY, PAD, PATH, PARTITION, PASSING, PERCENT, PLACING, POSITION, PRECEDING, QUARTER, RANGE, RESPECT, RETURNING, RIGHT, ROLLUP, ROW, ROWS, SEARCH, SECOND, SELECT, SET, SIZE, SOME, SUBSTRING, SUM, THEN, TIES, TIME, TIMESTAMP, TIMEZONE_HOUR, TIMEZONE_MINUTE, TO, TRAILING, TREAT, TRIM, TRUNC, TRUNCATE, TYPE, UNBOUNDED, UNCONDITIONAL, UNION, UNIQUE, UPDATE, USING, VALUE, VALUES, WEEK, WHEN, WHERE, WITH, WITHIN, WITHOUT, WRAPPER, XML, XMLAGG, XMLATTRIBUTES, XMLELEMENT, XMLEXISTS, XMLFOREST, XMLPI, XMLQUERY, XMLTABLE, YEAR, ZONED, NULL, TRUE, FALSE, STRING_LITERAL, JAVA_STRING_LITERAL, INTEGER_LITERAL, LONG_LITERAL, FLOAT_LITERAL, DOUBLE_LITERAL, BIG_INTEGER_LITERAL, BIG_DECIMAL_LITERAL, HEX_LITERAL, BINARY_LITERAL, '{ts', '{d', '{t', '+', '-', IDENTIFIER, QUOTED_IDENTIFIER; Bad HQL grammar [    SELECT v
    FROM Vocabulary v
    WHERE
]
	at org.springframework.data.repository.query.QueryCreationException.create(QueryCreationException.java:139) ~[spring-data-commons-4.0.2.jar:4.0.2]
	at org.springframework.data.repository.core.support.QueryExecutorMethodInterceptor.lookupQuery(QueryExecutorMethodInterceptor.java:118) ~[spring-data-commons-4.0.2.jar:4.0.2]
	at org.springframework.data.repository.core.support.QueryExecutorMethodInterceptor.mapMethodsToQuery(QueryExecutorMethodInterceptor.java:102) ~[spring-data-commons-4.0.2.jar:4.0.2]
	at org.springframework.data.repository.core.support.QueryExecutorMethodInterceptor.<init>(QueryExecutorMethodInterceptor.java:90) ~[spring-data-commons-4.0.2.jar:4.0.2]
	at org.springframework.data.repository.core.support.RepositoryFactorySupport.getRepository(RepositoryFactorySupport.java:413) ~[spring-data-commons-4.0.2.jar:4.0.2]
	at org.springframework.data.repository.core.support.RepositoryFactoryBeanSupport.lambda$afterPropertiesSet$1(RepositoryFactoryBeanSupport.java:361) ~[spring-data-commons-4.0.2.jar:4.0.2]
	at org.springframework.data.util.Lazy.getNullable(Lazy.java:136) ~[spring-data-commons-4.0.2.jar:4.0.2]
	at org.springframework.data.util.Lazy.get(Lazy.java:114) ~[spring-data-commons-4.0.2.jar:4.0.2]
	at org.springframework.data.repository.core.support.RepositoryFactoryBeanSupport.afterPropertiesSet(RepositoryFactoryBeanSupport.java:370) ~[spring-data-commons-4.0.2.jar:4.0.2]
	at org.springframework.data.jpa.repository.support.JpaRepositoryFactoryBean.afterPropertiesSet(JpaRepositoryFactoryBean.java:212) ~[spring-data-jpa-4.0.2.jar:4.0.2]
	at org.springframework.beans.factory.support.AbstractAutowireCapableBeanFactory.invokeInitMethods(AbstractAutowireCapableBeanFactory.java:1864) ~[spring-beans-7.0.3.jar:7.0.3]
	at org.springframework.beans.factory.support.AbstractAutowireCapableBeanFactory.initializeBean(AbstractAutowireCapableBeanFactory.java:1813) ~[spring-beans-7.0.3.jar:7.0.3]
	... 49 common frames omitted
Caused by: org.springframework.data.jpa.repository.query.BadJpqlGrammarException: At 4:0 and token '<EOF>', mismatched input '<EOF>', expecting one of the following tokens: '(', '[', ':', '{', '?', ID, VERSION, VERSIONED, NATURALID, FK, ABSENT, ALL, AND, ANY, ARRAY, AS, ASC, AVG, BETWEEN, BOTH, BREADTH, BY, CASE, CAST, COLLATE, COLUMN, COLUMNS, CONDITIONAL, CONFLICT, CONSTRAINT, CONTAINS, COUNT, CROSS, CUBE, CURRENT, CURRENT_DATE, CURRENT_INSTANT, CURRENT_TIME, CURRENT_TIMESTAMP, CYCLE, DATE, DATETIME, DAY, DEFAULT, DELETE, DEPTH, DESC, DISTINCT, DO, ELEMENT, ELEMENTS, ELSE, EMPTY, END, ENTRY, EPOCH, ERROR, ESCAPE, EVERY, EXCEPT, EXCLUDE, EXISTS, EXTRACT, FETCH, FILTER, FIRST, FOLLOWING, FOR, FORMAT, FROM, FULL, FUNCTION, GROUP, GROUPS, HAVING, HOUR, IGNORE, ILIKE, IN, INCLUDES, INDEX, INDICES, INNER, INSERT, INSTANT, INTERSECT, INTERSECTS, INTO, IS, JOIN, JSON, JSON_ARRAY, JSON_ARRAYAGG, JSON_EXISTS, JSON_OBJECT, JSON_OBJECTAGG, JSON_QUERY, JSON_TABLE, JSON_VALUE, KEY, KEYS, LAST, LATERAL, LEADING, LEFT, LIKE, LIMIT, LIST, LISTAGG, LOCAL, LOCAL_DATE, LOCAL_DATETIME, LOCAL_TIME, MAP, MATERIALIZED, MAX, MAXELEMENT, MAXINDEX, MEMBER, MICROSECOND, MILLISECOND, MIN, MINELEMENT, MININDEX, MINUTE, MONTH, NAME, NANOSECOND, NEW, NESTED, NEXT, NO, NOT, NOTHING, NULLS, OBJECT, OF, OFFSET, OFFSET_DATETIME, ON, ONLY, OR, ORDER, ORDINALITY, OTHERS, OUTER, OVER, OVERFLOW, OVERLAY, PAD, PATH, PARTITION, PASSING, PERCENT, PLACING, POSITION, PRECEDING, QUARTER, RANGE, RESPECT, RETURNING, RIGHT, ROLLUP, ROW, ROWS, SEARCH, SECOND, SELECT, SET, SIZE, SOME, SUBSTRING, SUM, THEN, TIES, TIME, TIMESTAMP, TIMEZONE_HOUR, TIMEZONE_MINUTE, TO, TRAILING, TREAT, TRIM, TRUNC, TRUNCATE, TYPE, UNBOUNDED, UNCONDITIONAL, UNION, UNIQUE, UPDATE, USING, VALUE, VALUES, WEEK, WHEN, WHERE, WITH, WITHIN, WITHOUT, WRAPPER, XML, XMLAGG, XMLATTRIBUTES, XMLELEMENT, XMLEXISTS, XMLFOREST, XMLPI, XMLQUERY, XMLTABLE, YEAR, ZONED, NULL, TRUE, FALSE, STRING_LITERAL, JAVA_STRING_LITERAL, INTEGER_LITERAL, LONG_LITERAL, FLOAT_LITERAL, DOUBLE_LITERAL, BIG_INTEGER_LITERAL, BIG_DECIMAL_LITERAL, HEX_LITERAL, BINARY_LITERAL, '{ts', '{d', '{t', '+', '-', IDENTIFIER, QUOTED_IDENTIFIER; Bad HQL grammar [    SELECT v
    FROM Vocabulary v
    WHERE
]
	at org.springframework.data.jpa.repository.query.BadJpqlGrammarErrorListener.syntaxError(BadJpqlGrammarErrorListener.java:53) ~[spring-data-jpa-4.0.2.jar:4.0.2]
	at org.antlr.v4.runtime.ProxyErrorListener.syntaxError(ProxyErrorListener.java:41) ~[antlr4-runtime-4.13.2.jar:4.13.2]
	at org.antlr.v4.runtime.Parser.notifyErrorListeners(Parser.java:544) ~[antlr4-runtime-4.13.2.jar:4.13.2]
	at org.antlr.v4.runtime.DefaultErrorStrategy.reportInputMismatch(DefaultErrorStrategy.java:327) ~[antlr4-runtime-4.13.2.jar:4.13.2]
	at org.antlr.v4.runtime.DefaultErrorStrategy.reportError(DefaultErrorStrategy.java:139) ~[antlr4-runtime-4.13.2.jar:4.13.2]
	at org.springframework.data.jpa.repository.query.HqlParser.predicate(HqlParser.java:19651) ~[spring-data-jpa-4.0.2.jar:4.0.2]
	at org.springframework.data.jpa.repository.query.HqlParser.whereClause(HqlParser.java:4104) ~[spring-data-jpa-4.0.2.jar:4.0.2]
	at org.springframework.data.jpa.repository.query.HqlParser.query(HqlParser.java:1394) ~[spring-data-jpa-4.0.2.jar:4.0.2]
	at org.springframework.data.jpa.repository.query.HqlParser.orderedQuery(HqlParser.java:1218) ~[spring-data-jpa-4.0.2.jar:4.0.2]
	at org.springframework.data.jpa.repository.query.HqlParser.queryExpression(HqlParser.java:587) ~[spring-data-jpa-4.0.2.jar:4.0.2]
	at org.springframework.data.jpa.repository.query.HqlParser.selectStatement(HqlParser.java:519) ~[spring-data-jpa-4.0.2.jar:4.0.2]
	at org.springframework.data.jpa.repository.query.HqlParser.ql_statement(HqlParser.java:449) ~[spring-data-jpa-4.0.2.jar:4.0.2]
	at org.springframework.data.jpa.repository.query.HqlParser.start(HqlParser.java:386) ~[spring-data-jpa-4.0.2.jar:4.0.2]
	at org.springframework.data.jpa.repository.query.JpaQueryEnhancer.parse(JpaQueryEnhancer.java:102) ~[spring-data-jpa-4.0.2.jar:4.0.2]
	at org.springframework.data.jpa.repository.query.JpaQueryEnhancer$HqlQueryParser.<init>(JpaQueryEnhancer.java:286) ~[spring-data-jpa-4.0.2.jar:4.0.2]
	at org.springframework.data.jpa.repository.query.JpaQueryEnhancer$HqlQueryParser.parseQuery(JpaQueryEnhancer.java:298) ~[spring-data-jpa-4.0.2.jar:4.0.2]
	at org.springframework.data.jpa.repository.query.JpaQueryEnhancer.forHql(JpaQueryEnhancer.java:159) ~[spring-data-jpa-4.0.2.jar:4.0.2]
	at org.springframework.data.jpa.repository.query.QueryEnhancerFactories$BuiltinQueryEnhancerFactories$3.create(QueryEnhancerFactories.java:91) ~[spring-data-jpa-4.0.2.jar:4.0.2]
	at org.springframework.data.jpa.repository.query.DefaultEntityQuery.<init>(DefaultEntityQuery.java:50) ~[spring-data-jpa-4.0.2.jar:4.0.2]
	at org.springframework.data.jpa.repository.query.EntityQuery.create(EntityQuery.java:47) ~[spring-data-jpa-4.0.2.jar:4.0.2]
	at org.springframework.data.jpa.repository.query.TemplatedQuery.create(TemplatedQuery.java:91) ~[spring-data-jpa-4.0.2.jar:4.0.2]
	at org.springframework.data.jpa.repository.query.AbstractStringBasedJpaQuery.<init>(AbstractStringBasedJpaQuery.java:101) ~[spring-data-jpa-4.0.2.jar:4.0.2]
	at org.springframework.data.jpa.repository.query.SimpleJpaQuery.<init>(SimpleJpaQuery.java:50) ~[spring-data-jpa-4.0.2.jar:4.0.2]
	at org.springframework.data.jpa.repository.query.JpaQueryLookupStrategy$DeclaredQueryLookupStrategy.createStringQuery(JpaQueryLookupStrategy.java:228) ~[spring-data-jpa-4.0.2.jar:4.0.2]
	at org.springframework.data.jpa.repository.query.JpaQueryLookupStrategy$DeclaredQueryLookupStrategy.resolveQuery(JpaQueryLookupStrategy.java:160) ~[spring-data-jpa-4.0.2.jar:4.0.2]
	at org.springframework.data.jpa.repository.query.JpaQueryLookupStrategy$CreateIfNotFoundQueryLookupStrategy.resolveQuery(JpaQueryLookupStrategy.java:285) ~[spring-data-jpa-4.0.2.jar:4.0.2]
	at org.springframework.data.jpa.repository.query.JpaQueryLookupStrategy$AbstractQueryLookupStrategy.resolveQuery(JpaQueryLookupStrategy.java:93) ~[spring-data-jpa-4.0.2.jar:4.0.2]
	at org.springframework.data.repository.core.support.QueryExecutorMethodInterceptor.lookupQuery(QueryExecutorMethodInterceptor.java:114) ~[spring-data-commons-4.0.2.jar:4.0.2]
	... 59 common frames omitted

2026-03-08T10:17:47.752+07:00  INFO 22392 --- [ielts] [restartedMain] com.ddhva.ielts.IeltsApplication         : Starting IeltsApplication using Java 22.0.2 with PID 22392 (D:\DDHVA\Backend\ielts\target\classes started by Admin in D:\DDHVA\Backend\ielts)
2026-03-08T10:17:47.753+07:00 DEBUG 22392 --- [ielts] [restartedMain] com.ddhva.ielts.IeltsApplication         : Running with Spring Boot v4.0.2, Spring v7.0.3
2026-03-08T10:17:47.754+07:00  INFO 22392 --- [ielts] [restartedMain] com.ddhva.ielts.IeltsApplication         : No active profile set, falling back to 1 default profile: "default"
2026-03-08T10:17:48.819+07:00  INFO 22392 --- [ielts] [restartedMain] o.apache.catalina.core.StandardService   : Starting service [Tomcat]
2026-03-08T10:17:48.819+07:00  INFO 22392 --- [ielts] [restartedMain] o.apache.catalina.core.StandardEngine    : Starting Servlet engine: [Apache Tomcat/11.0.15]
2026-03-08T10:17:48.922+07:00 DEBUG 22392 --- [ielts] [restartedMain] com.ddhva.ielts.util.JWTFilter           : Filter 'JWTFilter' configured for use
2026-03-08T10:17:48.986+07:00  INFO 22392 --- [ielts] [restartedMain] org.hibernate.orm.jpa                    : HHH008540: Processing PersistenceUnitInfo [name: default]
2026-03-08T10:17:49.016+07:00  INFO 22392 --- [ielts] [restartedMain] org.hibernate.orm.core                   : HHH000001: Hibernate ORM core version 7.2.1.Final
2026-03-08T10:17:49.284+07:00  INFO 22392 --- [ielts] [restartedMain] com.zaxxer.hikari.HikariDataSource       : HikariPool-1 - Starting...
2026-03-08T10:17:49.466+07:00  INFO 22392 --- [ielts] [restartedMain] com.zaxxer.hikari.pool.HikariPool        : HikariPool-1 - Added connection com.mysql.cj.jdbc.ConnectionImpl@62875d6f
2026-03-08T10:17:49.467+07:00  INFO 22392 --- [ielts] [restartedMain] com.zaxxer.hikari.HikariDataSource       : HikariPool-1 - Start completed.
2026-03-08T10:17:49.506+07:00  WARN 22392 --- [ielts] [restartedMain] org.hibernate.orm.deprecation            : HHH90000025: MySQLDialect does not need to be specified explicitly using 'hibernate.dialect' (remove the property setting and it will be selected by default)
2026-03-08T10:17:49.518+07:00  INFO 22392 --- [ielts] [restartedMain] org.hibernate.orm.connections.pooling    : HHH10001005: Database info:
	Database JDBC URL [jdbc:mysql://localhost:3306/db_ielts]
	Database driver: MySQL Connector/J
	Database dialect: MySQLDialect
	Database version: 8.0.37
	Default catalog/schema: db_ielts/undefined
	Autocommit mode: undefined/unknown
	Isolation level: REPEATABLE_READ [default REPEATABLE_READ]
	JDBC fetch size: none
	Pool: DataSourceConnectionProvider
	Minimum pool size: undefined/unknown
	Maximum pool size: undefined/unknown
2026-03-08T10:17:50.338+07:00  INFO 22392 --- [ielts] [restartedMain] org.hibernate.orm.core                   : HHH000489: No JTA platform available (set 'hibernate.transaction.jta.platform' to enable JTA platform integration)
2026-03-08T10:17:51.080+07:00  WARN 22392 --- [ielts] [restartedMain] JpaBaseConfiguration$JpaWebConfiguration : spring.jpa.open-in-view is enabled by default. Therefore, database queries may be performed during view rendering. Explicitly configure spring.jpa.open-in-view to disable this warning
2026-03-08T10:17:51.629+07:00  INFO 22392 --- [ielts] [restartedMain] com.ddhva.ielts.IeltsApplication         : Started IeltsApplication in 4.223 seconds (process running for 4.688)
2026-03-08T10:17:52.150+07:00  INFO 22392 --- [ielts] [RMI TCP Connection(4)-192.168.1.3] o.a.c.c.C.[Tomcat].[localhost].[/]       : Initializing Spring DispatcherServlet 'dispatcherServlet'
2026-03-08T10:17:58.212+07:00  INFO 22392 --- [ielts] [http-nio-8081-exec-2] com.ddhva.ielts.util.JWTFilter           : REQUEST: GET - /api/v1/vocabularies/topic/aa317a4d-e9e3-41ee-8ea7-e0ee840835a3
2026-03-08T10:17:58.356+07:00  INFO 22392 --- [ielts] [http-nio-8081-exec-2] c.d.i.s.impl.VocabularyServiceImpl       : Successfully fetched 30 vocabularies
2026-03-08T10:17:58.379+07:00  INFO 22392 --- [ielts] [http-nio-8081-exec-2] com.ddhva.ielts.util.JWTFilter           : RESPONSE: 200 - 166ms
2026-03-08T10:18:05.674+07:00  INFO 22392 --- [ielts] [http-nio-8081-exec-3] com.ddhva.ielts.util.JWTFilter           : REQUEST: GET - /api/v1/vocabularies/search
2026-03-08T10:18:05.686+07:00  INFO 22392 --- [ielts] [http-nio-8081-exec-3] c.d.i.s.impl.VocabularyServiceImpl       : Successfully fetched 22 vocabularies
2026-03-08T10:18:05.689+07:00  INFO 22392 --- [ielts] [http-nio-8081-exec-3] com.ddhva.ielts.util.JWTFilter           : RESPONSE: 200 - 15ms
2026-03-08T10:18:17.921+07:00  INFO 22392 --- [ielts] [http-nio-8081-exec-4] com.ddhva.ielts.util.JWTFilter           : REQUEST: DELETE - /api/v1/vocabularies/02cb0637-4b3b-45b5-a205-eb23907430bc
2026-03-08T10:18:17.982+07:00  INFO 22392 --- [ielts] [http-nio-8081-exec-4] c.d.i.s.impl.VocabularyServiceImpl       : Successfully deleted vocabulary 02cb0637-4b3b-45b5-a205-eb23907430bc
2026-03-08T10:18:17.983+07:00  INFO 22392 --- [ielts] [http-nio-8081-exec-4] com.ddhva.ielts.util.JWTFilter           : RESPONSE: 200 - 62ms
2026-03-08T10:18:20.685+07:00  INFO 22392 --- [ielts] [http-nio-8081-exec-6] com.ddhva.ielts.util.JWTFilter           : REQUEST: GET - /api/v1/vocabularies/search
2026-03-08T10:18:20.694+07:00  INFO 22392 --- [ielts] [http-nio-8081-exec-6] c.d.i.s.impl.VocabularyServiceImpl       : Successfully fetched 21 vocabularies
2026-03-08T10:18:20.697+07:00  INFO 22392 --- [ielts] [http-nio-8081-exec-6] com.ddhva.ielts.util.JWTFilter           : RESPONSE: 200 - 12ms
2026-03-08T10:18:25.917+07:00  INFO 22392 --- [ielts] [http-nio-8081-exec-5] com.ddhva.ielts.util.JWTFilter           : REQUEST: GET - /api/v1/vocabularies/topic/aa317a4d-e9e3-41ee-8ea7-e0ee840835a3
2026-03-08T10:18:25.925+07:00  INFO 22392 --- [ielts] [http-nio-8081-exec-5] c.d.i.s.impl.VocabularyServiceImpl       : Successfully fetched 29 vocabularies
2026-03-08T10:18:25.926+07:00  INFO 22392 --- [ielts] [http-nio-8081-exec-5] com.ddhva.ielts.util.JWTFilter           : RESPONSE: 200 - 9ms
2026-03-08T10:18:48.432+07:00  INFO 22392 --- [ielts] [http-nio-8081-exec-9] com.ddhva.ielts.util.JWTFilter           : REQUEST: GET - /api/v1/topics
2026-03-08T10:18:48.470+07:00  INFO 22392 --- [ielts] [http-nio-8081-exec-9] c.d.ielts.service.impl.TopicServiceImpl  : Successfully mapped 14 topics to TopicResponse
2026-03-08T10:18:48.472+07:00  INFO 22392 --- [ielts] [http-nio-8081-exec-9] com.ddhva.ielts.util.JWTFilter           : RESPONSE: 200 - 40ms
2026-03-08T10:19:07.335+07:00  INFO 22392 --- [ielts] [http-nio-8081-exec-8] com.ddhva.ielts.util.JWTFilter           : REQUEST: GET - /api/v1/vocabularies/topic/c3b7d9a1-2f6e-4a7d-8c1f-1d2e9f5a6b22
2026-03-08T10:19:07.341+07:00  INFO 22392 --- [ielts] [http-nio-8081-exec-8] c.d.i.s.impl.VocabularyServiceImpl       : Successfully fetched 0 vocabularies
2026-03-08T10:19:07.343+07:00  INFO 22392 --- [ielts] [http-nio-8081-exec-8] com.ddhva.ielts.util.JWTFilter           : RESPONSE: 200 - 8ms
2026-03-08T10:19:33.015+07:00  INFO 22392 --- [ielts] [http-nio-8081-exec-7] com.ddhva.ielts.util.JWTFilter           : REQUEST: GET - /api/v1/vocabularies/topic/aa317a4d-e9e3-41ee-8ea7-e0ee840835a3
2026-03-08T10:19:33.029+07:00  INFO 22392 --- [ielts] [http-nio-8081-exec-7] c.d.i.s.impl.VocabularyServiceImpl       : Successfully fetched 29 vocabularies
2026-03-08T10:19:33.031+07:00  INFO 22392 --- [ielts] [http-nio-8081-exec-7] com.ddhva.ielts.util.JWTFilter           : RESPONSE: 200 - 16ms
2026-03-08T10:20:51.358+07:00  INFO 22392 --- [ielts] [http-nio-8081-exec-2] com.ddhva.ielts.util.JWTFilter           : REQUEST: GET - /api/v1/vocabularies/topic/aa317a4d-e9e3-41ee-8ea7-e0ee840835a3
2026-03-08T10:20:51.367+07:00  INFO 22392 --- [ielts] [http-nio-8081-exec-2] c.d.i.s.impl.VocabularyServiceImpl       : Successfully fetched 29 vocabularies
2026-03-08T10:20:51.369+07:00  INFO 22392 --- [ielts] [http-nio-8081-exec-2] com.ddhva.ielts.util.JWTFilter           : RESPONSE: 200 - 11ms
2026-03-08T10:22:35.248+07:00  INFO 22392 --- [ielts] [Thread-1] com.zaxxer.hikari.HikariDataSource       : HikariPool-1 - Shutdown initiated...
2026-03-08T10:22:35.251+07:00  INFO 22392 --- [ielts] [Thread-1] com.zaxxer.hikari.HikariDataSource       : HikariPool-1 - Shutdown completed.
2026-03-08T10:22:35.342+07:00  INFO 22392 --- [ielts] [restartedMain] com.ddhva.ielts.IeltsApplication         : Starting IeltsApplication using Java 22.0.2 with PID 22392 (D:\DDHVA\Backend\ielts\target\classes started by Admin in D:\DDHVA\Backend\ielts)
2026-03-08T10:22:35.343+07:00 DEBUG 22392 --- [ielts] [restartedMain] com.ddhva.ielts.IeltsApplication         : Running with Spring Boot v4.0.2, Spring v7.0.3
2026-03-08T10:22:35.343+07:00  INFO 22392 --- [ielts] [restartedMain] com.ddhva.ielts.IeltsApplication         : No active profile set, falling back to 1 default profile: "default"
2026-03-08T10:22:35.764+07:00  INFO 22392 --- [ielts] [restartedMain] o.apache.catalina.core.StandardService   : Starting service [Tomcat]
2026-03-08T10:22:35.764+07:00  INFO 22392 --- [ielts] [restartedMain] o.apache.catalina.core.StandardEngine    : Starting Servlet engine: [Apache Tomcat/11.0.15]
2026-03-08T10:22:35.812+07:00 DEBUG 22392 --- [ielts] [restartedMain] com.ddhva.ielts.util.JWTFilter           : Filter 'JWTFilter' configured for use
2026-03-08T10:22:35.848+07:00  INFO 22392 --- [ielts] [restartedMain] org.hibernate.orm.jpa                    : HHH008540: Processing PersistenceUnitInfo [name: default]
2026-03-08T10:22:35.863+07:00  INFO 22392 --- [ielts] [restartedMain] com.zaxxer.hikari.HikariDataSource       : HikariPool-2 - Starting...
2026-03-08T10:22:35.877+07:00  INFO 22392 --- [ielts] [restartedMain] com.zaxxer.hikari.pool.HikariPool        : HikariPool-2 - Added connection com.mysql.cj.jdbc.ConnectionImpl@65700e3a
2026-03-08T10:22:35.878+07:00  INFO 22392 --- [ielts] [restartedMain] com.zaxxer.hikari.HikariDataSource       : HikariPool-2 - Start completed.
2026-03-08T10:22:35.879+07:00  WARN 22392 --- [ielts] [restartedMain] org.hibernate.orm.deprecation            : HHH90000025: MySQLDialect does not need to be specified explicitly using 'hibernate.dialect' (remove the property setting and it will be selected by default)
2026-03-08T10:22:35.880+07:00  INFO 22392 --- [ielts] [restartedMain] org.hibernate.orm.connections.pooling    : HHH10001005: Database info:
	Database JDBC URL [jdbc:mysql://localhost:3306/db_ielts]
	Database driver: MySQL Connector/J
	Database dialect: MySQLDialect
	Database version: 8.0.37
	Default catalog/schema: db_ielts/undefined
	Autocommit mode: undefined/unknown
	Isolation level: REPEATABLE_READ [default REPEATABLE_READ]
	JDBC fetch size: none
	Pool: DataSourceConnectionProvider
	Minimum pool size: undefined/unknown
	Maximum pool size: undefined/unknown
2026-03-08T10:22:36.070+07:00  INFO 22392 --- [ielts] [restartedMain] org.hibernate.orm.core                   : HHH000489: No JTA platform available (set 'hibernate.transaction.jta.platform' to enable JTA platform integration)
2026-03-08T10:22:36.218+07:00  WARN 22392 --- [ielts] [restartedMain] JpaBaseConfiguration$JpaWebConfiguration : spring.jpa.open-in-view is enabled by default. Therefore, database queries may be performed during view rendering. Explicitly configure spring.jpa.open-in-view to disable this warning
2026-03-08T10:22:36.499+07:00  INFO 22392 --- [ielts] [restartedMain] com.ddhva.ielts.IeltsApplication         : Started IeltsApplication in 1.185 seconds (process running for 289.558)
2026-03-08T10:23:26.931+07:00  INFO 22392 --- [ielts] [http-nio-8081-exec-2] o.a.c.c.C.[Tomcat].[localhost].[/]       : Initializing Spring DispatcherServlet 'dispatcherServlet'
2026-03-08T10:23:26.934+07:00  INFO 22392 --- [ielts] [http-nio-8081-exec-2] com.ddhva.ielts.util.JWTFilter           : REQUEST: GET - /api/v1/vocabularies/search
2026-03-08T10:23:26.947+07:00  INFO 22392 --- [ielts] [http-nio-8081-exec-2] c.d.i.s.impl.VocabularyServiceImpl       : Successfully fetched 22 vocabularies
2026-03-08T10:23:26.954+07:00  INFO 22392 --- [ielts] [http-nio-8081-exec-2] com.ddhva.ielts.util.JWTFilter           : RESPONSE: 200 - 20ms
2026-03-08T10:24:53.409+07:00  INFO 22392 --- [ielts] [http-nio-8081-exec-4] com.ddhva.ielts.util.JWTFilter           : REQUEST: PUT - /api/v1/vocabularies/02cb0637-4b3b-45b5-a205-eb23907430bc
2026-03-08T10:24:53.467+07:00  INFO 22392 --- [ielts] [http-nio-8081-exec-4] c.d.i.s.impl.VocabularyServiceImpl       : Successfully updated vocabulary 02cb0637-4b3b-45b5-a205-eb23907430bc
2026-03-08T10:24:53.469+07:00  INFO 22392 --- [ielts] [http-nio-8081-exec-4] com.ddhva.ielts.util.JWTFilter           : RESPONSE: 200 - 60ms
2026-03-08T10:25:51.446+07:00  INFO 22392 --- [ielts] [SpringApplicationShutdownHook] com.zaxxer.hikari.HikariDataSource       : HikariPool-2 - Shutdown initiated...
2026-03-08T10:25:51.449+07:00  INFO 22392 --- [ielts] [SpringApplicationShutdownHook] com.zaxxer.hikari.HikariDataSource       : HikariPool-2 - Shutdown completed.
2026-03-08T10:25:55.293+07:00  INFO 14712 --- [ielts] [restartedMain] com.ddhva.ielts.IeltsApplication         : Starting IeltsApplication using Java 22.0.2 with PID 14712 (D:\DDHVA\Backend\ielts\target\classes started by Admin in D:\DDHVA\Backend\ielts)
2026-03-08T10:25:55.295+07:00 DEBUG 14712 --- [ielts] [restartedMain] com.ddhva.ielts.IeltsApplication         : Running with Spring Boot v4.0.2, Spring v7.0.3
2026-03-08T10:25:55.296+07:00  INFO 14712 --- [ielts] [restartedMain] com.ddhva.ielts.IeltsApplication         : No active profile set, falling back to 1 default profile: "default"
2026-03-08T10:25:56.402+07:00  INFO 14712 --- [ielts] [restartedMain] o.apache.catalina.core.StandardService   : Starting service [Tomcat]
2026-03-08T10:25:56.403+07:00  INFO 14712 --- [ielts] [restartedMain] o.apache.catalina.core.StandardEngine    : Starting Servlet engine: [Apache Tomcat/11.0.15]
2026-03-08T10:25:56.517+07:00 DEBUG 14712 --- [ielts] [restartedMain] com.ddhva.ielts.util.JWTFilter           : Filter 'JWTFilter' configured for use
2026-03-08T10:25:56.591+07:00  INFO 14712 --- [ielts] [restartedMain] org.hibernate.orm.jpa                    : HHH008540: Processing PersistenceUnitInfo [name: default]
2026-03-08T10:25:56.639+07:00  INFO 14712 --- [ielts] [restartedMain] org.hibernate.orm.core                   : HHH000001: Hibernate ORM core version 7.2.1.Final
2026-03-08T10:25:56.964+07:00  INFO 14712 --- [ielts] [restartedMain] com.zaxxer.hikari.HikariDataSource       : HikariPool-1 - Starting...
2026-03-08T10:25:57.216+07:00  INFO 14712 --- [ielts] [restartedMain] com.zaxxer.hikari.pool.HikariPool        : HikariPool-1 - Added connection com.mysql.cj.jdbc.ConnectionImpl@1d8960c0
2026-03-08T10:25:57.217+07:00  INFO 14712 --- [ielts] [restartedMain] com.zaxxer.hikari.HikariDataSource       : HikariPool-1 - Start completed.
2026-03-08T10:25:57.264+07:00  WARN 14712 --- [ielts] [restartedMain] org.hibernate.orm.deprecation            : HHH90000025: MySQLDialect does not need to be specified explicitly using 'hibernate.dialect' (remove the property setting and it will be selected by default)
2026-03-08T10:25:57.277+07:00  INFO 14712 --- [ielts] [restartedMain] org.hibernate.orm.connections.pooling    : HHH10001005: Database info:
	Database JDBC URL [jdbc:mysql://localhost:3306/db_ielts]
	Database driver: MySQL Connector/J
	Database dialect: MySQLDialect
	Database version: 8.0.37
	Default catalog/schema: db_ielts/undefined
	Autocommit mode: undefined/unknown
	Isolation level: REPEATABLE_READ [default REPEATABLE_READ]
	JDBC fetch size: none
	Pool: DataSourceConnectionProvider
	Minimum pool size: undefined/unknown
	Maximum pool size: undefined/unknown
2026-03-08T10:25:58.212+07:00  INFO 14712 --- [ielts] [restartedMain] org.hibernate.orm.core                   : HHH000489: No JTA platform available (set 'hibernate.transaction.jta.platform' to enable JTA platform integration)
2026-03-08T10:25:58.966+07:00  WARN 14712 --- [ielts] [restartedMain] JpaBaseConfiguration$JpaWebConfiguration : spring.jpa.open-in-view is enabled by default. Therefore, database queries may be performed during view rendering. Explicitly configure spring.jpa.open-in-view to disable this warning
2026-03-08T10:25:59.530+07:00  INFO 14712 --- [ielts] [restartedMain] com.ddhva.ielts.IeltsApplication         : Started IeltsApplication in 4.587 seconds (process running for 5.089)
2026-03-08T10:25:59.640+07:00  INFO 14712 --- [ielts] [RMI TCP Connection(2)-192.168.1.3] o.a.c.c.C.[Tomcat].[localhost].[/]       : Initializing Spring DispatcherServlet 'dispatcherServlet'
2026-03-08T10:26:06.824+07:00  INFO 14712 --- [ielts] [http-nio-8081-exec-3] com.ddhva.ielts.util.JWTFilter           : REQUEST: PUT - /api/v1/vocabularies/02cb0637-4b3b-45b5-a205-eb23907430bc
2026-03-08T10:26:07.016+07:00  INFO 14712 --- [ielts] [http-nio-8081-exec-3] c.d.i.s.impl.VocabularyServiceImpl       : Successfully updated vocabulary 02cb0637-4b3b-45b5-a205-eb23907430bc
2026-03-08T10:26:07.045+07:00  INFO 14712 --- [ielts] [http-nio-8081-exec-3] com.ddhva.ielts.util.JWTFilter           : RESPONSE: 200 - 221ms
2026-03-08T10:27:48.835+07:00  INFO 14712 --- [ielts] [http-nio-8081-exec-5] com.ddhva.ielts.util.JWTFilter           : REQUEST: GET - /api/v1/vocabularies/topic/aa317a4d-e9e3-41ee-8ea7-e0ee840835a3
2026-03-08T10:27:48.928+07:00  INFO 14712 --- [ielts] [http-nio-8081-exec-5] c.d.i.s.impl.VocabularyServiceImpl       : Successfully fetched 30 vocabularies
2026-03-08T10:27:48.931+07:00  INFO 14712 --- [ielts] [http-nio-8081-exec-5] com.ddhva.ielts.util.JWTFilter           : RESPONSE: 200 - 96ms
2026-03-08T10:27:49.075+07:00  INFO 14712 --- [ielts] [Thread-1] com.zaxxer.hikari.HikariDataSource       : HikariPool-1 - Shutdown initiated...
2026-03-08T10:27:49.083+07:00  INFO 14712 --- [ielts] [Thread-1] com.zaxxer.hikari.HikariDataSource       : HikariPool-1 - Shutdown completed.
2026-03-08T10:27:49.171+07:00  INFO 14712 --- [ielts] [restartedMain] com.ddhva.ielts.IeltsApplication         : Starting IeltsApplication using Java 22.0.2 with PID 14712 (D:\DDHVA\Backend\ielts\target\classes started by Admin in D:\DDHVA\Backend\ielts)
2026-03-08T10:27:49.172+07:00 DEBUG 14712 --- [ielts] [restartedMain] com.ddhva.ielts.IeltsApplication         : Running with Spring Boot v4.0.2, Spring v7.0.3
2026-03-08T10:27:49.172+07:00  INFO 14712 --- [ielts] [restartedMain] com.ddhva.ielts.IeltsApplication         : No active profile set, falling back to 1 default profile: "default"
2026-03-08T10:27:49.631+07:00  INFO 14712 --- [ielts] [restartedMain] o.apache.catalina.core.StandardService   : Starting service [Tomcat]
2026-03-08T10:27:49.631+07:00  INFO 14712 --- [ielts] [restartedMain] o.apache.catalina.core.StandardEngine    : Starting Servlet engine: [Apache Tomcat/11.0.15]
2026-03-08T10:27:49.703+07:00 DEBUG 14712 --- [ielts] [restartedMain] com.ddhva.ielts.util.JWTFilter           : Filter 'JWTFilter' configured for use
2026-03-08T10:27:49.745+07:00  INFO 14712 --- [ielts] [restartedMain] org.hibernate.orm.jpa                    : HHH008540: Processing PersistenceUnitInfo [name: default]
2026-03-08T10:27:49.768+07:00  INFO 14712 --- [ielts] [restartedMain] com.zaxxer.hikari.HikariDataSource       : HikariPool-2 - Starting...
2026-03-08T10:27:49.782+07:00  INFO 14712 --- [ielts] [restartedMain] com.zaxxer.hikari.pool.HikariPool        : HikariPool-2 - Added connection com.mysql.cj.jdbc.ConnectionImpl@34399493
2026-03-08T10:27:49.783+07:00  INFO 14712 --- [ielts] [restartedMain] com.zaxxer.hikari.HikariDataSource       : HikariPool-2 - Start completed.
2026-03-08T10:27:49.784+07:00  WARN 14712 --- [ielts] [restartedMain] org.hibernate.orm.deprecation            : HHH90000025: MySQLDialect does not need to be specified explicitly using 'hibernate.dialect' (remove the property setting and it will be selected by default)
2026-03-08T10:27:49.785+07:00  INFO 14712 --- [ielts] [restartedMain] org.hibernate.orm.connections.pooling    : HHH10001005: Database info:
	Database JDBC URL [jdbc:mysql://localhost:3306/db_ielts]
	Database driver: MySQL Connector/J
	Database dialect: MySQLDialect
	Database version: 8.0.37
	Default catalog/schema: db_ielts/undefined
	Autocommit mode: undefined/unknown
	Isolation level: REPEATABLE_READ [default REPEATABLE_READ]
	JDBC fetch size: none
	Pool: DataSourceConnectionProvider
	Minimum pool size: undefined/unknown
	Maximum pool size: undefined/unknown
2026-03-08T10:27:50.004+07:00  INFO 14712 --- [ielts] [restartedMain] org.hibernate.orm.core                   : HHH000489: No JTA platform available (set 'hibernate.transaction.jta.platform' to enable JTA platform integration)
2026-03-08T10:27:50.100+07:00  WARN 14712 --- [ielts] [restartedMain] ConfigServletWebServerApplicationContext : Exception encountered during context initialization - cancelling refresh attempt: org.springframework.beans.factory.UnsatisfiedDependencyException: Error creating bean with name 'vocabularyController' defined in file [D:\DDHVA\Backend\ielts\target\classes\com\ddhva\ielts\controller\VocabularyController.class]: Unsatisfied dependency expressed through constructor parameter 0: No qualifying bean of type 'com.ddhva.ielts.service.VocabularyService' available: expected at least 1 bean which qualifies as autowire candidate. Dependency annotations: {}
2026-03-08T10:27:50.101+07:00  INFO 14712 --- [ielts] [restartedMain] com.zaxxer.hikari.HikariDataSource       : HikariPool-2 - Shutdown initiated...
2026-03-08T10:27:50.118+07:00  INFO 14712 --- [ielts] [restartedMain] com.zaxxer.hikari.HikariDataSource       : HikariPool-2 - Shutdown completed.
2026-03-08T10:27:50.119+07:00  INFO 14712 --- [ielts] [restartedMain] o.apache.catalina.core.StandardService   : Stopping service [Tomcat]
2026-03-08T10:27:50.149+07:00 ERROR 14712 --- [ielts] [restartedMain] o.s.b.d.LoggingFailureAnalysisReporter   : 

***************************
APPLICATION FAILED TO START
***************************

Description:

Parameter 0 of constructor in com.ddhva.ielts.controller.VocabularyController required a bean of type 'com.ddhva.ielts.service.VocabularyService' that could not be found.


Action:

Consider defining a bean of type 'com.ddhva.ielts.service.VocabularyService' in your configuration.

2026-03-08T10:27:51.610+07:00  INFO 14712 --- [ielts] [restartedMain] com.ddhva.ielts.IeltsApplication         : Starting IeltsApplication using Java 22.0.2 with PID 14712 (D:\DDHVA\Backend\ielts\target\classes started by Admin in D:\DDHVA\Backend\ielts)
2026-03-08T10:27:51.610+07:00 DEBUG 14712 --- [ielts] [restartedMain] com.ddhva.ielts.IeltsApplication         : Running with Spring Boot v4.0.2, Spring v7.0.3
2026-03-08T10:27:51.611+07:00  INFO 14712 --- [ielts] [restartedMain] com.ddhva.ielts.IeltsApplication         : No active profile set, falling back to 1 default profile: "default"
2026-03-08T10:27:51.824+07:00  INFO 14712 --- [ielts] [restartedMain] o.apache.catalina.core.StandardService   : Starting service [Tomcat]
2026-03-08T10:27:51.824+07:00  INFO 14712 --- [ielts] [restartedMain] o.apache.catalina.core.StandardEngine    : Starting Servlet engine: [Apache Tomcat/11.0.15]
2026-03-08T10:27:51.855+07:00 DEBUG 14712 --- [ielts] [restartedMain] com.ddhva.ielts.util.JWTFilter           : Filter 'JWTFilter' configured for use
2026-03-08T10:27:51.873+07:00  INFO 14712 --- [ielts] [restartedMain] org.hibernate.orm.jpa                    : HHH008540: Processing PersistenceUnitInfo [name: default]
2026-03-08T10:27:51.886+07:00  INFO 14712 --- [ielts] [restartedMain] com.zaxxer.hikari.HikariDataSource       : HikariPool-3 - Starting...
2026-03-08T10:27:51.894+07:00  INFO 14712 --- [ielts] [restartedMain] com.zaxxer.hikari.pool.HikariPool        : HikariPool-3 - Added connection com.mysql.cj.jdbc.ConnectionImpl@13d5c9da
2026-03-08T10:27:51.894+07:00  INFO 14712 --- [ielts] [restartedMain] com.zaxxer.hikari.HikariDataSource       : HikariPool-3 - Start completed.
2026-03-08T10:27:51.894+07:00  WARN 14712 --- [ielts] [restartedMain] org.hibernate.orm.deprecation            : HHH90000025: MySQLDialect does not need to be specified explicitly using 'hibernate.dialect' (remove the property setting and it will be selected by default)
2026-03-08T10:27:51.895+07:00  INFO 14712 --- [ielts] [restartedMain] org.hibernate.orm.connections.pooling    : HHH10001005: Database info:
	Database JDBC URL [jdbc:mysql://localhost:3306/db_ielts]
	Database driver: MySQL Connector/J
	Database dialect: MySQLDialect
	Database version: 8.0.37
	Default catalog/schema: db_ielts/undefined
	Autocommit mode: undefined/unknown
	Isolation level: REPEATABLE_READ [default REPEATABLE_READ]
	JDBC fetch size: none
	Pool: DataSourceConnectionProvider
	Minimum pool size: undefined/unknown
	Maximum pool size: undefined/unknown
2026-03-08T10:27:52.027+07:00  INFO 14712 --- [ielts] [restartedMain] org.hibernate.orm.core                   : HHH000489: No JTA platform available (set 'hibernate.transaction.jta.platform' to enable JTA platform integration)
2026-03-08T10:27:52.145+07:00  WARN 14712 --- [ielts] [restartedMain] JpaBaseConfiguration$JpaWebConfiguration : spring.jpa.open-in-view is enabled by default. Therefore, database queries may be performed during view rendering. Explicitly configure spring.jpa.open-in-view to disable this warning
2026-03-08T10:27:52.532+07:00  INFO 14712 --- [ielts] [restartedMain] com.ddhva.ielts.IeltsApplication         : Started IeltsApplication in 0.939 seconds (process running for 118.092)
2026-03-08T10:28:08.549+07:00  INFO 14712 --- [ielts] [SpringApplicationShutdownHook] com.zaxxer.hikari.HikariDataSource       : HikariPool-3 - Shutdown initiated...
2026-03-08T10:28:08.553+07:00  INFO 14712 --- [ielts] [SpringApplicationShutdownHook] com.zaxxer.hikari.HikariDataSource       : HikariPool-3 - Shutdown completed.
2026-03-08T10:28:28.229+07:00  INFO 22500 --- [ielts] [restartedMain] com.ddhva.ielts.IeltsApplication         : Starting IeltsApplication using Java 22.0.2 with PID 22500 (D:\DDHVA\Backend\ielts\target\classes started by Admin in D:\DDHVA\Backend\ielts)
2026-03-08T10:28:28.231+07:00 DEBUG 22500 --- [ielts] [restartedMain] com.ddhva.ielts.IeltsApplication         : Running with Spring Boot v4.0.2, Spring v7.0.3
2026-03-08T10:28:28.231+07:00  INFO 22500 --- [ielts] [restartedMain] com.ddhva.ielts.IeltsApplication         : No active profile set, falling back to 1 default profile: "default"
2026-03-08T10:28:29.277+07:00  INFO 22500 --- [ielts] [restartedMain] o.apache.catalina.core.StandardService   : Starting service [Tomcat]
2026-03-08T10:28:29.278+07:00  INFO 22500 --- [ielts] [restartedMain] o.apache.catalina.core.StandardEngine    : Starting Servlet engine: [Apache Tomcat/11.0.15]
2026-03-08T10:28:29.381+07:00 DEBUG 22500 --- [ielts] [restartedMain] com.ddhva.ielts.util.JWTFilter           : Filter 'JWTFilter' configured for use
2026-03-08T10:28:29.452+07:00  INFO 22500 --- [ielts] [restartedMain] org.hibernate.orm.jpa                    : HHH008540: Processing PersistenceUnitInfo [name: default]
2026-03-08T10:28:29.489+07:00  INFO 22500 --- [ielts] [restartedMain] org.hibernate.orm.core                   : HHH000001: Hibernate ORM core version 7.2.1.Final
2026-03-08T10:28:29.760+07:00  INFO 22500 --- [ielts] [restartedMain] com.zaxxer.hikari.HikariDataSource       : HikariPool-1 - Starting...
2026-03-08T10:28:29.943+07:00  INFO 22500 --- [ielts] [restartedMain] com.zaxxer.hikari.pool.HikariPool        : HikariPool-1 - Added connection com.mysql.cj.jdbc.ConnectionImpl@4eae78f1
2026-03-08T10:28:29.944+07:00  INFO 22500 --- [ielts] [restartedMain] com.zaxxer.hikari.HikariDataSource       : HikariPool-1 - Start completed.
2026-03-08T10:28:29.981+07:00  WARN 22500 --- [ielts] [restartedMain] org.hibernate.orm.deprecation            : HHH90000025: MySQLDialect does not need to be specified explicitly using 'hibernate.dialect' (remove the property setting and it will be selected by default)
2026-03-08T10:28:29.991+07:00  INFO 22500 --- [ielts] [restartedMain] org.hibernate.orm.connections.pooling    : HHH10001005: Database info:
	Database JDBC URL [jdbc:mysql://localhost:3306/db_ielts]
	Database driver: MySQL Connector/J
	Database dialect: MySQLDialect
	Database version: 8.0.37
	Default catalog/schema: db_ielts/undefined
	Autocommit mode: undefined/unknown
	Isolation level: REPEATABLE_READ [default REPEATABLE_READ]
	JDBC fetch size: none
	Pool: DataSourceConnectionProvider
	Minimum pool size: undefined/unknown
	Maximum pool size: undefined/unknown
2026-03-08T10:28:30.865+07:00  INFO 22500 --- [ielts] [restartedMain] org.hibernate.orm.core                   : HHH000489: No JTA platform available (set 'hibernate.transaction.jta.platform' to enable JTA platform integration)
2026-03-08T10:28:31.586+07:00  WARN 22500 --- [ielts] [restartedMain] JpaBaseConfiguration$JpaWebConfiguration : spring.jpa.open-in-view is enabled by default. Therefore, database queries may be performed during view rendering. Explicitly configure spring.jpa.open-in-view to disable this warning
2026-03-08T10:28:32.162+07:00  INFO 22500 --- [ielts] [restartedMain] com.ddhva.ielts.IeltsApplication         : Started IeltsApplication in 4.282 seconds (process running for 4.756)
2026-03-08T10:28:32.602+07:00  INFO 22500 --- [ielts] [RMI TCP Connection(2)-192.168.1.3] o.a.c.c.C.[Tomcat].[localhost].[/]       : Initializing Spring DispatcherServlet 'dispatcherServlet'
2026-03-08T10:28:35.930+07:00  INFO 22500 --- [ielts] [http-nio-8081-exec-1] com.ddhva.ielts.util.JWTFilter           : REQUEST: GET - /api/v1/vocabularies/topic/aa317a4d-e9e3-41ee-8ea7-e0ee840835a3
2026-03-08T10:28:36.105+07:00  INFO 22500 --- [ielts] [http-nio-8081-exec-1] c.d.i.s.impl.VocabularyServiceImpl       : Successfully fetched 30 vocabularies
2026-03-08T10:28:36.140+07:00  INFO 22500 --- [ielts] [http-nio-8081-exec-1] com.ddhva.ielts.util.JWTFilter           : RESPONSE: 200 - 210ms
2026-03-08T10:28:39.166+07:00  INFO 22500 --- [ielts] [http-nio-8081-exec-2] com.ddhva.ielts.util.JWTFilter           : REQUEST: PUT - /api/v1/vocabularies/02cb0637-4b3b-45b5-a205-eb23907430bc
2026-03-08T10:28:39.252+07:00  INFO 22500 --- [ielts] [http-nio-8081-exec-2] c.d.i.s.impl.VocabularyServiceImpl       : Successfully updated vocabulary 02cb0637-4b3b-45b5-a205-eb23907430bc
2026-03-08T10:28:39.254+07:00  INFO 22500 --- [ielts] [http-nio-8081-exec-2] com.ddhva.ielts.util.JWTFilter           : RESPONSE: 200 - 88ms
2026-03-08T10:29:23.358+07:00  INFO 22500 --- [ielts] [Thread-1] com.zaxxer.hikari.HikariDataSource       : HikariPool-1 - Shutdown initiated...
2026-03-08T10:29:23.362+07:00  INFO 22500 --- [ielts] [Thread-1] com.zaxxer.hikari.HikariDataSource       : HikariPool-1 - Shutdown completed.
2026-03-08T10:29:23.433+07:00  INFO 22500 --- [ielts] [restartedMain] com.ddhva.ielts.IeltsApplication         : Starting IeltsApplication using Java 22.0.2 with PID 22500 (D:\DDHVA\Backend\ielts\target\classes started by Admin in D:\DDHVA\Backend\ielts)
2026-03-08T10:29:23.434+07:00 DEBUG 22500 --- [ielts] [restartedMain] com.ddhva.ielts.IeltsApplication         : Running with Spring Boot v4.0.2, Spring v7.0.3
2026-03-08T10:29:23.434+07:00  INFO 22500 --- [ielts] [restartedMain] com.ddhva.ielts.IeltsApplication         : No active profile set, falling back to 1 default profile: "default"
2026-03-08T10:29:23.853+07:00  INFO 22500 --- [ielts] [restartedMain] o.apache.catalina.core.StandardService   : Starting service [Tomcat]
2026-03-08T10:29:23.853+07:00  INFO 22500 --- [ielts] [restartedMain] o.apache.catalina.core.StandardEngine    : Starting Servlet engine: [Apache Tomcat/11.0.15]
2026-03-08T10:29:23.901+07:00 DEBUG 22500 --- [ielts] [restartedMain] com.ddhva.ielts.util.JWTFilter           : Filter 'JWTFilter' configured for use
2026-03-08T10:29:23.936+07:00  INFO 22500 --- [ielts] [restartedMain] org.hibernate.orm.jpa                    : HHH008540: Processing PersistenceUnitInfo [name: default]
2026-03-08T10:29:23.959+07:00  INFO 22500 --- [ielts] [restartedMain] com.zaxxer.hikari.HikariDataSource       : HikariPool-2 - Starting...
2026-03-08T10:29:23.980+07:00  INFO 22500 --- [ielts] [restartedMain] com.zaxxer.hikari.pool.HikariPool        : HikariPool-2 - Added connection com.mysql.cj.jdbc.ConnectionImpl@228e92b4
2026-03-08T10:29:23.981+07:00  INFO 22500 --- [ielts] [restartedMain] com.zaxxer.hikari.HikariDataSource       : HikariPool-2 - Start completed.
2026-03-08T10:29:23.982+07:00  WARN 22500 --- [ielts] [restartedMain] org.hibernate.orm.deprecation            : HHH90000025: MySQLDialect does not need to be specified explicitly using 'hibernate.dialect' (remove the property setting and it will be selected by default)
2026-03-08T10:29:23.983+07:00  INFO 22500 --- [ielts] [restartedMain] org.hibernate.orm.connections.pooling    : HHH10001005: Database info:
	Database JDBC URL [jdbc:mysql://localhost:3306/db_ielts]
	Database driver: MySQL Connector/J
	Database dialect: MySQLDialect
	Database version: 8.0.37
	Default catalog/schema: db_ielts/undefined
	Autocommit mode: undefined/unknown
	Isolation level: REPEATABLE_READ [default REPEATABLE_READ]
	JDBC fetch size: none
	Pool: DataSourceConnectionProvider
	Minimum pool size: undefined/unknown
	Maximum pool size: undefined/unknown
2026-03-08T10:29:24.255+07:00  INFO 22500 --- [ielts] [restartedMain] org.hibernate.orm.core                   : HHH000489: No JTA platform available (set 'hibernate.transaction.jta.platform' to enable JTA platform integration)
2026-03-08T10:29:24.389+07:00  WARN 22500 --- [ielts] [restartedMain] JpaBaseConfiguration$JpaWebConfiguration : spring.jpa.open-in-view is enabled by default. Therefore, database queries may be performed during view rendering. Explicitly configure spring.jpa.open-in-view to disable this warning
2026-03-08T10:29:24.673+07:00  INFO 22500 --- [ielts] [restartedMain] com.ddhva.ielts.IeltsApplication         : Started IeltsApplication in 1.26 seconds (process running for 57.267)
2026-03-08T10:29:26.082+07:00  INFO 22500 --- [ielts] [Thread-5] com.zaxxer.hikari.HikariDataSource       : HikariPool-2 - Shutdown initiated...
2026-03-08T10:29:26.086+07:00  INFO 22500 --- [ielts] [Thread-5] com.zaxxer.hikari.HikariDataSource       : HikariPool-2 - Shutdown completed.
2026-03-08T10:29:26.154+07:00  INFO 22500 --- [ielts] [restartedMain] com.ddhva.ielts.IeltsApplication         : Starting IeltsApplication using Java 22.0.2 with PID 22500 (D:\DDHVA\Backend\ielts\target\classes started by Admin in D:\DDHVA\Backend\ielts)
2026-03-08T10:29:26.154+07:00 DEBUG 22500 --- [ielts] [restartedMain] com.ddhva.ielts.IeltsApplication         : Running with Spring Boot v4.0.2, Spring v7.0.3
2026-03-08T10:29:26.154+07:00  INFO 22500 --- [ielts] [restartedMain] com.ddhva.ielts.IeltsApplication         : No active profile set, falling back to 1 default profile: "default"
2026-03-08T10:29:26.450+07:00  INFO 22500 --- [ielts] [restartedMain] o.apache.catalina.core.StandardService   : Starting service [Tomcat]
2026-03-08T10:29:26.451+07:00  INFO 22500 --- [ielts] [restartedMain] o.apache.catalina.core.StandardEngine    : Starting Servlet engine: [Apache Tomcat/11.0.15]
2026-03-08T10:29:26.494+07:00 DEBUG 22500 --- [ielts] [restartedMain] com.ddhva.ielts.util.JWTFilter           : Filter 'JWTFilter' configured for use
2026-03-08T10:29:26.522+07:00  INFO 22500 --- [ielts] [restartedMain] org.hibernate.orm.jpa                    : HHH008540: Processing PersistenceUnitInfo [name: default]
2026-03-08T10:29:26.542+07:00  INFO 22500 --- [ielts] [restartedMain] com.zaxxer.hikari.HikariDataSource       : HikariPool-3 - Starting...
2026-03-08T10:29:26.551+07:00  INFO 22500 --- [ielts] [restartedMain] com.zaxxer.hikari.pool.HikariPool        : HikariPool-3 - Added connection com.mysql.cj.jdbc.ConnectionImpl@3b22ad49
2026-03-08T10:29:26.552+07:00  INFO 22500 --- [ielts] [restartedMain] com.zaxxer.hikari.HikariDataSource       : HikariPool-3 - Start completed.
2026-03-08T10:29:26.553+07:00  WARN 22500 --- [ielts] [restartedMain] org.hibernate.orm.deprecation            : HHH90000025: MySQLDialect does not need to be specified explicitly using 'hibernate.dialect' (remove the property setting and it will be selected by default)
2026-03-08T10:29:26.554+07:00  INFO 22500 --- [ielts] [restartedMain] org.hibernate.orm.connections.pooling    : HHH10001005: Database info:
	Database JDBC URL [jdbc:mysql://localhost:3306/db_ielts]
	Database driver: MySQL Connector/J
	Database dialect: MySQLDialect
	Database version: 8.0.37
	Default catalog/schema: db_ielts/undefined
	Autocommit mode: undefined/unknown
	Isolation level: REPEATABLE_READ [default REPEATABLE_READ]
	JDBC fetch size: none
	Pool: DataSourceConnectionProvider
	Minimum pool size: undefined/unknown
	Maximum pool size: undefined/unknown
2026-03-08T10:29:26.766+07:00  INFO 22500 --- [ielts] [restartedMain] org.hibernate.orm.core                   : HHH000489: No JTA platform available (set 'hibernate.transaction.jta.platform' to enable JTA platform integration)
2026-03-08T10:29:26.941+07:00  WARN 22500 --- [ielts] [restartedMain] JpaBaseConfiguration$JpaWebConfiguration : spring.jpa.open-in-view is enabled by default. Therefore, database queries may be performed during view rendering. Explicitly configure spring.jpa.open-in-view to disable this warning
2026-03-08T10:29:27.201+07:00  INFO 22500 --- [ielts] [restartedMain] com.ddhva.ielts.IeltsApplication         : Started IeltsApplication in 1.073 seconds (process running for 59.795)
2026-03-08T10:29:27.670+07:00  INFO 22500 --- [ielts] [http-nio-8081-exec-6] o.a.c.c.C.[Tomcat].[localhost].[/]       : Initializing Spring DispatcherServlet 'dispatcherServlet'
2026-03-08T10:29:27.674+07:00  INFO 22500 --- [ielts] [http-nio-8081-exec-6] com.ddhva.ielts.util.JWTFilter           : REQUEST: PUT - /api/v1/vocabularies/02cb0637-4b3b-45b5-a205-eb23907430bc
2026-03-08T10:29:27.715+07:00  INFO 22500 --- [ielts] [http-nio-8081-exec-6] c.d.i.s.impl.VocabularyServiceImpl       : Successfully updated vocabulary 02cb0637-4b3b-45b5-a205-eb23907430bc
2026-03-08T10:29:27.727+07:00  INFO 22500 --- [ielts] [http-nio-8081-exec-6] com.ddhva.ielts.util.JWTFilter           : RESPONSE: 200 - 53ms
2026-03-08T10:30:42.416+07:00  INFO 22500 --- [ielts] [SpringApplicationShutdownHook] com.zaxxer.hikari.HikariDataSource       : HikariPool-3 - Shutdown initiated...
2026-03-08T10:30:42.417+07:00  INFO 22500 --- [ielts] [SpringApplicationShutdownHook] com.zaxxer.hikari.HikariDataSource       : HikariPool-3 - Shutdown completed.
2026-03-08T10:30:44.156+07:00  INFO 1544 --- [ielts] [restartedMain] com.ddhva.ielts.IeltsApplication         : Starting IeltsApplication using Java 22.0.2 with PID 1544 (D:\DDHVA\Backend\ielts\target\classes started by Admin in D:\DDHVA\Backend\ielts)
2026-03-08T10:30:44.158+07:00 DEBUG 1544 --- [ielts] [restartedMain] com.ddhva.ielts.IeltsApplication         : Running with Spring Boot v4.0.2, Spring v7.0.3
2026-03-08T10:30:44.158+07:00  INFO 1544 --- [ielts] [restartedMain] com.ddhva.ielts.IeltsApplication         : No active profile set, falling back to 1 default profile: "default"
2026-03-08T10:30:45.205+07:00  INFO 1544 --- [ielts] [restartedMain] o.apache.catalina.core.StandardService   : Starting service [Tomcat]
2026-03-08T10:30:45.206+07:00  INFO 1544 --- [ielts] [restartedMain] o.apache.catalina.core.StandardEngine    : Starting Servlet engine: [Apache Tomcat/11.0.15]
2026-03-08T10:30:45.303+07:00 DEBUG 1544 --- [ielts] [restartedMain] com.ddhva.ielts.util.JWTFilter           : Filter 'JWTFilter' configured for use
2026-03-08T10:30:45.369+07:00  INFO 1544 --- [ielts] [restartedMain] org.hibernate.orm.jpa                    : HHH008540: Processing PersistenceUnitInfo [name: default]
2026-03-08T10:30:45.395+07:00  INFO 1544 --- [ielts] [restartedMain] org.hibernate.orm.core                   : HHH000001: Hibernate ORM core version 7.2.1.Final
2026-03-08T10:30:45.653+07:00  INFO 1544 --- [ielts] [restartedMain] com.zaxxer.hikari.HikariDataSource       : HikariPool-1 - Starting...
2026-03-08T10:30:45.845+07:00  INFO 1544 --- [ielts] [restartedMain] com.zaxxer.hikari.pool.HikariPool        : HikariPool-1 - Added connection com.mysql.cj.jdbc.ConnectionImpl@1ad7a06c
2026-03-08T10:30:45.846+07:00  INFO 1544 --- [ielts] [restartedMain] com.zaxxer.hikari.HikariDataSource       : HikariPool-1 - Start completed.
2026-03-08T10:30:45.882+07:00  WARN 1544 --- [ielts] [restartedMain] org.hibernate.orm.deprecation            : HHH90000025: MySQLDialect does not need to be specified explicitly using 'hibernate.dialect' (remove the property setting and it will be selected by default)
2026-03-08T10:30:45.894+07:00  INFO 1544 --- [ielts] [restartedMain] org.hibernate.orm.connections.pooling    : HHH10001005: Database info:
	Database JDBC URL [jdbc:mysql://localhost:3306/db_ielts]
	Database driver: MySQL Connector/J
	Database dialect: MySQLDialect
	Database version: 8.0.37
	Default catalog/schema: db_ielts/undefined
	Autocommit mode: undefined/unknown
	Isolation level: REPEATABLE_READ [default REPEATABLE_READ]
	JDBC fetch size: none
	Pool: DataSourceConnectionProvider
	Minimum pool size: undefined/unknown
	Maximum pool size: undefined/unknown
2026-03-08T10:30:46.712+07:00  INFO 1544 --- [ielts] [restartedMain] org.hibernate.orm.core                   : HHH000489: No JTA platform available (set 'hibernate.transaction.jta.platform' to enable JTA platform integration)
2026-03-08T10:30:47.421+07:00  WARN 1544 --- [ielts] [restartedMain] JpaBaseConfiguration$JpaWebConfiguration : spring.jpa.open-in-view is enabled by default. Therefore, database queries may be performed during view rendering. Explicitly configure spring.jpa.open-in-view to disable this warning
2026-03-08T10:30:47.963+07:00  INFO 1544 --- [ielts] [restartedMain] com.ddhva.ielts.IeltsApplication         : Started IeltsApplication in 4.138 seconds (process running for 4.719)
2026-03-08T10:30:48.454+07:00  INFO 1544 --- [ielts] [RMI TCP Connection(2)-192.168.1.3] o.a.c.c.C.[Tomcat].[localhost].[/]       : Initializing Spring DispatcherServlet 'dispatcherServlet'
2026-03-08T10:31:00.713+07:00  INFO 1544 --- [ielts] [http-nio-8081-exec-1] com.ddhva.ielts.util.JWTFilter           : REQUEST: PUT - /api/v1/vocabularies/02cb0637-4b3b-45b5-a205-eb23907430bc
2026-03-08T10:31:00.948+07:00  INFO 1544 --- [ielts] [http-nio-8081-exec-1] c.d.i.s.impl.VocabularyServiceImpl       : Successfully updated vocabulary 02cb0637-4b3b-45b5-a205-eb23907430bc
2026-03-08T10:31:00.975+07:00  INFO 1544 --- [ielts] [http-nio-8081-exec-1] com.ddhva.ielts.util.JWTFilter           : RESPONSE: 200 - 262ms
2026-03-08T10:33:46.108+07:00  INFO 1544 --- [ielts] [SpringApplicationShutdownHook] com.zaxxer.hikari.HikariDataSource       : HikariPool-1 - Shutdown initiated...
2026-03-08T10:33:46.112+07:00  INFO 1544 --- [ielts] [SpringApplicationShutdownHook] com.zaxxer.hikari.HikariDataSource       : HikariPool-1 - Shutdown completed.
2026-03-08T10:33:49.250+07:00  INFO 7852 --- [ielts] [restartedMain] com.ddhva.ielts.IeltsApplication         : Starting IeltsApplication using Java 22.0.2 with PID 7852 (D:\DDHVA\Backend\ielts\target\classes started by Admin in D:\DDHVA\Backend\ielts)
2026-03-08T10:33:49.251+07:00 DEBUG 7852 --- [ielts] [restartedMain] com.ddhva.ielts.IeltsApplication         : Running with Spring Boot v4.0.2, Spring v7.0.3
2026-03-08T10:33:49.252+07:00  INFO 7852 --- [ielts] [restartedMain] com.ddhva.ielts.IeltsApplication         : No active profile set, falling back to 1 default profile: "default"
2026-03-08T10:33:50.292+07:00  INFO 7852 --- [ielts] [restartedMain] o.apache.catalina.core.StandardService   : Starting service [Tomcat]
2026-03-08T10:33:50.293+07:00  INFO 7852 --- [ielts] [restartedMain] o.apache.catalina.core.StandardEngine    : Starting Servlet engine: [Apache Tomcat/11.0.15]
2026-03-08T10:33:50.391+07:00 DEBUG 7852 --- [ielts] [restartedMain] com.ddhva.ielts.util.JWTFilter           : Filter 'JWTFilter' configured for use
2026-03-08T10:33:50.459+07:00  INFO 7852 --- [ielts] [restartedMain] org.hibernate.orm.jpa                    : HHH008540: Processing PersistenceUnitInfo [name: default]
2026-03-08T10:33:50.487+07:00  INFO 7852 --- [ielts] [restartedMain] org.hibernate.orm.core                   : HHH000001: Hibernate ORM core version 7.2.1.Final
2026-03-08T10:33:50.750+07:00  INFO 7852 --- [ielts] [restartedMain] com.zaxxer.hikari.HikariDataSource       : HikariPool-1 - Starting...
2026-03-08T10:33:50.930+07:00  INFO 7852 --- [ielts] [restartedMain] com.zaxxer.hikari.pool.HikariPool        : HikariPool-1 - Added connection com.mysql.cj.jdbc.ConnectionImpl@1a180f35
2026-03-08T10:33:50.931+07:00  INFO 7852 --- [ielts] [restartedMain] com.zaxxer.hikari.HikariDataSource       : HikariPool-1 - Start completed.
2026-03-08T10:33:50.969+07:00  WARN 7852 --- [ielts] [restartedMain] org.hibernate.orm.deprecation            : HHH90000025: MySQLDialect does not need to be specified explicitly using 'hibernate.dialect' (remove the property setting and it will be selected by default)
2026-03-08T10:33:50.980+07:00  INFO 7852 --- [ielts] [restartedMain] org.hibernate.orm.connections.pooling    : HHH10001005: Database info:
	Database JDBC URL [jdbc:mysql://localhost:3306/db_ielts]
	Database driver: MySQL Connector/J
	Database dialect: MySQLDialect
	Database version: 8.0.37
	Default catalog/schema: db_ielts/undefined
	Autocommit mode: undefined/unknown
	Isolation level: REPEATABLE_READ [default REPEATABLE_READ]
	JDBC fetch size: none
	Pool: DataSourceConnectionProvider
	Minimum pool size: undefined/unknown
	Maximum pool size: undefined/unknown
2026-03-08T10:33:51.801+07:00  INFO 7852 --- [ielts] [restartedMain] org.hibernate.orm.core                   : HHH000489: No JTA platform available (set 'hibernate.transaction.jta.platform' to enable JTA platform integration)
2026-03-08T10:33:52.504+07:00  WARN 7852 --- [ielts] [restartedMain] JpaBaseConfiguration$JpaWebConfiguration : spring.jpa.open-in-view is enabled by default. Therefore, database queries may be performed during view rendering. Explicitly configure spring.jpa.open-in-view to disable this warning
2026-03-08T10:33:53.084+07:00  INFO 7852 --- [ielts] [restartedMain] com.ddhva.ielts.IeltsApplication         : Started IeltsApplication in 4.165 seconds (process running for 4.615)
2026-03-08T10:33:53.664+07:00  INFO 7852 --- [ielts] [RMI TCP Connection(1)-192.168.1.3] o.a.c.c.C.[Tomcat].[localhost].[/]       : Initializing Spring DispatcherServlet 'dispatcherServlet'
2026-03-08T10:33:56.283+07:00  INFO 7852 --- [ielts] [http-nio-8081-exec-1] com.ddhva.ielts.util.JWTFilter           : REQUEST: PUT - /api/v1/vocabularies/02cb0637-4b3b-45b5-a205-eb23907430bc
2026-03-08T10:33:56.480+07:00  INFO 7852 --- [ielts] [http-nio-8081-exec-1] c.d.i.s.impl.VocabularyServiceImpl       : Successfully updated vocabulary 02cb0637-4b3b-45b5-a205-eb23907430bc
2026-03-08T10:33:56.506+07:00  INFO 7852 --- [ielts] [http-nio-8081-exec-1] com.ddhva.ielts.util.JWTFilter           : RESPONSE: 200 - 223ms
2026-03-08T10:34:15.875+07:00  INFO 7852 --- [ielts] [http-nio-8081-exec-3] com.ddhva.ielts.util.JWTFilter           : REQUEST: GET - /api/v1/vocabularies/09594234-8db5-4e7c-b309-faae51b3d65a
2026-03-08T10:34:15.889+07:00  INFO 7852 --- [ielts] [http-nio-8081-exec-3] c.d.i.s.impl.VocabularyServiceImpl       : Successfully mapped 09594234-8db5-4e7c-b309-faae51b3d65a vocabulary to VocabularyResponse
2026-03-08T10:34:15.891+07:00  INFO 7852 --- [ielts] [http-nio-8081-exec-3] com.ddhva.ielts.util.JWTFilter           : RESPONSE: 200 - 16ms
2026-03-08T10:36:03.258+07:00  INFO 7852 --- [ielts] [http-nio-8081-exec-6] com.ddhva.ielts.util.JWTFilter           : REQUEST: DELETE - /api/v1/vocabularies/02cb0637-4b3b-45b5-a205-eb23907430bc
2026-03-08T10:36:03.273+07:00  INFO 7852 --- [ielts] [http-nio-8081-exec-6] c.d.i.s.impl.VocabularyServiceImpl       : Successfully deleted vocabulary 02cb0637-4b3b-45b5-a205-eb23907430bc
2026-03-08T10:36:03.274+07:00  INFO 7852 --- [ielts] [http-nio-8081-exec-6] com.ddhva.ielts.util.JWTFilter           : RESPONSE: 200 - 16ms
2026-03-08T10:36:08.869+07:00  INFO 7852 --- [ielts] [http-nio-8081-exec-7] com.ddhva.ielts.util.JWTFilter           : REQUEST: GET - /api/v1/vocabularies/search
2026-03-08T10:36:08.963+07:00  INFO 7852 --- [ielts] [http-nio-8081-exec-7] c.d.i.s.impl.VocabularyServiceImpl       : Successfully fetched 21 vocabularies
2026-03-08T10:36:08.965+07:00  INFO 7852 --- [ielts] [http-nio-8081-exec-7] com.ddhva.ielts.util.JWTFilter           : RESPONSE: 200 - 97ms
2026-03-08T10:37:39.422+07:00  INFO 7852 --- [ielts] [http-nio-8081-exec-10] com.ddhva.ielts.util.JWTFilter           : REQUEST: GET - /api/v1/vocabularies/topic/aa317a4d-e9e3-41ee-8ea7-e0ee840835a3
2026-03-08T10:37:39.437+07:00  INFO 7852 --- [ielts] [http-nio-8081-exec-10] c.d.i.s.impl.VocabularyServiceImpl       : Successfully fetched 29 vocabularies
2026-03-08T10:37:39.439+07:00  INFO 7852 --- [ielts] [http-nio-8081-exec-10] com.ddhva.ielts.util.JWTFilter           : RESPONSE: 200 - 17ms
2026-03-08T10:37:48.934+07:00  INFO 7852 --- [ielts] [http-nio-8081-exec-2] com.ddhva.ielts.util.JWTFilter           : REQUEST: GET - /api/v1/vocabularies/topic/aa317a4d-e9e3-41ee-8ea7-e0ee840835a3
2026-03-08T10:37:48.940+07:00  INFO 7852 --- [ielts] [http-nio-8081-exec-2] c.d.i.s.impl.VocabularyServiceImpl       : Successfully fetched 29 vocabularies
2026-03-08T10:37:48.942+07:00  INFO 7852 --- [ielts] [http-nio-8081-exec-2] com.ddhva.ielts.util.JWTFilter           : RESPONSE: 200 - 8ms
2026-03-08T10:44:15.587+07:00  INFO 7852 --- [ielts] [Thread-1] com.zaxxer.hikari.HikariDataSource       : HikariPool-1 - Shutdown initiated...
2026-03-08T10:44:15.591+07:00  INFO 7852 --- [ielts] [Thread-1] com.zaxxer.hikari.HikariDataSource       : HikariPool-1 - Shutdown completed.
2026-03-08T10:44:15.684+07:00  INFO 7852 --- [ielts] [restartedMain] com.ddhva.ielts.IeltsApplication         : Starting IeltsApplication using Java 22.0.2 with PID 7852 (D:\DDHVA\Backend\ielts\target\classes started by Admin in D:\DDHVA\Backend\ielts)
2026-03-08T10:44:15.684+07:00 DEBUG 7852 --- [ielts] [restartedMain] com.ddhva.ielts.IeltsApplication         : Running with Spring Boot v4.0.2, Spring v7.0.3
2026-03-08T10:44:15.684+07:00  INFO 7852 --- [ielts] [restartedMain] com.ddhva.ielts.IeltsApplication         : No active profile set, falling back to 1 default profile: "default"
2026-03-08T10:44:16.146+07:00  INFO 7852 --- [ielts] [restartedMain] o.apache.catalina.core.StandardService   : Starting service [Tomcat]
2026-03-08T10:44:16.146+07:00  INFO 7852 --- [ielts] [restartedMain] o.apache.catalina.core.StandardEngine    : Starting Servlet engine: [Apache Tomcat/11.0.15]
2026-03-08T10:44:16.194+07:00 DEBUG 7852 --- [ielts] [restartedMain] com.ddhva.ielts.util.JWTFilter           : Filter 'JWTFilter' configured for use
2026-03-08T10:44:16.240+07:00  INFO 7852 --- [ielts] [restartedMain] org.hibernate.orm.jpa                    : HHH008540: Processing PersistenceUnitInfo [name: default]
2026-03-08T10:44:16.272+07:00  INFO 7852 --- [ielts] [restartedMain] com.zaxxer.hikari.HikariDataSource       : HikariPool-2 - Starting...
2026-03-08T10:44:16.293+07:00  INFO 7852 --- [ielts] [restartedMain] com.zaxxer.hikari.pool.HikariPool        : HikariPool-2 - Added connection com.mysql.cj.jdbc.ConnectionImpl@4a79c0a7
2026-03-08T10:44:16.293+07:00  INFO 7852 --- [ielts] [restartedMain] com.zaxxer.hikari.HikariDataSource       : HikariPool-2 - Start completed.
2026-03-08T10:44:16.294+07:00  WARN 7852 --- [ielts] [restartedMain] org.hibernate.orm.deprecation            : HHH90000025: MySQLDialect does not need to be specified explicitly using 'hibernate.dialect' (remove the property setting and it will be selected by default)
2026-03-08T10:44:16.295+07:00  INFO 7852 --- [ielts] [restartedMain] org.hibernate.orm.connections.pooling    : HHH10001005: Database info:
	Database JDBC URL [jdbc:mysql://localhost:3306/db_ielts]
	Database driver: MySQL Connector/J
	Database dialect: MySQLDialect
	Database version: 8.0.37
	Default catalog/schema: db_ielts/undefined
	Autocommit mode: undefined/unknown
	Isolation level: REPEATABLE_READ [default REPEATABLE_READ]
	JDBC fetch size: none
	Pool: DataSourceConnectionProvider
	Minimum pool size: undefined/unknown
	Maximum pool size: undefined/unknown
2026-03-08T10:44:16.592+07:00  INFO 7852 --- [ielts] [restartedMain] org.hibernate.orm.core                   : HHH000489: No JTA platform available (set 'hibernate.transaction.jta.platform' to enable JTA platform integration)
2026-03-08T10:44:16.718+07:00  WARN 7852 --- [ielts] [restartedMain] ConfigServletWebServerApplicationContext : Exception encountered during context initialization - cancelling refresh attempt: org.springframework.beans.factory.BeanCreationException: Error creating bean with name 'vocabularyController': Lookup method resolution failed
2026-03-08T10:44:16.719+07:00  INFO 7852 --- [ielts] [restartedMain] com.zaxxer.hikari.HikariDataSource       : HikariPool-2 - Shutdown initiated...
2026-03-08T10:44:16.746+07:00  INFO 7852 --- [ielts] [restartedMain] com.zaxxer.hikari.HikariDataSource       : HikariPool-2 - Shutdown completed.
2026-03-08T10:44:16.747+07:00  INFO 7852 --- [ielts] [restartedMain] o.apache.catalina.core.StandardService   : Stopping service [Tomcat]
2026-03-08T10:44:16.762+07:00 ERROR 7852 --- [ielts] [restartedMain] o.s.boot.SpringApplication               : Application run failed

org.springframework.beans.factory.BeanCreationException: Error creating bean with name 'vocabularyController': Lookup method resolution failed
	at org.springframework.beans.factory.annotation.AutowiredAnnotationBeanPostProcessor.checkLookupMethods(AutowiredAnnotationBeanPostProcessor.java:481) ~[spring-beans-7.0.3.jar:7.0.3]
	at org.springframework.beans.factory.annotation.AutowiredAnnotationBeanPostProcessor.determineCandidateConstructors(AutowiredAnnotationBeanPostProcessor.java:351) ~[spring-beans-7.0.3.jar:7.0.3]
	at org.springframework.beans.factory.support.AbstractAutowireCapableBeanFactory.determineConstructorsFromBeanPostProcessors(AbstractAutowireCapableBeanFactory.java:1321) ~[spring-beans-7.0.3.jar:7.0.3]
	at org.springframework.beans.factory.support.AbstractAutowireCapableBeanFactory.createBeanInstance(AbstractAutowireCapableBeanFactory.java:1218) ~[spring-beans-7.0.3.jar:7.0.3]
	at org.springframework.beans.factory.support.AbstractAutowireCapableBeanFactory.doCreateBean(AbstractAutowireCapableBeanFactory.java:565) ~[spring-beans-7.0.3.jar:7.0.3]
	at org.springframework.beans.factory.support.AbstractAutowireCapableBeanFactory.createBean(AbstractAutowireCapableBeanFactory.java:525) ~[spring-beans-7.0.3.jar:7.0.3]
	at org.springframework.beans.factory.support.AbstractBeanFactory.lambda$doGetBean$0(AbstractBeanFactory.java:333) ~[spring-beans-7.0.3.jar:7.0.3]
	at org.springframework.beans.factory.support.DefaultSingletonBeanRegistry.getSingleton(DefaultSingletonBeanRegistry.java:371) ~[spring-beans-7.0.3.jar:7.0.3]
	at org.springframework.beans.factory.support.AbstractBeanFactory.doGetBean(AbstractBeanFactory.java:331) ~[spring-beans-7.0.3.jar:7.0.3]
	at org.springframework.beans.factory.support.AbstractBeanFactory.getBean(AbstractBeanFactory.java:196) ~[spring-beans-7.0.3.jar:7.0.3]
	at org.springframework.beans.factory.support.DefaultListableBeanFactory.instantiateSingleton(DefaultListableBeanFactory.java:1218) ~[spring-beans-7.0.3.jar:7.0.3]
	at org.springframework.beans.factory.support.DefaultListableBeanFactory.preInstantiateSingleton(DefaultListableBeanFactory.java:1184) ~[spring-beans-7.0.3.jar:7.0.3]
	at org.springframework.beans.factory.support.DefaultListableBeanFactory.preInstantiateSingletons(DefaultListableBeanFactory.java:1121) ~[spring-beans-7.0.3.jar:7.0.3]
	at org.springframework.context.support.AbstractApplicationContext.finishBeanFactoryInitialization(AbstractApplicationContext.java:993) ~[spring-context-7.0.3.jar:7.0.3]
	at org.springframework.context.support.AbstractApplicationContext.refresh(AbstractApplicationContext.java:620) ~[spring-context-7.0.3.jar:7.0.3]
	at org.springframework.boot.web.server.servlet.context.ServletWebServerApplicationContext.refresh(ServletWebServerApplicationContext.java:143) ~[spring-boot-web-server-4.0.2.jar:4.0.2]
	at org.springframework.boot.SpringApplication.refresh(SpringApplication.java:756) ~[spring-boot-4.0.2.jar:4.0.2]
	at org.springframework.boot.SpringApplication.refreshContext(SpringApplication.java:445) ~[spring-boot-4.0.2.jar:4.0.2]
	at org.springframework.boot.SpringApplication.run(SpringApplication.java:321) ~[spring-boot-4.0.2.jar:4.0.2]
	at org.springframework.boot.SpringApplication.run(SpringApplication.java:1365) ~[spring-boot-4.0.2.jar:4.0.2]
	at org.springframework.boot.SpringApplication.run(SpringApplication.java:1354) ~[spring-boot-4.0.2.jar:4.0.2]
	at com.ddhva.ielts.IeltsApplication.main(IeltsApplication.java:16) ~[classes/:na]
	at java.base/jdk.internal.reflect.DirectMethodHandleAccessor.invoke(DirectMethodHandleAccessor.java:103) ~[na:na]
	at java.base/java.lang.reflect.Method.invoke(Method.java:580) ~[na:na]
	at org.springframework.boot.devtools.restart.RestartLauncher.run(RestartLauncher.java:52) ~[spring-boot-devtools-4.0.2.jar:4.0.2]
Caused by: java.lang.IllegalStateException: Failed to introspect Class [com.ddhva.ielts.controller.VocabularyController] from ClassLoader [org.springframework.boot.devtools.restart.classloader.RestartClassLoader@3021a174]
	at org.springframework.util.ReflectionUtils.getDeclaredMethods(ReflectionUtils.java:483) ~[spring-core-7.0.3.jar:7.0.3]
	at org.springframework.util.ReflectionUtils.doWithLocalMethods(ReflectionUtils.java:320) ~[spring-core-7.0.3.jar:7.0.3]
	at org.springframework.beans.factory.annotation.AutowiredAnnotationBeanPostProcessor.checkLookupMethods(AutowiredAnnotationBeanPostProcessor.java:459) ~[spring-beans-7.0.3.jar:7.0.3]
	... 24 common frames omitted
Caused by: java.lang.NoClassDefFoundError: com/ddhva/ielts/dto/vocabulary/req/VocabularyRequest
	at java.base/java.lang.Class.getDeclaredMethods0(Native Method) ~[na:na]
	at java.base/java.lang.Class.privateGetDeclaredMethods(Class.java:3601) ~[na:na]
	at java.base/java.lang.Class.getDeclaredMethods(Class.java:2686) ~[na:na]
	at org.springframework.util.ReflectionUtils.getDeclaredMethods(ReflectionUtils.java:465) ~[spring-core-7.0.3.jar:7.0.3]
	... 26 common frames omitted
Caused by: java.lang.ClassNotFoundException: com.ddhva.ielts.dto.vocabulary.req.VocabularyRequest
	at java.base/jdk.internal.loader.BuiltinClassLoader.loadClass(BuiltinClassLoader.java:641) ~[na:na]
	at java.base/jdk.internal.loader.ClassLoaders$AppClassLoader.loadClass(ClassLoaders.java:188) ~[na:na]
	at java.base/java.lang.ClassLoader.loadClass(ClassLoader.java:525) ~[na:na]
	at java.base/java.lang.Class.forName0(Native Method) ~[na:na]
	at java.base/java.lang.Class.forName(Class.java:529) ~[na:na]
	at java.base/java.lang.Class.forName(Class.java:508) ~[na:na]
	at org.springframework.boot.devtools.restart.classloader.RestartClassLoader.loadClass(RestartClassLoader.java:123) ~[spring-boot-devtools-4.0.2.jar:4.0.2]
	at java.base/java.lang.ClassLoader.loadClass(ClassLoader.java:525) ~[na:na]
	... 30 common frames omitted

2026-03-08T10:44:18.203+07:00  INFO 7852 --- [ielts] [restartedMain] com.ddhva.ielts.IeltsApplication         : Starting IeltsApplication using Java 22.0.2 with PID 7852 (D:\DDHVA\Backend\ielts\target\classes started by Admin in D:\DDHVA\Backend\ielts)
2026-03-08T10:44:18.203+07:00 DEBUG 7852 --- [ielts] [restartedMain] com.ddhva.ielts.IeltsApplication         : Running with Spring Boot v4.0.2, Spring v7.0.3
2026-03-08T10:44:18.203+07:00  INFO 7852 --- [ielts] [restartedMain] com.ddhva.ielts.IeltsApplication         : No active profile set, falling back to 1 default profile: "default"
2026-03-08T10:44:18.433+07:00  INFO 7852 --- [ielts] [restartedMain] o.apache.catalina.core.StandardService   : Starting service [Tomcat]
2026-03-08T10:44:18.433+07:00  INFO 7852 --- [ielts] [restartedMain] o.apache.catalina.core.StandardEngine    : Starting Servlet engine: [Apache Tomcat/11.0.15]
2026-03-08T10:44:18.467+07:00 DEBUG 7852 --- [ielts] [restartedMain] com.ddhva.ielts.util.JWTFilter           : Filter 'JWTFilter' configured for use
2026-03-08T10:44:18.485+07:00  INFO 7852 --- [ielts] [restartedMain] org.hibernate.orm.jpa                    : HHH008540: Processing PersistenceUnitInfo [name: default]
2026-03-08T10:44:18.496+07:00  INFO 7852 --- [ielts] [restartedMain] com.zaxxer.hikari.HikariDataSource       : HikariPool-3 - Starting...
2026-03-08T10:44:18.505+07:00  INFO 7852 --- [ielts] [restartedMain] com.zaxxer.hikari.pool.HikariPool        : HikariPool-3 - Added connection com.mysql.cj.jdbc.ConnectionImpl@50c26553
2026-03-08T10:44:18.506+07:00  INFO 7852 --- [ielts] [restartedMain] com.zaxxer.hikari.HikariDataSource       : HikariPool-3 - Start completed.
2026-03-08T10:44:18.507+07:00  WARN 7852 --- [ielts] [restartedMain] org.hibernate.orm.deprecation            : HHH90000025: MySQLDialect does not need to be specified explicitly using 'hibernate.dialect' (remove the property setting and it will be selected by default)
2026-03-08T10:44:18.507+07:00  INFO 7852 --- [ielts] [restartedMain] org.hibernate.orm.connections.pooling    : HHH10001005: Database info:
	Database JDBC URL [jdbc:mysql://localhost:3306/db_ielts]
	Database driver: MySQL Connector/J
	Database dialect: MySQLDialect
	Database version: 8.0.37
	Default catalog/schema: db_ielts/undefined
	Autocommit mode: undefined/unknown
	Isolation level: REPEATABLE_READ [default REPEATABLE_READ]
	JDBC fetch size: none
	Pool: DataSourceConnectionProvider
	Minimum pool size: undefined/unknown
	Maximum pool size: undefined/unknown
2026-03-08T10:44:18.624+07:00  INFO 7852 --- [ielts] [restartedMain] org.hibernate.orm.core                   : HHH000489: No JTA platform available (set 'hibernate.transaction.jta.platform' to enable JTA platform integration)
2026-03-08T10:44:18.754+07:00  WARN 7852 --- [ielts] [restartedMain] JpaBaseConfiguration$JpaWebConfiguration : spring.jpa.open-in-view is enabled by default. Therefore, database queries may be performed during view rendering. Explicitly configure spring.jpa.open-in-view to disable this warning
2026-03-08T10:44:19.000+07:00  INFO 7852 --- [ielts] [restartedMain] com.ddhva.ielts.IeltsApplication         : Started IeltsApplication in 0.814 seconds (process running for 630.53)
2026-03-08T10:45:16.552+07:00  INFO 7852 --- [ielts] [Thread-5] com.zaxxer.hikari.HikariDataSource       : HikariPool-3 - Shutdown initiated...
2026-03-08T10:45:16.556+07:00  INFO 7852 --- [ielts] [Thread-5] com.zaxxer.hikari.HikariDataSource       : HikariPool-3 - Shutdown completed.
2026-03-08T10:45:16.618+07:00  INFO 7852 --- [ielts] [restartedMain] com.ddhva.ielts.IeltsApplication         : Starting IeltsApplication using Java 22.0.2 with PID 7852 (D:\DDHVA\Backend\ielts\target\classes started by Admin in D:\DDHVA\Backend\ielts)
2026-03-08T10:45:16.619+07:00 DEBUG 7852 --- [ielts] [restartedMain] com.ddhva.ielts.IeltsApplication         : Running with Spring Boot v4.0.2, Spring v7.0.3
2026-03-08T10:45:16.619+07:00  INFO 7852 --- [ielts] [restartedMain] com.ddhva.ielts.IeltsApplication         : No active profile set, falling back to 1 default profile: "default"
2026-03-08T10:45:16.857+07:00  INFO 7852 --- [ielts] [restartedMain] o.apache.catalina.core.StandardService   : Starting service [Tomcat]
2026-03-08T10:45:16.857+07:00  INFO 7852 --- [ielts] [restartedMain] o.apache.catalina.core.StandardEngine    : Starting Servlet engine: [Apache Tomcat/11.0.15]
2026-03-08T10:45:16.903+07:00 DEBUG 7852 --- [ielts] [restartedMain] com.ddhva.ielts.util.JWTFilter           : Filter 'JWTFilter' configured for use
2026-03-08T10:45:16.923+07:00  INFO 7852 --- [ielts] [restartedMain] org.hibernate.orm.jpa                    : HHH008540: Processing PersistenceUnitInfo [name: default]
2026-03-08T10:45:16.935+07:00  INFO 7852 --- [ielts] [restartedMain] com.zaxxer.hikari.HikariDataSource       : HikariPool-4 - Starting...
2026-03-08T10:45:16.944+07:00  INFO 7852 --- [ielts] [restartedMain] com.zaxxer.hikari.pool.HikariPool        : HikariPool-4 - Added connection com.mysql.cj.jdbc.ConnectionImpl@3a1e52e
2026-03-08T10:45:16.945+07:00  INFO 7852 --- [ielts] [restartedMain] com.zaxxer.hikari.HikariDataSource       : HikariPool-4 - Start completed.
2026-03-08T10:45:16.946+07:00  WARN 7852 --- [ielts] [restartedMain] org.hibernate.orm.deprecation            : HHH90000025: MySQLDialect does not need to be specified explicitly using 'hibernate.dialect' (remove the property setting and it will be selected by default)
2026-03-08T10:45:16.946+07:00  INFO 7852 --- [ielts] [restartedMain] org.hibernate.orm.connections.pooling    : HHH10001005: Database info:
	Database JDBC URL [jdbc:mysql://localhost:3306/db_ielts]
	Database driver: MySQL Connector/J
	Database dialect: MySQLDialect
	Database version: 8.0.37
	Default catalog/schema: db_ielts/undefined
	Autocommit mode: undefined/unknown
	Isolation level: REPEATABLE_READ [default REPEATABLE_READ]
	JDBC fetch size: none
	Pool: DataSourceConnectionProvider
	Minimum pool size: undefined/unknown
	Maximum pool size: undefined/unknown
2026-03-08T10:45:17.077+07:00  INFO 7852 --- [ielts] [restartedMain] org.hibernate.orm.core                   : HHH000489: No JTA platform available (set 'hibernate.transaction.jta.platform' to enable JTA platform integration)
2026-03-08T10:45:17.195+07:00  WARN 7852 --- [ielts] [restartedMain] JpaBaseConfiguration$JpaWebConfiguration : spring.jpa.open-in-view is enabled by default. Therefore, database queries may be performed during view rendering. Explicitly configure spring.jpa.open-in-view to disable this warning
2026-03-08T10:45:17.431+07:00  INFO 7852 --- [ielts] [restartedMain] com.ddhva.ielts.IeltsApplication         : Started IeltsApplication in 0.827 seconds (process running for 688.962)
2026-03-08T10:45:18.850+07:00  INFO 7852 --- [ielts] [Thread-12] com.zaxxer.hikari.HikariDataSource       : HikariPool-4 - Shutdown initiated...
2026-03-08T10:45:18.852+07:00  INFO 7852 --- [ielts] [Thread-12] com.zaxxer.hikari.HikariDataSource       : HikariPool-4 - Shutdown completed.
2026-03-08T10:45:18.904+07:00  INFO 7852 --- [ielts] [restartedMain] com.ddhva.ielts.IeltsApplication         : Starting IeltsApplication using Java 22.0.2 with PID 7852 (D:\DDHVA\Backend\ielts\target\classes started by Admin in D:\DDHVA\Backend\ielts)
2026-03-08T10:45:18.904+07:00 DEBUG 7852 --- [ielts] [restartedMain] com.ddhva.ielts.IeltsApplication         : Running with Spring Boot v4.0.2, Spring v7.0.3
2026-03-08T10:45:18.904+07:00  INFO 7852 --- [ielts] [restartedMain] com.ddhva.ielts.IeltsApplication         : No active profile set, falling back to 1 default profile: "default"
2026-03-08T10:45:19.115+07:00  INFO 7852 --- [ielts] [restartedMain] o.apache.catalina.core.StandardService   : Starting service [Tomcat]
2026-03-08T10:45:19.115+07:00  INFO 7852 --- [ielts] [restartedMain] o.apache.catalina.core.StandardEngine    : Starting Servlet engine: [Apache Tomcat/11.0.15]
2026-03-08T10:45:19.142+07:00 DEBUG 7852 --- [ielts] [restartedMain] com.ddhva.ielts.util.JWTFilter           : Filter 'JWTFilter' configured for use
2026-03-08T10:45:19.158+07:00  INFO 7852 --- [ielts] [restartedMain] org.hibernate.orm.jpa                    : HHH008540: Processing PersistenceUnitInfo [name: default]
2026-03-08T10:45:19.169+07:00  INFO 7852 --- [ielts] [restartedMain] com.zaxxer.hikari.HikariDataSource       : HikariPool-5 - Starting...
2026-03-08T10:45:19.177+07:00  INFO 7852 --- [ielts] [restartedMain] com.zaxxer.hikari.pool.HikariPool        : HikariPool-5 - Added connection com.mysql.cj.jdbc.ConnectionImpl@4d179d06
2026-03-08T10:45:19.177+07:00  INFO 7852 --- [ielts] [restartedMain] com.zaxxer.hikari.HikariDataSource       : HikariPool-5 - Start completed.
2026-03-08T10:45:19.178+07:00  WARN 7852 --- [ielts] [restartedMain] org.hibernate.orm.deprecation            : HHH90000025: MySQLDialect does not need to be specified explicitly using 'hibernate.dialect' (remove the property setting and it will be selected by default)
2026-03-08T10:45:19.178+07:00  INFO 7852 --- [ielts] [restartedMain] org.hibernate.orm.connections.pooling    : HHH10001005: Database info:
	Database JDBC URL [jdbc:mysql://localhost:3306/db_ielts]
	Database driver: MySQL Connector/J
	Database dialect: MySQLDialect
	Database version: 8.0.37
	Default catalog/schema: db_ielts/undefined
	Autocommit mode: undefined/unknown
	Isolation level: REPEATABLE_READ [default REPEATABLE_READ]
	JDBC fetch size: none
	Pool: DataSourceConnectionProvider
	Minimum pool size: undefined/unknown
	Maximum pool size: undefined/unknown
2026-03-08T10:45:19.275+07:00  INFO 7852 --- [ielts] [restartedMain] org.hibernate.orm.core                   : HHH000489: No JTA platform available (set 'hibernate.transaction.jta.platform' to enable JTA platform integration)
2026-03-08T10:45:19.355+07:00  WARN 7852 --- [ielts] [restartedMain] JpaBaseConfiguration$JpaWebConfiguration : spring.jpa.open-in-view is enabled by default. Therefore, database queries may be performed during view rendering. Explicitly configure spring.jpa.open-in-view to disable this warning
2026-03-08T10:45:19.557+07:00  INFO 7852 --- [ielts] [restartedMain] com.ddhva.ielts.IeltsApplication         : Started IeltsApplication in 0.666 seconds (process running for 691.088)
2026-03-08T10:45:29.146+07:00  INFO 7852 --- [ielts] [Thread-16] com.zaxxer.hikari.HikariDataSource       : HikariPool-5 - Shutdown initiated...
2026-03-08T10:45:29.149+07:00  INFO 7852 --- [ielts] [Thread-16] com.zaxxer.hikari.HikariDataSource       : HikariPool-5 - Shutdown completed.
2026-03-08T10:45:29.217+07:00  INFO 7852 --- [ielts] [restartedMain] com.ddhva.ielts.IeltsApplication         : Starting IeltsApplication using Java 22.0.2 with PID 7852 (D:\DDHVA\Backend\ielts\target\classes started by Admin in D:\DDHVA\Backend\ielts)
2026-03-08T10:45:29.217+07:00 DEBUG 7852 --- [ielts] [restartedMain] com.ddhva.ielts.IeltsApplication         : Running with Spring Boot v4.0.2, Spring v7.0.3
2026-03-08T10:45:29.217+07:00  INFO 7852 --- [ielts] [restartedMain] com.ddhva.ielts.IeltsApplication         : No active profile set, falling back to 1 default profile: "default"
2026-03-08T10:45:29.581+07:00  INFO 7852 --- [ielts] [restartedMain] o.apache.catalina.core.StandardService   : Starting service [Tomcat]
2026-03-08T10:45:29.582+07:00  INFO 7852 --- [ielts] [restartedMain] o.apache.catalina.core.StandardEngine    : Starting Servlet engine: [Apache Tomcat/11.0.15]
2026-03-08T10:45:29.622+07:00 DEBUG 7852 --- [ielts] [restartedMain] com.ddhva.ielts.util.JWTFilter           : Filter 'JWTFilter' configured for use
2026-03-08T10:45:29.650+07:00  INFO 7852 --- [ielts] [restartedMain] org.hibernate.orm.jpa                    : HHH008540: Processing PersistenceUnitInfo [name: default]
2026-03-08T10:45:29.670+07:00  INFO 7852 --- [ielts] [restartedMain] com.zaxxer.hikari.HikariDataSource       : HikariPool-6 - Starting...
2026-03-08T10:45:29.680+07:00  INFO 7852 --- [ielts] [restartedMain] com.zaxxer.hikari.pool.HikariPool        : HikariPool-6 - Added connection com.mysql.cj.jdbc.ConnectionImpl@6e24179b
2026-03-08T10:45:29.680+07:00  INFO 7852 --- [ielts] [restartedMain] com.zaxxer.hikari.HikariDataSource       : HikariPool-6 - Start completed.
2026-03-08T10:45:29.681+07:00  WARN 7852 --- [ielts] [restartedMain] org.hibernate.orm.deprecation            : HHH90000025: MySQLDialect does not need to be specified explicitly using 'hibernate.dialect' (remove the property setting and it will be selected by default)
2026-03-08T10:45:29.681+07:00  INFO 7852 --- [ielts] [restartedMain] org.hibernate.orm.connections.pooling    : HHH10001005: Database info:
	Database JDBC URL [jdbc:mysql://localhost:3306/db_ielts]
	Database driver: MySQL Connector/J
	Database dialect: MySQLDialect
	Database version: 8.0.37
	Default catalog/schema: db_ielts/undefined
	Autocommit mode: undefined/unknown
	Isolation level: REPEATABLE_READ [default REPEATABLE_READ]
	JDBC fetch size: none
	Pool: DataSourceConnectionProvider
	Minimum pool size: undefined/unknown
	Maximum pool size: undefined/unknown
2026-03-08T10:45:29.859+07:00  INFO 7852 --- [ielts] [restartedMain] org.hibernate.orm.core                   : HHH000489: No JTA platform available (set 'hibernate.transaction.jta.platform' to enable JTA platform integration)
2026-03-08T10:45:29.958+07:00  WARN 7852 --- [ielts] [restartedMain] ConfigServletWebServerApplicationContext : Exception encountered during context initialization - cancelling refresh attempt: org.springframework.beans.factory.UnsatisfiedDependencyException: Error creating bean with name 'vocabularyController' defined in file [D:\DDHVA\Backend\ielts\target\classes\com\ddhva\ielts\controller\VocabularyController.class]: Unsatisfied dependency expressed through constructor parameter 0: Error creating bean with name 'vocabularyServiceImpl': Lookup method resolution failed
2026-03-08T10:45:29.958+07:00  INFO 7852 --- [ielts] [restartedMain] com.zaxxer.hikari.HikariDataSource       : HikariPool-6 - Shutdown initiated...
2026-03-08T10:45:29.978+07:00  INFO 7852 --- [ielts] [restartedMain] com.zaxxer.hikari.HikariDataSource       : HikariPool-6 - Shutdown completed.
2026-03-08T10:45:29.979+07:00  INFO 7852 --- [ielts] [restartedMain] o.apache.catalina.core.StandardService   : Stopping service [Tomcat]
2026-03-08T10:45:29.984+07:00 ERROR 7852 --- [ielts] [restartedMain] o.s.boot.SpringApplication               : Application run failed

org.springframework.beans.factory.UnsatisfiedDependencyException: Error creating bean with name 'vocabularyController' defined in file [D:\DDHVA\Backend\ielts\target\classes\com\ddhva\ielts\controller\VocabularyController.class]: Unsatisfied dependency expressed through constructor parameter 0: Error creating bean with name 'vocabularyServiceImpl': Lookup method resolution failed
	at org.springframework.beans.factory.support.ConstructorResolver.createArgumentArray(ConstructorResolver.java:804) ~[spring-beans-7.0.3.jar:7.0.3]
	at org.springframework.beans.factory.support.ConstructorResolver.autowireConstructor(ConstructorResolver.java:240) ~[spring-beans-7.0.3.jar:7.0.3]
	at org.springframework.beans.factory.support.AbstractAutowireCapableBeanFactory.autowireConstructor(AbstractAutowireCapableBeanFactory.java:1382) ~[spring-beans-7.0.3.jar:7.0.3]
	at org.springframework.beans.factory.support.AbstractAutowireCapableBeanFactory.createBeanInstance(AbstractAutowireCapableBeanFactory.java:1221) ~[spring-beans-7.0.3.jar:7.0.3]
	at org.springframework.beans.factory.support.AbstractAutowireCapableBeanFactory.doCreateBean(AbstractAutowireCapableBeanFactory.java:565) ~[spring-beans-7.0.3.jar:7.0.3]
	at org.springframework.beans.factory.support.AbstractAutowireCapableBeanFactory.createBean(AbstractAutowireCapableBeanFactory.java:525) ~[spring-beans-7.0.3.jar:7.0.3]
	at org.springframework.beans.factory.support.AbstractBeanFactory.lambda$doGetBean$0(AbstractBeanFactory.java:333) ~[spring-beans-7.0.3.jar:7.0.3]
	at org.springframework.beans.factory.support.DefaultSingletonBeanRegistry.getSingleton(DefaultSingletonBeanRegistry.java:371) ~[spring-beans-7.0.3.jar:7.0.3]
	at org.springframework.beans.factory.support.AbstractBeanFactory.doGetBean(AbstractBeanFactory.java:331) ~[spring-beans-7.0.3.jar:7.0.3]
	at org.springframework.beans.factory.support.AbstractBeanFactory.getBean(AbstractBeanFactory.java:196) ~[spring-beans-7.0.3.jar:7.0.3]
	at org.springframework.beans.factory.support.DefaultListableBeanFactory.instantiateSingleton(DefaultListableBeanFactory.java:1218) ~[spring-beans-7.0.3.jar:7.0.3]
	at org.springframework.beans.factory.support.DefaultListableBeanFactory.preInstantiateSingleton(DefaultListableBeanFactory.java:1184) ~[spring-beans-7.0.3.jar:7.0.3]
	at org.springframework.beans.factory.support.DefaultListableBeanFactory.preInstantiateSingletons(DefaultListableBeanFactory.java:1121) ~[spring-beans-7.0.3.jar:7.0.3]
	at org.springframework.context.support.AbstractApplicationContext.finishBeanFactoryInitialization(AbstractApplicationContext.java:993) ~[spring-context-7.0.3.jar:7.0.3]
	at org.springframework.context.support.AbstractApplicationContext.refresh(AbstractApplicationContext.java:620) ~[spring-context-7.0.3.jar:7.0.3]
	at org.springframework.boot.web.server.servlet.context.ServletWebServerApplicationContext.refresh(ServletWebServerApplicationContext.java:143) ~[spring-boot-web-server-4.0.2.jar:4.0.2]
	at org.springframework.boot.SpringApplication.refresh(SpringApplication.java:756) ~[spring-boot-4.0.2.jar:4.0.2]
	at org.springframework.boot.SpringApplication.refreshContext(SpringApplication.java:445) ~[spring-boot-4.0.2.jar:4.0.2]
	at org.springframework.boot.SpringApplication.run(SpringApplication.java:321) ~[spring-boot-4.0.2.jar:4.0.2]
	at org.springframework.boot.SpringApplication.run(SpringApplication.java:1365) ~[spring-boot-4.0.2.jar:4.0.2]
	at org.springframework.boot.SpringApplication.run(SpringApplication.java:1354) ~[spring-boot-4.0.2.jar:4.0.2]
	at com.ddhva.ielts.IeltsApplication.main(IeltsApplication.java:16) ~[classes/:na]
	at java.base/jdk.internal.reflect.DirectMethodHandleAccessor.invoke(DirectMethodHandleAccessor.java:103) ~[na:na]
	at java.base/java.lang.reflect.Method.invoke(Method.java:580) ~[na:na]
	at org.springframework.boot.devtools.restart.RestartLauncher.run(RestartLauncher.java:52) ~[spring-boot-devtools-4.0.2.jar:4.0.2]
Caused by: org.springframework.beans.factory.BeanCreationException: Error creating bean with name 'vocabularyServiceImpl': Lookup method resolution failed
	at org.springframework.beans.factory.annotation.AutowiredAnnotationBeanPostProcessor.checkLookupMethods(AutowiredAnnotationBeanPostProcessor.java:481) ~[spring-beans-7.0.3.jar:7.0.3]
	at org.springframework.beans.factory.annotation.AutowiredAnnotationBeanPostProcessor.determineCandidateConstructors(AutowiredAnnotationBeanPostProcessor.java:351) ~[spring-beans-7.0.3.jar:7.0.3]
	at org.springframework.beans.factory.support.AbstractAutowireCapableBeanFactory.determineConstructorsFromBeanPostProcessors(AbstractAutowireCapableBeanFactory.java:1321) ~[spring-beans-7.0.3.jar:7.0.3]
	at org.springframework.beans.factory.support.AbstractAutowireCapableBeanFactory.createBeanInstance(AbstractAutowireCapableBeanFactory.java:1218) ~[spring-beans-7.0.3.jar:7.0.3]
	at org.springframework.beans.factory.support.AbstractAutowireCapableBeanFactory.doCreateBean(AbstractAutowireCapableBeanFactory.java:565) ~[spring-beans-7.0.3.jar:7.0.3]
	at org.springframework.beans.factory.support.AbstractAutowireCapableBeanFactory.createBean(AbstractAutowireCapableBeanFactory.java:525) ~[spring-beans-7.0.3.jar:7.0.3]
	at org.springframework.beans.factory.support.AbstractBeanFactory.lambda$doGetBean$0(AbstractBeanFactory.java:333) ~[spring-beans-7.0.3.jar:7.0.3]
	at org.springframework.beans.factory.support.DefaultSingletonBeanRegistry.getSingleton(DefaultSingletonBeanRegistry.java:371) ~[spring-beans-7.0.3.jar:7.0.3]
	at org.springframework.beans.factory.support.AbstractBeanFactory.doGetBean(AbstractBeanFactory.java:331) ~[spring-beans-7.0.3.jar:7.0.3]
	at org.springframework.beans.factory.support.AbstractBeanFactory.getBean(AbstractBeanFactory.java:201) ~[spring-beans-7.0.3.jar:7.0.3]
	at org.springframework.beans.factory.config.DependencyDescriptor.resolveCandidate(DependencyDescriptor.java:229) ~[spring-beans-7.0.3.jar:7.0.3]
	at org.springframework.beans.factory.support.DefaultListableBeanFactory.doResolveDependency(DefaultListableBeanFactory.java:1762) ~[spring-beans-7.0.3.jar:7.0.3]
	at org.springframework.beans.factory.support.DefaultListableBeanFactory.resolveDependency(DefaultListableBeanFactory.java:1651) ~[spring-beans-7.0.3.jar:7.0.3]
	at org.springframework.beans.factory.support.ConstructorResolver.resolveAutowiredArgument(ConstructorResolver.java:912) ~[spring-beans-7.0.3.jar:7.0.3]
	at org.springframework.beans.factory.support.ConstructorResolver.createArgumentArray(ConstructorResolver.java:791) ~[spring-beans-7.0.3.jar:7.0.3]
	... 24 common frames omitted
Caused by: java.lang.IllegalStateException: Failed to introspect Class [com.ddhva.ielts.service.impl.VocabularyServiceImpl] from ClassLoader [org.springframework.boot.devtools.restart.classloader.RestartClassLoader@6b7cd4b4]
	at org.springframework.util.ReflectionUtils.getDeclaredMethods(ReflectionUtils.java:483) ~[spring-core-7.0.3.jar:7.0.3]
	at org.springframework.util.ReflectionUtils.doWithLocalMethods(ReflectionUtils.java:320) ~[spring-core-7.0.3.jar:7.0.3]
	at org.springframework.beans.factory.annotation.AutowiredAnnotationBeanPostProcessor.checkLookupMethods(AutowiredAnnotationBeanPostProcessor.java:459) ~[spring-beans-7.0.3.jar:7.0.3]
	... 38 common frames omitted
Caused by: java.lang.NoClassDefFoundError: com/ddhva/ielts/dto/vocabulary/res/VocabularyResponse
	at java.base/java.lang.Class.getDeclaredMethods0(Native Method) ~[na:na]
	at java.base/java.lang.Class.privateGetDeclaredMethods(Class.java:3601) ~[na:na]
	at java.base/java.lang.Class.getDeclaredMethods(Class.java:2686) ~[na:na]
	at org.springframework.util.ReflectionUtils.getDeclaredMethods(ReflectionUtils.java:465) ~[spring-core-7.0.3.jar:7.0.3]
	... 40 common frames omitted
Caused by: java.lang.ClassNotFoundException: com.ddhva.ielts.dto.vocabulary.res.VocabularyResponse
	at java.base/jdk.internal.loader.BuiltinClassLoader.loadClass(BuiltinClassLoader.java:641) ~[na:na]
	at java.base/jdk.internal.loader.ClassLoaders$AppClassLoader.loadClass(ClassLoaders.java:188) ~[na:na]
	at java.base/java.lang.ClassLoader.loadClass(ClassLoader.java:525) ~[na:na]
	at java.base/java.lang.Class.forName0(Native Method) ~[na:na]
	at java.base/java.lang.Class.forName(Class.java:529) ~[na:na]
	at java.base/java.lang.Class.forName(Class.java:508) ~[na:na]
	at org.springframework.boot.devtools.restart.classloader.RestartClassLoader.loadClass(RestartClassLoader.java:123) ~[spring-boot-devtools-4.0.2.jar:4.0.2]
	at java.base/java.lang.ClassLoader.loadClass(ClassLoader.java:525) ~[na:na]
	... 44 common frames omitted

2026-03-08T10:45:31.437+07:00  INFO 7852 --- [ielts] [restartedMain] com.ddhva.ielts.IeltsApplication         : Starting IeltsApplication using Java 22.0.2 with PID 7852 (D:\DDHVA\Backend\ielts\target\classes started by Admin in D:\DDHVA\Backend\ielts)
2026-03-08T10:45:31.437+07:00 DEBUG 7852 --- [ielts] [restartedMain] com.ddhva.ielts.IeltsApplication         : Running with Spring Boot v4.0.2, Spring v7.0.3
2026-03-08T10:45:31.438+07:00  INFO 7852 --- [ielts] [restartedMain] com.ddhva.ielts.IeltsApplication         : No active profile set, falling back to 1 default profile: "default"
2026-03-08T10:45:31.774+07:00  INFO 7852 --- [ielts] [restartedMain] o.apache.catalina.core.StandardService   : Starting service [Tomcat]
2026-03-08T10:45:31.775+07:00  INFO 7852 --- [ielts] [restartedMain] o.apache.catalina.core.StandardEngine    : Starting Servlet engine: [Apache Tomcat/11.0.15]
2026-03-08T10:45:31.818+07:00 DEBUG 7852 --- [ielts] [restartedMain] com.ddhva.ielts.util.JWTFilter           : Filter 'JWTFilter' configured for use
2026-03-08T10:45:31.840+07:00  INFO 7852 --- [ielts] [restartedMain] org.hibernate.orm.jpa                    : HHH008540: Processing PersistenceUnitInfo [name: default]
2026-03-08T10:45:31.858+07:00  INFO 7852 --- [ielts] [restartedMain] com.zaxxer.hikari.HikariDataSource       : HikariPool-7 - Starting...
2026-03-08T10:45:31.868+07:00  INFO 7852 --- [ielts] [restartedMain] com.zaxxer.hikari.pool.HikariPool        : HikariPool-7 - Added connection com.mysql.cj.jdbc.ConnectionImpl@4e2873f4
2026-03-08T10:45:31.869+07:00  INFO 7852 --- [ielts] [restartedMain] com.zaxxer.hikari.HikariDataSource       : HikariPool-7 - Start completed.
2026-03-08T10:45:31.869+07:00  WARN 7852 --- [ielts] [restartedMain] org.hibernate.orm.deprecation            : HHH90000025: MySQLDialect does not need to be specified explicitly using 'hibernate.dialect' (remove the property setting and it will be selected by default)
2026-03-08T10:45:31.870+07:00  INFO 7852 --- [ielts] [restartedMain] org.hibernate.orm.connections.pooling    : HHH10001005: Database info:
	Database JDBC URL [jdbc:mysql://localhost:3306/db_ielts]
	Database driver: MySQL Connector/J
	Database dialect: MySQLDialect
	Database version: 8.0.37
	Default catalog/schema: db_ielts/undefined
	Autocommit mode: undefined/unknown
	Isolation level: REPEATABLE_READ [default REPEATABLE_READ]
	JDBC fetch size: none
	Pool: DataSourceConnectionProvider
	Minimum pool size: undefined/unknown
	Maximum pool size: undefined/unknown
2026-03-08T10:45:32.035+07:00  INFO 7852 --- [ielts] [restartedMain] org.hibernate.orm.core                   : HHH000489: No JTA platform available (set 'hibernate.transaction.jta.platform' to enable JTA platform integration)
2026-03-08T10:45:32.144+07:00  WARN 7852 --- [ielts] [restartedMain] JpaBaseConfiguration$JpaWebConfiguration : spring.jpa.open-in-view is enabled by default. Therefore, database queries may be performed during view rendering. Explicitly configure spring.jpa.open-in-view to disable this warning
2026-03-08T10:45:32.482+07:00  INFO 7852 --- [ielts] [restartedMain] com.ddhva.ielts.IeltsApplication         : Started IeltsApplication in 1.064 seconds (process running for 704.013)
2026-03-08T10:52:46.798+07:00  INFO 7852 --- [ielts] [Thread-20] com.zaxxer.hikari.HikariDataSource       : HikariPool-7 - Shutdown initiated...
2026-03-08T10:52:46.800+07:00  INFO 7852 --- [ielts] [Thread-20] com.zaxxer.hikari.HikariDataSource       : HikariPool-7 - Shutdown completed.
2026-03-08T10:52:46.878+07:00  INFO 7852 --- [ielts] [restartedMain] com.ddhva.ielts.IeltsApplication         : Starting IeltsApplication using Java 22.0.2 with PID 7852 (D:\DDHVA\Backend\ielts\target\classes started by Admin in D:\DDHVA\Backend\ielts)
2026-03-08T10:52:46.879+07:00 DEBUG 7852 --- [ielts] [restartedMain] com.ddhva.ielts.IeltsApplication         : Running with Spring Boot v4.0.2, Spring v7.0.3
2026-03-08T10:52:46.879+07:00  INFO 7852 --- [ielts] [restartedMain] com.ddhva.ielts.IeltsApplication         : No active profile set, falling back to 1 default profile: "default"
2026-03-08T10:52:47.265+07:00  INFO 7852 --- [ielts] [restartedMain] o.apache.catalina.core.StandardService   : Starting service [Tomcat]
2026-03-08T10:52:47.265+07:00  INFO 7852 --- [ielts] [restartedMain] o.apache.catalina.core.StandardEngine    : Starting Servlet engine: [Apache Tomcat/11.0.15]
2026-03-08T10:52:47.310+07:00 DEBUG 7852 --- [ielts] [restartedMain] com.ddhva.ielts.util.JWTFilter           : Filter 'JWTFilter' configured for use
2026-03-08T10:52:47.342+07:00  INFO 7852 --- [ielts] [restartedMain] org.hibernate.orm.jpa                    : HHH008540: Processing PersistenceUnitInfo [name: default]
2026-03-08T10:52:47.371+07:00  INFO 7852 --- [ielts] [restartedMain] com.zaxxer.hikari.HikariDataSource       : HikariPool-8 - Starting...
2026-03-08T10:52:47.387+07:00  INFO 7852 --- [ielts] [restartedMain] com.zaxxer.hikari.pool.HikariPool        : HikariPool-8 - Added connection com.mysql.cj.jdbc.ConnectionImpl@2a8fa23d
2026-03-08T10:52:47.387+07:00  INFO 7852 --- [ielts] [restartedMain] com.zaxxer.hikari.HikariDataSource       : HikariPool-8 - Start completed.
2026-03-08T10:52:47.388+07:00  WARN 7852 --- [ielts] [restartedMain] org.hibernate.orm.deprecation            : HHH90000025: MySQLDialect does not need to be specified explicitly using 'hibernate.dialect' (remove the property setting and it will be selected by default)
2026-03-08T10:52:47.389+07:00  INFO 7852 --- [ielts] [restartedMain] org.hibernate.orm.connections.pooling    : HHH10001005: Database info:
	Database JDBC URL [jdbc:mysql://localhost:3306/db_ielts]
	Database driver: MySQL Connector/J
	Database dialect: MySQLDialect
	Database version: 8.0.37
	Default catalog/schema: db_ielts/undefined
	Autocommit mode: undefined/unknown
	Isolation level: REPEATABLE_READ [default REPEATABLE_READ]
	JDBC fetch size: none
	Pool: DataSourceConnectionProvider
	Minimum pool size: undefined/unknown
	Maximum pool size: undefined/unknown
2026-03-08T10:52:47.565+07:00  INFO 7852 --- [ielts] [restartedMain] org.hibernate.orm.core                   : HHH000489: No JTA platform available (set 'hibernate.transaction.jta.platform' to enable JTA platform integration)
2026-03-08T10:52:47.651+07:00  WARN 7852 --- [ielts] [restartedMain] ConfigServletWebServerApplicationContext : Exception encountered during context initialization - cancelling refresh attempt: org.springframework.beans.factory.BeanCreationException: Error creating bean with name 'vocabularyController': Lookup method resolution failed
2026-03-08T10:52:47.652+07:00  INFO 7852 --- [ielts] [restartedMain] com.zaxxer.hikari.HikariDataSource       : HikariPool-8 - Shutdown initiated...
2026-03-08T10:52:47.692+07:00  INFO 7852 --- [ielts] [restartedMain] com.zaxxer.hikari.HikariDataSource       : HikariPool-8 - Shutdown completed.
2026-03-08T10:52:47.692+07:00  INFO 7852 --- [ielts] [restartedMain] o.apache.catalina.core.StandardService   : Stopping service [Tomcat]
2026-03-08T10:52:47.696+07:00 ERROR 7852 --- [ielts] [restartedMain] o.s.boot.SpringApplication               : Application run failed

org.springframework.beans.factory.BeanCreationException: Error creating bean with name 'vocabularyController': Lookup method resolution failed
	at org.springframework.beans.factory.annotation.AutowiredAnnotationBeanPostProcessor.checkLookupMethods(AutowiredAnnotationBeanPostProcessor.java:481) ~[spring-beans-7.0.3.jar:7.0.3]
	at org.springframework.beans.factory.annotation.AutowiredAnnotationBeanPostProcessor.determineCandidateConstructors(AutowiredAnnotationBeanPostProcessor.java:351) ~[spring-beans-7.0.3.jar:7.0.3]
	at org.springframework.beans.factory.support.AbstractAutowireCapableBeanFactory.determineConstructorsFromBeanPostProcessors(AbstractAutowireCapableBeanFactory.java:1321) ~[spring-beans-7.0.3.jar:7.0.3]
	at org.springframework.beans.factory.support.AbstractAutowireCapableBeanFactory.createBeanInstance(AbstractAutowireCapableBeanFactory.java:1218) ~[spring-beans-7.0.3.jar:7.0.3]
	at org.springframework.beans.factory.support.AbstractAutowireCapableBeanFactory.doCreateBean(AbstractAutowireCapableBeanFactory.java:565) ~[spring-beans-7.0.3.jar:7.0.3]
	at org.springframework.beans.factory.support.AbstractAutowireCapableBeanFactory.createBean(AbstractAutowireCapableBeanFactory.java:525) ~[spring-beans-7.0.3.jar:7.0.3]
	at org.springframework.beans.factory.support.AbstractBeanFactory.lambda$doGetBean$0(AbstractBeanFactory.java:333) ~[spring-beans-7.0.3.jar:7.0.3]
	at org.springframework.beans.factory.support.DefaultSingletonBeanRegistry.getSingleton(DefaultSingletonBeanRegistry.java:371) ~[spring-beans-7.0.3.jar:7.0.3]
	at org.springframework.beans.factory.support.AbstractBeanFactory.doGetBean(AbstractBeanFactory.java:331) ~[spring-beans-7.0.3.jar:7.0.3]
	at org.springframework.beans.factory.support.AbstractBeanFactory.getBean(AbstractBeanFactory.java:196) ~[spring-beans-7.0.3.jar:7.0.3]
	at org.springframework.beans.factory.support.DefaultListableBeanFactory.instantiateSingleton(DefaultListableBeanFactory.java:1218) ~[spring-beans-7.0.3.jar:7.0.3]
	at org.springframework.beans.factory.support.DefaultListableBeanFactory.preInstantiateSingleton(DefaultListableBeanFactory.java:1184) ~[spring-beans-7.0.3.jar:7.0.3]
	at org.springframework.beans.factory.support.DefaultListableBeanFactory.preInstantiateSingletons(DefaultListableBeanFactory.java:1121) ~[spring-beans-7.0.3.jar:7.0.3]
	at org.springframework.context.support.AbstractApplicationContext.finishBeanFactoryInitialization(AbstractApplicationContext.java:993) ~[spring-context-7.0.3.jar:7.0.3]
	at org.springframework.context.support.AbstractApplicationContext.refresh(AbstractApplicationContext.java:620) ~[spring-context-7.0.3.jar:7.0.3]
	at org.springframework.boot.web.server.servlet.context.ServletWebServerApplicationContext.refresh(ServletWebServerApplicationContext.java:143) ~[spring-boot-web-server-4.0.2.jar:4.0.2]
	at org.springframework.boot.SpringApplication.refresh(SpringApplication.java:756) ~[spring-boot-4.0.2.jar:4.0.2]
	at org.springframework.boot.SpringApplication.refreshContext(SpringApplication.java:445) ~[spring-boot-4.0.2.jar:4.0.2]
	at org.springframework.boot.SpringApplication.run(SpringApplication.java:321) ~[spring-boot-4.0.2.jar:4.0.2]
	at org.springframework.boot.SpringApplication.run(SpringApplication.java:1365) ~[spring-boot-4.0.2.jar:4.0.2]
	at org.springframework.boot.SpringApplication.run(SpringApplication.java:1354) ~[spring-boot-4.0.2.jar:4.0.2]
	at com.ddhva.ielts.IeltsApplication.main(IeltsApplication.java:16) ~[classes/:na]
	at java.base/jdk.internal.reflect.DirectMethodHandleAccessor.invoke(DirectMethodHandleAccessor.java:103) ~[na:na]
	at java.base/java.lang.reflect.Method.invoke(Method.java:580) ~[na:na]
	at org.springframework.boot.devtools.restart.RestartLauncher.run(RestartLauncher.java:52) ~[spring-boot-devtools-4.0.2.jar:4.0.2]
Caused by: java.lang.IllegalStateException: Failed to introspect Class [com.ddhva.ielts.controller.VocabularyController] from ClassLoader [org.springframework.boot.devtools.restart.classloader.RestartClassLoader@5640f773]
	at org.springframework.util.ReflectionUtils.getDeclaredMethods(ReflectionUtils.java:483) ~[spring-core-7.0.3.jar:7.0.3]
	at org.springframework.util.ReflectionUtils.doWithLocalMethods(ReflectionUtils.java:320) ~[spring-core-7.0.3.jar:7.0.3]
	at org.springframework.beans.factory.annotation.AutowiredAnnotationBeanPostProcessor.checkLookupMethods(AutowiredAnnotationBeanPostProcessor.java:459) ~[spring-beans-7.0.3.jar:7.0.3]
	... 24 common frames omitted
Caused by: java.lang.NoClassDefFoundError: com/ddhva/ielts/dto/vocabulary/req/VocabularyRequest
	at java.base/java.lang.Class.getDeclaredMethods0(Native Method) ~[na:na]
	at java.base/java.lang.Class.privateGetDeclaredMethods(Class.java:3601) ~[na:na]
	at java.base/java.lang.Class.getDeclaredMethods(Class.java:2686) ~[na:na]
	at org.springframework.util.ReflectionUtils.getDeclaredMethods(ReflectionUtils.java:465) ~[spring-core-7.0.3.jar:7.0.3]
	... 26 common frames omitted
Caused by: java.lang.ClassNotFoundException: com.ddhva.ielts.dto.vocabulary.req.VocabularyRequest
	at java.base/jdk.internal.loader.BuiltinClassLoader.loadClass(BuiltinClassLoader.java:641) ~[na:na]
	at java.base/jdk.internal.loader.ClassLoaders$AppClassLoader.loadClass(ClassLoaders.java:188) ~[na:na]
	at java.base/java.lang.ClassLoader.loadClass(ClassLoader.java:525) ~[na:na]
	at java.base/java.lang.Class.forName0(Native Method) ~[na:na]
	at java.base/java.lang.Class.forName(Class.java:529) ~[na:na]
	at java.base/java.lang.Class.forName(Class.java:508) ~[na:na]
	at org.springframework.boot.devtools.restart.classloader.RestartClassLoader.loadClass(RestartClassLoader.java:123) ~[spring-boot-devtools-4.0.2.jar:4.0.2]
	at java.base/java.lang.ClassLoader.loadClass(ClassLoader.java:525) ~[na:na]
	... 30 common frames omitted

2026-03-08T10:52:49.135+07:00  INFO 7852 --- [ielts] [restartedMain] com.ddhva.ielts.IeltsApplication         : Starting IeltsApplication using Java 22.0.2 with PID 7852 (D:\DDHVA\Backend\ielts\target\classes started by Admin in D:\DDHVA\Backend\ielts)
2026-03-08T10:52:49.136+07:00 DEBUG 7852 --- [ielts] [restartedMain] com.ddhva.ielts.IeltsApplication         : Running with Spring Boot v4.0.2, Spring v7.0.3
2026-03-08T10:52:49.136+07:00  INFO 7852 --- [ielts] [restartedMain] com.ddhva.ielts.IeltsApplication         : No active profile set, falling back to 1 default profile: "default"
2026-03-08T10:52:49.442+07:00  INFO 7852 --- [ielts] [restartedMain] o.apache.catalina.core.StandardService   : Starting service [Tomcat]
2026-03-08T10:52:49.442+07:00  INFO 7852 --- [ielts] [restartedMain] o.apache.catalina.core.StandardEngine    : Starting Servlet engine: [Apache Tomcat/11.0.15]
2026-03-08T10:52:49.499+07:00 DEBUG 7852 --- [ielts] [restartedMain] com.ddhva.ielts.util.JWTFilter           : Filter 'JWTFilter' configured for use
2026-03-08T10:52:49.527+07:00  INFO 7852 --- [ielts] [restartedMain] org.hibernate.orm.jpa                    : HHH008540: Processing PersistenceUnitInfo [name: default]
2026-03-08T10:52:49.554+07:00  INFO 7852 --- [ielts] [restartedMain] com.zaxxer.hikari.HikariDataSource       : HikariPool-9 - Starting...
2026-03-08T10:52:49.565+07:00  INFO 7852 --- [ielts] [restartedMain] com.zaxxer.hikari.pool.HikariPool        : HikariPool-9 - Added connection com.mysql.cj.jdbc.ConnectionImpl@35622b06
2026-03-08T10:52:49.565+07:00  INFO 7852 --- [ielts] [restartedMain] com.zaxxer.hikari.HikariDataSource       : HikariPool-9 - Start completed.
2026-03-08T10:52:49.566+07:00  WARN 7852 --- [ielts] [restartedMain] org.hibernate.orm.deprecation            : HHH90000025: MySQLDialect does not need to be specified explicitly using 'hibernate.dialect' (remove the property setting and it will be selected by default)
2026-03-08T10:52:49.566+07:00  INFO 7852 --- [ielts] [restartedMain] org.hibernate.orm.connections.pooling    : HHH10001005: Database info:
	Database JDBC URL [jdbc:mysql://localhost:3306/db_ielts]
	Database driver: MySQL Connector/J
	Database dialect: MySQLDialect
	Database version: 8.0.37
	Default catalog/schema: db_ielts/undefined
	Autocommit mode: undefined/unknown
	Isolation level: REPEATABLE_READ [default REPEATABLE_READ]
	JDBC fetch size: none
	Pool: DataSourceConnectionProvider
	Minimum pool size: undefined/unknown
	Maximum pool size: undefined/unknown
2026-03-08T10:52:49.720+07:00  INFO 7852 --- [ielts] [restartedMain] org.hibernate.orm.core                   : HHH000489: No JTA platform available (set 'hibernate.transaction.jta.platform' to enable JTA platform integration)
2026-03-08T10:52:49.819+07:00  WARN 7852 --- [ielts] [restartedMain] ConfigServletWebServerApplicationContext : Exception encountered during context initialization - cancelling refresh attempt: org.springframework.beans.factory.UnsatisfiedDependencyException: Error creating bean with name 'vocabularyController' defined in file [D:\DDHVA\Backend\ielts\target\classes\com\ddhva\ielts\controller\VocabularyController.class]: Unsatisfied dependency expressed through constructor parameter 0: No qualifying bean of type 'com.ddhva.ielts.service.VocabularyService' available: expected at least 1 bean which qualifies as autowire candidate. Dependency annotations: {}
2026-03-08T10:52:49.820+07:00  INFO 7852 --- [ielts] [restartedMain] com.zaxxer.hikari.HikariDataSource       : HikariPool-9 - Shutdown initiated...
2026-03-08T10:52:49.864+07:00  INFO 7852 --- [ielts] [restartedMain] com.zaxxer.hikari.HikariDataSource       : HikariPool-9 - Shutdown completed.
2026-03-08T10:52:49.865+07:00  INFO 7852 --- [ielts] [restartedMain] o.apache.catalina.core.StandardService   : Stopping service [Tomcat]
2026-03-08T10:52:49.878+07:00 ERROR 7852 --- [ielts] [restartedMain] o.s.b.d.LoggingFailureAnalysisReporter   : 

***************************
APPLICATION FAILED TO START
***************************

Description:

Parameter 0 of constructor in com.ddhva.ielts.controller.VocabularyController required a bean of type 'com.ddhva.ielts.service.VocabularyService' that could not be found.


Action:

Consider defining a bean of type 'com.ddhva.ielts.service.VocabularyService' in your configuration.

2026-03-08T10:52:51.322+07:00  INFO 7852 --- [ielts] [restartedMain] com.ddhva.ielts.IeltsApplication         : Starting IeltsApplication using Java 22.0.2 with PID 7852 (D:\DDHVA\Backend\ielts\target\classes started by Admin in D:\DDHVA\Backend\ielts)
2026-03-08T10:52:51.322+07:00 DEBUG 7852 --- [ielts] [restartedMain] com.ddhva.ielts.IeltsApplication         : Running with Spring Boot v4.0.2, Spring v7.0.3
2026-03-08T10:52:51.322+07:00  INFO 7852 --- [ielts] [restartedMain] com.ddhva.ielts.IeltsApplication         : No active profile set, falling back to 1 default profile: "default"
2026-03-08T10:52:51.771+07:00  INFO 7852 --- [ielts] [restartedMain] o.apache.catalina.core.StandardService   : Starting service [Tomcat]
2026-03-08T10:52:51.771+07:00  INFO 7852 --- [ielts] [restartedMain] o.apache.catalina.core.StandardEngine    : Starting Servlet engine: [Apache Tomcat/11.0.15]
2026-03-08T10:52:51.825+07:00 DEBUG 7852 --- [ielts] [restartedMain] com.ddhva.ielts.util.JWTFilter           : Filter 'JWTFilter' configured for use
2026-03-08T10:52:51.874+07:00  INFO 7852 --- [ielts] [restartedMain] org.hibernate.orm.jpa                    : HHH008540: Processing PersistenceUnitInfo [name: default]
2026-03-08T10:52:51.890+07:00  INFO 7852 --- [ielts] [restartedMain] com.zaxxer.hikari.HikariDataSource       : HikariPool-10 - Starting...
2026-03-08T10:52:51.901+07:00  INFO 7852 --- [ielts] [restartedMain] com.zaxxer.hikari.pool.HikariPool        : HikariPool-10 - Added connection com.mysql.cj.jdbc.ConnectionImpl@3959b70a
2026-03-08T10:52:51.901+07:00  INFO 7852 --- [ielts] [restartedMain] com.zaxxer.hikari.HikariDataSource       : HikariPool-10 - Start completed.
2026-03-08T10:52:51.902+07:00  WARN 7852 --- [ielts] [restartedMain] org.hibernate.orm.deprecation            : HHH90000025: MySQLDialect does not need to be specified explicitly using 'hibernate.dialect' (remove the property setting and it will be selected by default)
2026-03-08T10:52:51.903+07:00  INFO 7852 --- [ielts] [restartedMain] org.hibernate.orm.connections.pooling    : HHH10001005: Database info:
	Database JDBC URL [jdbc:mysql://localhost:3306/db_ielts]
	Database driver: MySQL Connector/J
	Database dialect: MySQLDialect
	Database version: 8.0.37
	Default catalog/schema: db_ielts/undefined
	Autocommit mode: undefined/unknown
	Isolation level: REPEATABLE_READ [default REPEATABLE_READ]
	JDBC fetch size: none
	Pool: DataSourceConnectionProvider
	Minimum pool size: undefined/unknown
	Maximum pool size: undefined/unknown
2026-03-08T10:52:52.105+07:00  INFO 7852 --- [ielts] [restartedMain] org.hibernate.orm.core                   : HHH000489: No JTA platform available (set 'hibernate.transaction.jta.platform' to enable JTA platform integration)
2026-03-08T10:52:52.248+07:00  WARN 7852 --- [ielts] [restartedMain] JpaBaseConfiguration$JpaWebConfiguration : spring.jpa.open-in-view is enabled by default. Therefore, database queries may be performed during view rendering. Explicitly configure spring.jpa.open-in-view to disable this warning
2026-03-08T10:52:52.699+07:00  INFO 7852 --- [ielts] [restartedMain] com.ddhva.ielts.IeltsApplication         : Started IeltsApplication in 1.396 seconds (process running for 1144.229)
2026-03-08T10:54:50.888+07:00  INFO 7852 --- [ielts] [SpringApplicationShutdownHook] com.zaxxer.hikari.HikariDataSource       : HikariPool-10 - Shutdown initiated...
2026-03-08T10:54:50.889+07:00  INFO 7852 --- [ielts] [SpringApplicationShutdownHook] com.zaxxer.hikari.HikariDataSource       : HikariPool-10 - Shutdown completed.
